SN,District,Imperial_Circle,Community,Year,Month,Weekday,Hour,Road,Cycle,Car,Pedestrians,Motorcycle,Goods Vehicle,Others,Total,Collision Type,Accident Type,Light Condition,Road Condition,Accident_Severity,Tend_to_Death
924,7,2,703,2016,6,1,23,0,0,1,0,0,0,1,2,2,6,2,3,3,0
925,6,10,611,2016,9,3,8,0,0,1,0,0,1,0,2,2,6,0,3,3,0
926,1,16,137,2016,4,4,9,1,0,1,0,0,0,0,2,2,6,0,3,3,0
927,7,10,711,2016,9,1,21,1,0,1,0,0,1,0,3,3,6,2,3,3,0
928,7,7,708,2016,12,2,12,0,0,1,0,0,0,0,1,3,7,0,3,3,0
929,1,12,130,2016,4,4,16,1,0,1,0,0,0,0,2,2,6,0,3,3,0
930,1,3,107,2016,10,2,12,0,1,1,0,0,0,0,2,5,2,0,3,3,0
931,3,7,319,2016,11,7,14,1,0,1,0,0,0,0,2,0,1,0,3,2,1
932,3,8,320,2016,10,4,5,0,0,0,0,1,0,1,2,2,6,2,3,2,1
933,7,10,711,2016,9,4,16,0,0,1,0,1,0,0,2,3,6,0,3,2,1
934,1,7,119,2016,9,2,17,0,0,1,0,0,1,0,2,3,6,0,3,3,0
935,1,8,121,2016,4,4,5,0,0,1,0,0,0,1,2,5,3,1,3,3,0
936,1,6,117,2016,8,7,14,0,0,1,0,1,0,0,2,3,6,0,3,3,0
937,1,4,111,2016,11,4,13,0,1,1,0,0,0,0,2,5,3,0,3,3,0
938,3,7,319,2016,8,2,6,0,0,1,0,0,0,0,1,2,6,0,3,3,0
939,1,6,117,2016,8,7,13,0,0,1,0,0,0,0,1,9,1,0,3,3,0
940,1,14,133,2016,7,7,12,0,0,1,0,0,0,0,1,9,1,0,3,2,1
941,1,12,130,2016,7,1,13,0,1,1,0,0,0,0,2,0,6,0,3,3,0
942,4,2,405,2016,6,5,11,1,0,0,0,1,0,0,2,0,1,0,3,3,0
943,2,5,215,2016,11,7,13,1,0,1,0,0,0,0,2,2,6,0,3,3,0
944,3,5,317,2016,9,3,9,0,1,1,0,0,0,0,2,3,2,0,3,3,0
945,4,5,409,2016,4,3,14,1,0,1,0,0,0,0,2,2,6,0,3,3,0
946,3,8,320,2016,12,6,5,1,0,1,0,0,1,0,3,3,6,2,3,3,0
947,1,16,136,2016,11,3,17,1,0,1,0,0,1,0,3,2,6,2,3,3,0
948,1,14,133,2016,7,7,5,1,0,1,0,0,0,0,2,3,6,0,3,3,0
949,4,7,417,2016,4,3,14,1,0,1,0,0,0,0,2,1,6,0,3,3,0
950,3,4,316,2016,6,5,7,0,1,1,0,0,0,0,2,3,2,0,3,3,0
951,1,16,136,2016,4,2,17,1,0,1,0,0,0,0,2,2,6,0,3,3,0
952,3,7,319,2016,6,1,12,1,0,1,0,0,0,0,2,1,6,0,3,3,0
953,3,7,319,2016,11,4,17,1,0,1,0,0,1,0,3,3,7,2,3,3,0
954,1,16,136,2016,7,5,18,0,0,1,0,0,0,0,1,2,6,0,3,3,0
955,4,2,403,2016,10,2,18,0,0,1,0,0,0,0,1,2,6,2,3,3,0
956,1,6,117,2016,10,3,6,1,0,1,0,0,1,0,3,3,6,2,3,3,0
957,3,9,321,2016,9,2,12,0,0,1,0,0,0,0,1,3,6,0,3,3,0
958,1,6,117,2016,4,2,8,0,1,0,0,0,1,0,2,5,2,0,3,2,1
959,2,7,219,2016,9,6,14,0,0,1,0,1,0,0,2,2,6,0,3,2,1
960,7,14,715,2016,8,6,21,1,0,1,0,0,0,1,3,5,3,2,3,3,0
961,7,10,711,2016,12,4,18,0,0,1,0,0,0,0,1,1,6,2,3,3,0
962,2,9,221,2016,8,6,14,0,0,0,0,0,0,1,1,3,6,0,3,3,0
963,7,1,701,2016,8,6,12,0,0,1,0,0,0,0,1,1,6,0,3,3,0
964,1,3,106,2016,10,1,17,1,0,1,0,1,0,0,3,0,1,1,3,3,0
965,7,1,701,2016,9,2,17,0,1,0,0,0,1,0,2,5,2,0,3,3,0
966,7,11,712,2016,9,6,19,1,0,1,0,0,0,0,2,2,6,2,3,3,0
967,3,8,320,2016,4,2,15,1,0,1,0,0,0,1,3,2,6,0,3,3,0
968,2,6,218,2016,12,4,2,1,0,1,0,0,1,0,3,5,3,2,3,3,0
969,3,7,319,2016,11,1,16,1,0,1,0,0,0,0,2,4,2,2,3,3,0
970,1,1,102,2016,7,5,8,0,0,1,0,0,0,1,2,2,6,0,3,3,0
971,7,9,710,2016,7,4,9,0,0,0,0,0,0,1,1,5,3,0,3,3,0
972,3,5,317,2016,11,5,10,0,0,1,0,0,0,0,1,2,6,0,3,3,0
973,7,10,711,2016,10,2,16,0,0,1,0,0,0,0,1,1,6,0,3,3,0
974,4,8,419,2016,9,4,11,0,1,1,0,0,0,0,2,5,2,0,3,3,0
975,7,10,711,2016,9,7,17,0,0,1,0,0,0,0,1,5,3,0,3,3,0
976,3,9,321,2016,4,2,14,1,0,1,0,0,1,0,3,2,6,0,3,3,0
977,3,1,307,2016,12,5,10,0,0,1,0,0,0,0,1,2,6,0,3,3,0
978,3,8,320,2016,11,2,5,0,0,1,0,0,1,0,2,3,6,2,3,3,0
979,1,6,117,2016,8,5,18,0,0,1,0,0,0,0,1,1,6,0,3,3,0
980,2,3,209,2016,7,6,16,0,1,1,0,0,0,0,2,5,3,0,3,3,0
981,7,10,711,2016,7,5,4,0,1,0,1,0,0,0,2,0,7,1,3,3,0
982,1,1,101,2016,6,5,15,0,0,1,0,0,0,0,1,2,6,0,3,3,0
983,1,6,117,2016,11,5,8,0,0,1,0,0,0,0,1,5,2,0,3,3,0
984,3,9,321,2016,4,2,13,1,0,1,0,0,1,0,3,5,3,0,3,3,0
985,6,2,602,2016,12,5,16,1,0,1,0,0,0,0,2,1,6,2,3,3,0
986,1,3,107,2016,7,1,23,0,0,1,0,1,0,0,2,3,6,2,3,3,0
987,4,2,405,2016,11,3,15,1,0,1,0,0,0,0,2,5,2,0,3,3,0
988,2,9,221,2016,6,5,18,0,1,1,0,0,0,0,2,5,2,0,3,3,0
989,3,9,321,2016,11,3,4,0,0,1,0,1,0,0,2,0,7,2,3,3,0
990,3,7,319,2016,4,2,11,1,0,0,0,1,0,1,3,3,6,0,3,2,1
991,1,6,115,2016,4,1,11,1,0,0,0,0,1,0,2,2,6,0,3,3,0
992,4,2,403,2016,11,3,4,1,1,1,0,0,0,0,3,5,3,2,3,3,0
993,3,6,318,2016,7,5,14,0,0,0,0,0,0,1,1,7,1,0,3,2,1
994,2,7,219,2016,10,7,1,0,0,1,0,0,0,0,1,3,6,2,3,3,0
995,3,1,305,2016,10,3,4,1,0,1,0,0,0,0,2,5,3,2,3,2,1
996,2,5,216,2016,9,2,21,0,0,1,0,0,0,0,1,5,3,2,3,3,0
997,6,2,602,2016,9,1,20,0,1,1,0,0,0,0,2,5,2,2,3,3,0
998,4,7,416,2016,4,1,13,0,0,1,0,0,0,0,1,2,6,0,3,3,0
999,7,10,711,2016,8,4,9,0,0,1,0,0,0,0,1,2,3,0,3,3,0
1000,1,8,124,2016,8,6,8,1,0,1,0,0,1,0,3,0,6,0,3,3,0
1001,1,16,136,2016,12,2,16,0,0,1,0,0,0,1,2,2,6,1,3,3,0
1002,3,5,317,2016,8,5,15,0,1,0,0,1,0,0,2,3,6,0,3,3,0
1003,1,1,102,2016,8,6,12,0,0,1,0,0,0,0,1,2,6,0,3,3,0
1004,3,1,304,2016,10,7,9,0,0,1,0,0,1,0,2,3,6,0,3,3,0
1005,7,2,703,2016,9,5,16,0,0,1,0,0,0,1,2,2,6,0,3,3,0
1006,1,16,136,2016,4,6,13,0,0,1,0,0,0,0,1,2,6,0,3,3,0
1007,6,1,601,2016,12,3,17,1,0,1,0,0,0,0,2,2,6,2,3,3,0
1008,1,16,136,2016,11,6,12,0,0,1,0,0,0,0,1,2,6,0,3,3,0
1009,3,8,320,2016,7,3,14,0,0,1,0,0,1,0,2,3,6,0,3,3,0
1010,3,6,318,2016,11,4,12,1,0,1,0,0,0,0,2,2,6,0,3,3,0
1011,1,6,117,2016,4,6,9,0,0,1,0,0,0,0,1,1,6,0,3,3,0
1012,1,16,136,2016,6,2,22,1,0,1,0,0,1,0,3,3,1,1,3,2,1
1013,1,8,124,2016,12,2,16,1,1,0,0,0,1,0,3,3,2,2,3,3,0
1014,7,10,711,2016,7,4,18,0,0,1,1,0,0,0,2,6,4,0,3,2,1
1015,3,4,316,2016,11,5,12,1,0,1,0,0,0,0,2,0,7,0,3,3,0
1016,1,19,140,2016,6,3,15,0,0,1,0,0,1,0,2,3,6,0,3,3,0
1017,6,1,601,2016,6,5,18,0,0,1,0,0,0,0,1,2,6,0,3,3,0
1018,7,9,710,2016,10,6,13,1,0,1,0,0,0,0,2,2,6,0,3,3,0
1019,1,7,120,2016,10,6,16,0,0,1,0,0,0,0,1,2,6,0,3,3,0
1020,1,12,130,2016,6,2,8,0,0,0,0,0,1,1,2,2,6,0,3,2,1
1021,3,9,321,2016,4,6,11,0,0,1,0,0,0,0,1,3,7,0,3,3,0
1022,3,9,321,2016,4,6,10,0,0,1,0,0,0,1,2,3,6,0,3,3,0
1023,1,2,104,2016,10,4,12,0,1,0,0,0,1,0,2,3,2,0,3,3,0
1024,6,1,601,2016,11,4,10,0,1,0,0,0,1,0,2,0,3,0,3,3,0
1025,2,9,221,2016,4,6,16,0,0,1,0,1,0,0,2,2,2,0,3,3,0
1026,1,6,117,2016,6,3,12,0,0,1,1,0,0,0,2,6,4,0,3,3,0
1027,1,12,130,2016,12,3,8,1,0,1,0,0,1,0,3,3,6,0,3,3,0
1028,2,13,226,2016,7,6,17,0,0,1,0,0,0,0,1,2,6,0,3,3,0
1029,2,6,218,2016,11,2,9,0,0,1,0,0,0,0,1,1,6,0,3,3,0
1030,1,8,124,2016,6,4,14,0,0,1,0,0,0,0,1,1,5,0,3,3,0
1031,2,1,206,2016,6,7,13,0,1,1,0,0,0,0,2,3,2,0,3,3,0
1032,6,1,601,2016,10,7,13,0,0,1,0,0,0,0,1,3,7,0,3,3,0
1033,3,5,317,2016,10,7,0,0,1,1,0,0,0,0,2,1,5,2,3,3,0
1034,3,1,306,2016,4,6,9,0,1,1,0,0,0,0,2,5,3,0,3,3,0
1035,6,2,603,2016,4,5,13,0,1,1,0,0,0,0,2,5,3,0,3,3,0
1036,2,9,221,2016,11,2,14,0,0,1,0,0,0,1,2,0,7,0,3,3,0
1037,1,8,125,2016,10,6,20,1,0,1,0,0,0,0,2,5,7,2,3,2,1
1038,3,7,319,2016,10,2,19,1,0,1,0,0,0,0,2,2,6,2,3,3,0
1039,3,1,305,2016,9,1,4,0,0,1,0,0,0,0,1,5,3,2,3,3,0
1040,7,10,711,2016,9,6,10,0,0,1,0,0,1,0,2,1,6,0,3,3,0
1041,2,13,226,2016,4,5,8,0,0,1,0,0,0,0,1,5,3,0,3,3,0
1042,7,13,714,2016,8,3,16,0,0,1,0,0,0,0,1,2,6,0,3,3,0
1043,4,4,407,2016,8,5,23,1,0,1,0,0,0,0,2,9,1,2,3,2,1
1044,2,9,221,2016,12,1,18,0,0,1,0,0,0,0,1,2,6,2,3,3,0
1045,3,9,321,2016,8,4,16,0,1,1,0,0,0,0,2,3,2,0,3,3,0
1046,3,8,320,2016,8,4,16,0,0,1,0,0,1,0,2,2,6,0,3,3,0
1047,4,5,409,2016,9,6,11,0,1,1,0,0,0,0,2,3,2,0,3,3,0
1048,4,6,414,2016,9,4,7,0,0,1,0,0,0,0,1,2,6,0,3,3,0
1049,3,7,319,2016,4,5,13,0,0,0,0,1,0,0,1,0,1,0,3,3,0
1050,3,9,321,2016,12,2,13,0,0,1,0,0,0,0,1,2,6,0,3,3,0
1051,3,9,321,2016,11,6,15,0,0,1,0,0,1,1,3,2,6,0,3,3,0
1052,7,14,715,2016,7,3,16,1,0,1,0,1,0,0,3,2,6,0,3,3,0
1053,1,16,136,2016,7,2,16,0,0,1,0,0,0,0,1,3,6,0,3,3,0
1054,2,5,216,2016,6,1,10,0,0,1,0,0,0,0,1,2,7,0,3,3,0
1055,7,10,711,2016,4,4,17,0,0,1,0,0,0,0,1,2,6,0,3,3,0
1056,7,3,704,2016,6,7,13,0,0,1,0,0,0,0,1,2,6,0,3,3,0
1057,4,8,419,2016,6,4,18,1,0,1,0,0,0,0,2,4,2,0,3,3,0
1058,3,1,307,2016,12,7,20,0,0,1,0,0,0,0,1,1,6,2,3,3,0
1059,4,5,409,2016,7,3,10,0,1,1,0,0,0,0,2,5,3,0,3,3,0
1060,3,4,316,2016,11,3,14,1,0,1,0,0,0,0,2,2,6,0,3,3,0
1061,3,7,319,2016,6,2,5,0,0,1,0,1,0,0,2,1,6,0,3,3,0
1062,3,1,306,2016,6,5,15,0,1,1,0,0,0,0,2,0,5,0,3,3,0
1063,2,5,217,2016,10,5,18,0,0,1,0,0,0,0,1,2,6,2,3,3,0
1064,3,8,320,2016,10,5,11,0,0,1,0,0,1,0,2,3,6,0,3,3,0
1065,4,5,409,2016,6,2,10,0,1,1,0,0,0,0,2,0,7,0,3,3,0
1066,2,6,218,2016,9,4,17,0,1,0,0,0,0,1,2,5,2,0,3,3,0
1067,7,14,715,2016,4,4,12,0,0,1,0,0,0,0,1,2,6,0,3,3,0
1068,2,13,226,2016,12,5,17,0,0,1,0,0,0,0,1,2,6,2,3,2,1
1069,7,10,711,2016,4,3,9,0,0,1,0,0,0,0,1,1,6,0,3,3,0
1070,1,7,119,2016,10,2,13,0,0,1,0,0,0,0,1,3,6,0,3,3,0
1071,4,2,405,2016,11,1,0,1,0,1,0,0,0,0,2,9,1,2,3,2,1
1072,1,1,102,2016,10,6,15,0,0,1,0,0,0,0,1,3,6,0,3,3,0
1073,2,5,215,2016,9,5,18,0,1,1,0,0,0,0,2,5,3,0,3,3,0
1074,7,10,711,2016,9,4,22,0,0,1,0,0,0,0,1,5,3,2,3,2,1
1075,2,5,216,2016,4,3,16,0,0,1,0,0,0,0,1,2,6,0,3,3,0
1076,6,2,602,2016,8,2,12,0,1,1,0,0,0,0,2,5,2,0,3,3,0
1077,4,4,407,2016,11,4,12,0,0,1,0,0,0,0,1,1,6,0,3,3,0
1078,7,9,710,2016,8,2,23,1,0,1,0,0,0,0,2,5,3,2,3,3,0
1079,3,5,317,2016,8,2,12,0,0,1,0,0,0,0,1,2,2,0,3,3,0
1080,1,11,129,2016,7,1,14,0,0,1,0,0,0,0,1,3,6,0,3,3,0
1081,1,2,104,2016,7,2,16,0,1,1,0,0,0,0,2,5,3,0,3,3,0
1082,7,13,714,2016,6,4,18,0,0,1,0,0,0,0,1,2,6,0,3,3,0
1083,2,9,221,2016,9,3,18,0,0,1,0,0,0,0,1,3,3,0,3,3,0
1084,1,12,130,2016,4,2,11,0,0,1,0,0,0,1,2,0,1,0,3,3,0
1085,1,16,136,2016,12,6,19,1,0,1,0,0,1,0,3,3,6,2,3,3,0
1086,7,2,703,2016,11,3,14,1,0,1,0,0,0,0,2,8,1,0,3,3,0
1087,3,7,319,2016,10,7,12,0,0,1,0,0,0,0,1,5,2,0,3,3,0
1088,6,1,601,2016,9,6,4,0,0,1,0,1,0,0,2,0,7,2,3,3,0
1089,1,3,106,2016,9,6,18,0,1,1,0,0,0,0,2,5,3,0,3,3,0
1090,2,6,218,2016,4,2,7,0,0,1,0,0,0,0,1,2,6,0,3,3,0
1091,2,6,218,2016,8,3,12,0,1,1,0,0,0,0,2,3,2,0,3,3,0
1092,1,16,136,2016,8,3,6,0,0,1,0,0,1,0,2,3,6,0,3,3,0
1093,4,5,412,2016,8,3,7,0,1,0,1,0,0,0,2,6,3,0,3,3,0
1094,1,4,110,2016,8,3,7,0,1,0,1,0,0,0,2,6,3,0,3,3,0
1095,4,6,414,2016,9,5,16,0,1,1,0,0,0,0,2,4,2,0,3,3,0
1096,1,6,117,2016,7,4,19,0,0,1,0,0,0,0,1,3,6,0,3,3,0
1097,7,14,715,2016,6,4,5,0,1,0,0,0,0,0,1,0,7,0,3,3,0
1098,7,10,711,2016,9,3,5,0,0,1,0,0,0,0,1,2,6,1,3,3,0
1099,1,3,107,2016,4,7,0,1,0,1,0,1,0,0,3,3,6,2,3,3,0
1100,1,14,133,2016,12,1,10,1,0,1,0,0,0,0,2,5,3,0,3,3,0
1101,3,6,318,2016,11,5,18,0,1,0,0,0,0,0,1,0,7,2,3,3,0
1102,6,9,610,2016,7,2,14,0,0,0,0,0,0,1,1,3,6,0,3,3,0
1103,1,4,111,2016,7,2,15,0,0,1,0,0,1,1,3,3,6,0,3,3,0
1104,3,9,321,2016,6,6,8,1,0,1,0,0,0,0,2,2,2,0,3,3,0
1105,7,3,704,2016,4,6,13,1,0,1,0,0,0,0,2,1,6,0,3,3,0
1106,3,6,318,2016,6,3,17,1,0,1,0,0,0,0,2,1,6,0,3,3,0
1107,1,7,120,2016,12,5,15,1,0,0,1,0,1,0,3,6,4,2,3,2,1
1108,2,9,221,2016,7,2,20,0,0,1,0,0,0,1,2,0,2,0,3,3,0
1109,7,11,712,2016,5,2,14,0,0,1,0,0,0,1,2,2,6,0,3,3,0
1110,3,6,318,2016,6,4,15,0,1,1,0,0,0,0,2,3,2,0,3,3,0
1111,3,7,319,2016,10,4,19,0,0,1,0,0,0,0,1,2,6,2,3,3,0
1112,1,1,102,2016,10,5,10,0,0,1,0,0,0,0,1,1,7,0,3,2,1
1113,4,13,432,2016,6,1,2,0,0,0,0,1,0,0,1,8,1,2,3,2,1
1114,1,8,124,2016,9,3,18,0,0,1,0,0,0,0,1,5,2,0,3,3,0
1115,1,8,124,2016,4,6,14,1,0,1,0,0,0,0,2,1,6,0,3,3,0
1116,1,8,124,2016,9,1,9,1,0,1,0,0,0,0,2,2,6,0,3,3,0
1117,4,7,417,2016,8,4,14,0,0,1,0,0,0,0,1,2,6,0,3,3,0
1118,3,4,316,2016,12,1,22,1,1,1,0,0,0,0,3,5,2,2,3,3,0
1119,7,13,714,2016,10,7,18,0,0,1,0,0,0,0,1,2,6,0,3,3,0
1120,4,6,414,2016,11,5,9,0,0,1,1,0,0,0,2,6,4,0,3,3,0
1121,1,16,136,2016,10,3,9,0,0,1,0,0,1,0,2,3,6,0,3,2,1
1122,1,7,120,2016,9,4,18,0,0,1,0,0,0,0,1,2,6,0,3,3,0
1123,1,19,140,2016,9,1,21,0,0,1,0,0,0,0,1,2,6,2,3,3,0
1124,1,19,140,2016,4,6,14,1,0,1,0,0,0,0,2,1,6,0,3,3,0
1125,1,6,117,2016,11,3,7,0,0,1,0,0,0,0,1,2,6,1,3,3,0
1126,3,7,319,2016,8,7,14,0,0,1,0,0,0,0,1,5,3,0,3,3,0
1127,4,5,409,2016,7,6,20,0,0,0,1,1,0,0,2,6,4,1,3,3,0
1128,6,9,610,2016,7,6,16,0,0,1,0,0,0,0,1,8,1,0,3,3,0
1129,1,16,136,2016,6,4,13,0,0,1,0,0,0,1,2,2,6,0,3,3,0
1130,7,14,715,2016,11,6,15,0,1,1,0,0,0,0,2,5,2,0,3,3,0
1131,6,2,603,2016,9,2,18,0,1,1,0,0,0,0,2,5,3,0,3,3,0
1132,3,6,318,2016,4,6,8,1,1,1,0,0,0,0,3,5,3,0,3,3,0
1133,2,3,209,2016,12,6,13,1,0,1,0,0,0,0,2,2,6,0,3,3,0
1134,3,8,320,2016,11,3,11,1,0,1,0,0,0,0,2,1,6,0,3,3,0
1135,2,5,216,2016,7,6,21,0,0,1,0,0,0,1,2,1,6,1,3,3,0
1136,3,9,321,2016,4,6,16,1,0,1,0,0,0,0,2,1,6,0,3,3,0
1137,3,1,305,2016,6,4,12,0,0,0,1,0,0,1,2,6,4,0,3,2,1
1138,3,1,307,2016,4,6,16,1,0,1,0,0,0,0,2,5,3,0,3,3,0
1139,1,8,124,2016,6,7,17,0,0,1,0,0,0,0,1,1,2,0,3,3,0
1140,2,3,208,2016,11,4,13,1,0,1,0,0,0,0,2,5,2,0,3,3,0
1141,1,8,121,2016,7,5,19,0,0,0,1,0,0,1,2,6,4,0,3,3,0
1142,1,4,111,2016,10,2,13,0,1,0,1,0,0,0,2,6,7,0,3,3,0
1143,3,5,317,2016,10,3,15,1,1,1,0,0,0,0,3,5,3,0,3,3,0
1144,1,11,128,2016,9,2,9,0,0,1,0,0,0,0,1,2,6,0,3,3,0
1145,7,10,711,2016,7,1,16,1,0,0,0,1,0,0,2,0,1,0,3,3,0
1146,1,1,101,2016,4,6,8,1,1,1,0,0,0,0,3,0,3,0,3,3,0
1147,1,16,136,2016,6,5,16,0,0,1,0,1,0,0,2,2,6,0,3,2,1
1148,7,9,710,2016,4,5,13,0,0,1,0,0,1,0,2,2,6,0,3,3,0
1149,2,3,209,2016,6,2,8,1,1,0,0,0,1,0,3,3,2,0,3,3,0
1150,1,6,117,2016,11,4,17,1,1,1,0,0,0,0,3,5,3,2,3,3,0
1151,2,5,216,2016,7,7,23,1,0,1,0,0,0,0,2,1,6,2,3,3,0
1152,1,3,107,2016,10,3,11,0,1,0,1,0,0,0,2,6,6,0,3,3,0
1153,6,1,601,2016,10,4,7,1,0,1,0,0,0,0,2,2,6,1,3,3,0
1154,3,5,317,2016,6,7,17,0,0,1,0,1,0,0,2,2,6,0,3,3,0
1155,4,5,410,2016,9,2,11,0,1,1,0,0,0,0,2,5,2,0,3,3,0
1156,1,16,137,2016,4,5,15,0,0,1,0,0,0,0,1,2,6,0,3,3,0
1157,1,3,106,2016,9,7,13,1,0,1,0,1,0,0,3,1,6,0,3,3,0
1158,6,2,603,2016,8,2,18,0,0,1,0,0,0,0,1,2,6,0,3,3,0
1159,4,7,417,2016,12,5,15,1,0,1,0,0,0,0,2,2,6,0,3,3,0
1160,4,5,410,2016,8,6,20,0,1,0,0,0,0,0,1,3,6,2,3,2,1
1161,7,10,711,2016,8,7,19,0,0,1,0,0,0,0,1,3,6,0,3,2,1
1162,1,16,136,2016,11,4,10,0,0,1,0,0,0,0,1,0,6,0,3,3,0
1163,1,6,117,2016,10,1,18,1,1,1,0,0,0,0,3,5,3,1,3,3,0
1164,3,1,305,2016,9,3,7,0,1,1,0,0,0,0,2,5,7,0,3,3,0
1165,1,6,117,2016,9,7,7,1,0,1,0,0,0,0,2,5,3,1,3,3,0
1166,1,16,137,2016,4,5,16,0,0,1,0,0,0,1,2,2,6,0,3,3,0
1167,4,6,415,2016,12,4,17,1,0,1,0,0,0,0,2,2,6,2,3,3,0
1168,1,16,136,2016,11,1,11,1,0,1,0,0,0,0,2,8,1,0,3,3,0
1169,4,2,403,2016,8,5,16,0,0,1,0,0,0,0,1,5,3,0,3,3,0
1170,3,5,317,2016,7,5,17,0,1,1,0,0,0,0,2,5,3,0,3,3,0
1171,1,3,106,2016,7,5,12,0,0,1,0,0,0,0,1,2,6,0,3,3,0
1172,3,7,319,2016,11,5,11,1,0,1,0,0,0,0,2,2,6,0,3,3,0
1173,1,15,134,2016,4,5,6,1,0,1,0,0,0,1,3,2,6,0,3,3,0
1174,1,16,136,2016,6,3,12,0,0,1,0,0,0,0,1,2,6,0,3,3,0
1175,4,1,402,2016,12,5,16,1,0,0,1,0,0,1,3,6,2,2,3,3,0
1176,6,1,601,2016,7,6,17,0,0,1,0,0,0,0,1,3,6,0,3,3,0
1177,1,4,111,2016,11,3,17,1,0,1,1,0,0,0,3,6,2,2,3,3,0
1178,3,7,319,2016,6,5,16,1,0,1,0,0,0,0,2,2,6,0,3,3,0
1179,3,1,307,2016,10,2,8,1,0,1,1,0,0,0,3,5,2,0,3,3,0
1180,4,12,431,2016,4,5,19,0,0,1,0,0,0,0,1,5,3,0,3,3,0
1181,7,4,705,2016,4,4,18,0,0,1,0,0,1,0,2,2,6,0,3,3,0
1182,1,16,136,2016,11,2,11,0,0,1,0,0,1,0,2,3,6,0,3,3,0
1183,1,11,129,2016,7,4,7,1,0,0,0,0,1,0,2,0,7,0,3,3,0
1184,3,5,317,2016,10,7,14,1,0,1,0,0,0,1,3,5,7,0,3,3,0
1185,1,14,132,2016,10,2,17,1,0,1,0,0,0,0,2,2,6,1,3,3,0
1186,1,7,120,2016,9,1,21,0,0,1,0,0,0,0,1,5,2,2,3,3,0
1187,3,1,304,2016,9,1,15,0,0,1,0,0,0,0,1,5,3,0,3,3,0
1188,7,2,703,2016,4,4,16,0,0,1,0,0,0,1,2,2,6,0,3,3,0
1189,3,9,321,2016,8,4,17,0,0,1,0,0,1,0,2,3,6,0,3,3,0
1190,7,2,703,2016,8,5,15,1,0,1,0,0,0,0,2,2,6,0,3,3,0
1191,1,6,117,2016,12,2,9,0,0,1,0,0,0,1,2,2,6,0,3,3,0
1192,1,11,129,2016,8,4,18,0,0,0,0,1,0,0,1,0,7,0,3,3,0
1193,1,14,133,2016,8,5,16,0,1,0,0,0,0,0,1,4,6,0,3,3,0
1194,7,14,715,2016,9,6,13,0,1,1,0,0,0,0,2,5,3,0,3,3,0
1195,4,6,415,2016,9,5,14,0,0,1,0,0,0,0,1,2,6,0,3,3,0
1196,4,6,415,2016,4,4,15,0,0,1,0,0,0,1,2,3,7,0,3,3,0
1197,3,9,321,2016,12,3,23,1,0,1,0,0,0,0,2,4,2,2,3,2,1
1198,1,6,115,2016,11,6,4,1,0,1,0,0,0,0,2,3,6,2,3,3,0
1199,3,9,321,2016,9,2,7,1,1,0,0,0,0,0,2,3,6,0,3,3,0
1200,3,1,306,2016,4,4,9,0,1,0,0,0,0,0,1,3,6,0,3,3,0
1201,3,1,305,2016,9,5,15,1,0,1,0,0,0,0,2,1,6,0,3,3,0
1202,6,2,603,2016,8,6,16,1,0,1,0,0,0,1,3,3,1,0,3,3,0
1203,3,8,320,2016,12,4,15,0,0,1,0,0,0,1,2,2,6,0,3,3,0
1204,7,3,704,2016,8,5,9,0,0,1,0,0,0,0,1,1,6,0,3,3,0
1205,3,9,321,2016,8,6,0,0,0,1,0,0,1,0,2,3,6,2,3,3,0
1206,4,3,406,2016,10,7,22,0,0,1,0,0,0,0,1,2,6,2,3,3,0
1207,7,1,702,2016,9,2,10,0,0,0,1,0,0,1,2,0,7,0,3,3,0
1208,3,7,319,2016,9,6,9,0,0,1,0,0,0,1,2,5,3,0,3,3,0
1209,6,1,601,2016,4,3,19,0,0,1,0,0,0,0,1,3,6,0,3,3,0
1210,6,1,601,2016,12,3,16,1,0,1,0,0,0,0,2,5,3,1,3,3,0
1211,1,11,128,2016,11,7,13,0,0,1,0,0,0,0,1,5,3,0,3,3,0
1212,3,6,318,2016,7,4,16,0,1,0,0,0,0,0,1,5,3,0,3,2,1
1213,1,8,124,2016,11,4,14,1,0,1,0,0,0,0,2,2,6,0,3,3,0
1214,1,8,124,2016,4,3,17,0,0,1,0,0,0,0,1,1,6,0,3,3,0
1215,3,7,319,2016,6,3,16,0,0,1,0,0,0,0,1,2,6,0,3,3,0
1216,2,5,215,2016,12,3,22,0,0,1,0,0,1,0,2,2,6,2,3,3,0
1217,2,5,216,2016,7,5,7,0,1,1,0,0,0,0,2,3,6,0,3,3,0
1218,2,9,221,2016,11,6,17,0,0,1,0,0,0,0,1,2,6,2,3,3,0
1219,3,1,304,2016,6,4,10,0,0,1,0,0,1,0,2,2,6,0,3,3,0
1220,1,16,136,2016,6,6,13,0,0,1,0,0,0,0,1,2,6,0,3,3,0
1221,3,6,318,2016,10,7,19,0,1,0,0,0,0,1,2,5,3,2,3,2,1
1222,7,14,715,2016,10,6,14,0,0,0,0,0,1,1,2,0,7,0,3,3,0
1223,4,7,417,2016,4,3,18,0,0,1,0,0,0,0,1,1,6,0,3,3,0
1224,3,1,306,2016,4,3,17,0,1,0,0,0,0,0,1,4,6,0,3,3,0
1225,3,9,321,2016,10,6,11,0,0,1,0,0,0,0,1,4,7,0,3,3,0