SN,District,Imperial_Circle,Community,Year,Month,Weekday,Hour,Road,Cycle,Car,Pedestrians,Motorcycle,Goods Vehicle,Others,Total,Collision Type,Accident Type,Light Condition,Road Condition,Accident_Severity,Tend_to_Death
1226,6,2,603,2016,10,1,16,1,0,1,0,0,0,0,2,9,1,0,3,3,0
1227,2,5,216,2016,9,7,14,0,0,1,0,0,0,0,1,5,3,0,3,3,0
1228,1,12,130,2016,9,6,20,0,0,1,0,0,0,0,1,3,7,2,3,3,0
1229,3,5,317,2016,4,3,14,0,0,1,0,0,0,0,1,2,6,0,3,3,0
1230,1,6,115,2016,8,3,10,0,0,1,0,0,1,0,2,2,6,0,3,3,0
1231,1,6,115,2016,8,4,20,0,1,1,0,0,0,0,2,5,3,0,3,3,0
1232,7,9,710,2016,12,7,5,0,0,1,1,0,0,0,2,6,4,2,3,2,1
1233,3,7,319,2016,8,4,19,0,0,1,0,1,0,0,2,5,3,0,3,1,1
1234,1,11,129,2016,8,1,17,0,0,1,0,0,0,0,1,2,6,0,3,3,0
1235,3,7,319,2016,8,4,15,1,0,1,0,0,0,0,2,2,6,0,3,3,0
1236,3,9,321,2016,9,6,10,0,1,1,0,0,0,0,2,5,3,0,3,3,0
1237,6,2,603,2016,6,4,19,1,1,0,0,0,0,0,2,8,7,0,3,3,0
1238,2,12,225,2016,9,4,12,0,1,0,0,0,0,0,1,0,7,0,3,3,0
1239,7,14,715,2016,4,2,9,0,0,1,0,0,0,0,1,1,6,0,3,3,0
1240,1,16,136,2016,12,1,19,1,0,1,0,0,0,1,3,3,6,2,3,3,0
1241,7,14,715,2016,11,5,10,0,0,1,0,0,0,0,1,2,6,0,3,3,0
1242,3,9,321,2016,7,3,15,1,0,1,0,0,0,1,3,2,6,0,3,3,0
1243,1,6,117,2016,7,2,5,0,0,1,0,0,0,0,1,5,3,0,3,3,0
1244,6,1,601,2016,6,7,1,1,1,1,0,0,0,0,3,5,3,2,3,2,1
1245,7,10,711,2016,4,2,16,0,0,1,0,0,0,0,1,2,6,0,3,3,0
1246,7,9,710,2016,6,5,8,0,0,1,0,0,1,0,2,3,6,0,3,3,0
1247,2,3,208,2016,6,4,6,0,0,1,0,1,1,0,3,3,6,0,3,3,0
1248,4,4,407,2016,12,7,9,0,0,1,0,0,0,0,1,1,6,0,3,3,0
1249,3,6,318,2016,7,3,15,0,1,1,0,0,0,0,2,5,3,0,3,3,0
1250,7,10,711,2016,11,1,18,1,0,1,0,0,0,0,2,2,3,2,3,3,0
1251,1,6,117,2016,5,2,11,0,1,1,0,0,0,0,2,5,3,0,3,2,1
1252,7,10,711,2016,6,1,8,0,0,1,0,0,0,1,2,3,7,0,3,3,0
1253,6,9,610,2016,6,4,15,0,0,1,0,0,1,1,3,3,7,0,3,3,0
1254,3,1,304,2016,10,5,18,0,0,1,0,0,0,0,1,3,7,1,3,3,0
1255,3,5,317,2016,10,5,8,0,0,1,0,0,0,1,2,0,6,0,3,3,0
1256,7,14,715,2016,6,1,5,0,0,1,0,0,0,0,1,9,1,1,3,3,0
1257,1,4,111,2016,9,4,21,0,0,1,0,0,0,0,1,5,3,2,3,3,0
1258,3,4,316,2016,9,2,8,1,0,1,0,0,0,1,3,2,6,0,3,3,0
1259,2,10,222,2016,1,7,16,1,0,1,0,0,0,0,2,4,6,0,3,2,1
1260,3,8,320,2016,1,3,6,0,0,1,0,0,0,0,1,4,2,2,3,3,0
1261,5,2,506,2016,1,6,19,0,0,1,0,0,0,0,1,5,2,2,3,3,0
1262,3,8,320,2016,1,5,6,0,0,1,1,0,0,0,2,6,2,2,3,3,0
1263,4,13,432,2016,1,6,8,1,0,1,0,0,0,0,2,4,1,0,3,2,1
1264,3,8,320,2016,1,5,10,0,0,1,0,0,0,0,1,5,3,0,3,3,0
1265,3,1,307,2016,1,7,18,1,0,1,1,0,0,0,3,6,2,2,3,3,0
1266,4,6,414,2016,1,6,3,1,0,1,1,0,0,0,3,6,2,2,3,2,1
1267,3,9,321,2016,1,4,16,1,1,1,0,0,0,0,3,5,3,0,3,3,0
1268,4,13,432,2016,1,6,15,1,0,1,1,0,0,0,3,6,4,0,3,3,0
1269,1,12,130,2016,1,4,15,2,0,1,1,0,0,0,4,6,4,0,3,3,0
1270,2,9,221,2016,1,3,19,2,0,0,1,0,0,1,4,6,7,2,3,3,0
1271,5,7,515,2016,1,4,18,1,0,1,0,0,0,0,2,2,6,2,3,3,0
1272,5,2,506,2016,1,6,17,0,0,1,1,0,0,0,2,6,4,2,3,3,0
1273,4,7,416,2016,1,6,0,1,0,1,0,0,0,0,2,2,2,2,3,3,0
1274,4,9,425,2016,1,4,7,2,0,1,0,0,0,0,3,2,6,2,3,3,0
1275,2,5,217,2016,1,4,19,0,0,1,1,0,0,0,2,6,4,2,3,3,0
1276,3,9,321,2016,1,6,5,2,0,1,0,0,0,0,3,8,1,2,3,3,0
1277,1,5,114,2016,1,4,14,0,0,1,0,0,0,0,1,1,6,0,3,3,0
1278,1,1,101,2016,1,7,8,1,0,1,0,0,0,0,2,4,3,0,3,2,1
1279,2,11,223,2016,1,4,16,0,0,1,1,0,0,0,2,6,4,1,3,2,1
1280,2,1,204,2016,1,6,16,1,0,1,0,0,0,0,2,4,2,0,3,3,0
1281,4,4,407,2016,1,4,14,1,0,1,0,0,0,0,2,2,6,0,3,3,0
1282,2,14,227,2016,1,3,10,2,1,0,0,0,0,0,3,0,7,0,3,2,1
1283,2,5,216,2016,1,6,0,1,0,1,1,0,0,0,3,6,7,2,3,2,1
1284,7,10,711,2016,1,4,13,1,0,0,0,0,1,1,3,2,2,0,3,3,0
1285,7,2,703,2016,1,6,9,1,0,1,0,0,0,1,3,5,3,0,3,3,0
1286,3,1,307,2016,1,4,19,0,0,1,0,0,0,0,1,2,2,2,3,3,0
1287,4,5,409,2016,1,5,18,0,0,1,0,0,0,0,1,2,6,2,3,3,0
1288,2,8,220,2016,1,3,7,0,0,1,1,0,0,0,2,6,3,2,3,3,0
1289,1,16,136,2016,1,6,10,1,0,1,0,0,0,1,3,4,2,0,3,3,0
1290,1,5,113,2016,1,4,17,0,1,0,0,0,0,0,1,5,2,2,3,2,1
1291,5,18,526,2016,1,5,8,0,1,1,0,0,0,0,2,5,3,2,3,3,0
1292,1,4,112,2016,1,3,17,2,0,1,1,0,0,0,4,6,2,2,3,3,0
1293,3,5,317,2016,1,6,6,1,0,1,0,0,0,0,2,1,6,2,3,3,0
1294,7,14,715,2016,1,3,18,1,0,1,1,0,0,0,3,6,2,2,3,3,0
1295,5,18,526,2016,1,7,7,2,0,0,0,1,0,0,3,0,7,2,3,3,0
1296,1,16,136,2016,1,3,19,2,0,1,0,0,0,1,4,1,2,2,3,3,0
1297,6,2,602,2016,1,6,8,0,1,1,0,0,0,0,2,5,3,0,3,3,0
1298,7,1,702,2016,1,2,17,0,1,1,0,0,0,0,2,5,3,2,3,3,0
1299,4,6,415,2016,1,6,19,0,0,1,0,0,0,0,1,3,6,2,3,3,0
1300,6,14,615,2016,1,3,16,2,0,1,1,0,0,0,4,6,3,2,3,3,0
1301,1,4,111,2016,1,6,7,1,0,1,1,0,0,0,3,6,4,2,3,3,0
1302,7,9,710,2016,1,3,18,1,0,1,0,0,0,0,2,2,6,2,3,3,0
1303,1,3,108,2016,1,6,22,1,0,1,0,0,0,0,2,5,3,2,3,3,0
1304,1,11,129,2016,1,3,10,0,0,0,0,0,0,1,1,0,7,0,3,3,0
1305,2,6,218,2016,1,7,9,2,0,1,0,0,0,0,3,9,7,0,3,3,0
1306,2,5,217,2016,1,6,7,0,0,1,0,0,0,0,1,5,2,2,3,3,0
1307,2,13,226,2016,1,6,14,2,1,1,0,0,0,0,4,4,2,0,3,3,0
1308,1,13,131,2016,1,3,13,1,0,1,0,0,0,0,2,2,2,0,3,3,0
1309,1,5,114,2016,1,6,11,1,1,1,0,0,0,1,4,1,7,0,3,3,0
1310,1,11,129,2016,1,3,8,2,0,1,1,0,0,0,4,6,4,1,3,3,0
1311,2,1,202,2016,1,6,8,0,1,0,1,0,0,0,2,6,7,0,3,3,0
1312,1,16,137,2016,1,6,5,1,0,1,0,0,0,0,2,8,1,2,3,1,1
1313,5,18,526,2016,1,3,14,1,0,1,0,0,0,0,2,2,6,0,3,3,0
1314,4,4,407,2016,1,6,17,1,0,1,0,0,0,1,3,4,2,2,3,2,1
1315,4,6,415,2016,1,4,6,1,0,1,1,0,0,0,3,6,3,2,3,3,0
1316,1,16,137,2016,1,2,9,0,0,1,0,0,0,0,1,5,3,0,3,3,0
1317,5,18,526,2016,1,6,17,0,0,1,1,0,0,0,2,6,7,2,3,3,0
1318,5,10,518,2016,1,7,17,1,0,1,0,0,0,0,2,2,6,2,3,3,0
1319,1,1,101,2016,1,6,14,0,0,1,0,0,0,0,1,2,6,0,3,3,0
1320,5,1,503,2016,1,4,10,1,0,1,0,0,0,0,2,1,2,0,3,2,1
1321,2,8,220,2016,1,6,11,0,1,1,0,0,0,0,2,5,2,0,3,3,0
1322,4,11,430,2016,1,3,19,0,0,1,0,0,0,0,1,4,3,2,3,3,0
1323,5,9,517,2016,1,3,17,1,1,1,0,0,0,0,3,5,2,2,3,3,0
1324,7,13,714,2016,1,5,7,1,1,1,0,0,0,0,3,5,3,1,3,3,0
1325,5,2,508,2016,1,3,16,1,0,1,1,0,0,0,3,6,4,1,3,3,0
1326,7,14,715,2016,1,5,8,1,0,1,1,0,0,0,3,6,4,0,3,3,0
1327,5,13,521,2016,1,7,0,1,0,1,0,0,0,0,2,5,3,2,3,2,1
1328,6,1,601,2016,1,2,15,0,0,1,0,0,0,1,2,2,6,0,3,3,0
1329,5,17,525,2016,1,3,8,1,0,1,0,0,0,1,3,1,6,0,3,3,0
1330,4,12,431,2016,1,1,17,2,0,1,0,0,0,0,3,5,3,2,3,3,0
1331,4,4,407,2016,1,3,19,1,0,1,0,0,0,0,2,2,6,2,3,3,0
1332,2,11,224,2016,1,4,17,1,1,1,0,0,0,0,3,5,3,2,3,3,0
1333,3,5,317,2016,1,6,6,1,0,1,0,0,0,1,3,2,6,2,3,3,0
1334,2,1,204,2016,1,3,10,1,0,1,0,0,0,0,2,4,2,0,3,3,0
1335,1,20,141,2016,1,5,7,2,1,0,0,0,0,1,4,4,6,2,3,3,0
1336,5,11,519,2016,1,3,18,1,0,1,0,0,0,0,2,2,6,2,3,3,0
1337,4,9,424,2016,1,5,18,0,0,1,0,0,0,0,1,2,6,2,3,3,0
1338,6,9,610,2016,1,2,17,0,0,1,0,0,0,0,1,5,3,2,3,3,0
1339,6,2,603,2016,1,2,17,0,0,1,0,0,0,0,1,1,6,2,3,3,0
1340,4,7,416,2016,1,3,19,1,0,1,0,0,0,0,2,2,6,2,3,3,0
1341,4,10,426,2016,1,7,5,2,0,1,0,0,0,0,3,8,1,2,3,3,0
1342,6,1,601,2016,1,5,7,1,0,1,1,0,0,0,3,6,7,2,3,3,0
1343,1,12,130,2016,1,2,9,0,0,0,0,0,0,1,1,0,7,0,3,3,0
1344,5,6,514,2016,1,5,9,1,1,1,0,0,0,0,3,3,6,0,3,3,0
1345,1,13,131,2016,1,2,16,1,0,1,0,0,0,1,3,2,6,1,3,3,0
1346,3,8,320,2016,1,3,17,1,1,1,0,0,0,0,3,5,3,2,3,3,0
1347,1,5,113,2016,1,7,14,1,0,1,0,0,0,0,2,2,6,0,3,3,0
1348,4,5,413,2016,1,7,12,1,0,1,1,0,0,0,3,6,4,0,3,3,0
1349,5,6,514,2016,1,5,14,0,0,1,0,0,0,0,1,1,5,0,3,3,0
1350,2,6,218,2016,1,4,14,1,1,1,0,0,0,0,3,5,3,0,3,3,0
1351,2,1,202,2016,1,6,8,0,0,1,0,0,0,0,1,3,6,0,3,3,0
1352,2,3,210,2016,1,3,8,2,0,1,1,0,0,0,4,6,4,0,3,3,0
1353,3,2,311,2016,1,3,17,2,1,0,0,0,0,0,3,4,6,2,3,3,0
1354,1,15,134,2016,1,5,14,1,0,1,0,0,1,0,3,2,7,0,3,3,0
1355,2,1,201,2016,1,3,16,2,0,1,0,0,0,0,3,8,1,2,3,3,0
1356,1,12,130,2016,1,2,17,2,0,1,0,0,0,1,4,4,6,2,3,3,0
1357,5,6,514,2016,1,5,7,1,1,1,0,0,0,0,3,4,2,1,3,3,0
1358,2,8,220,2016,1,3,9,1,1,1,0,0,0,0,3,5,2,0,3,3,0
1359,5,7,515,2016,1,6,6,1,0,1,0,1,0,0,3,5,3,2,3,3,0
1360,4,10,426,2016,1,7,16,1,0,1,0,0,0,1,3,3,6,1,3,3,0
1361,3,6,318,2016,1,4,5,1,1,0,0,0,0,1,3,5,3,2,3,3,0
1362,1,8,127,2016,1,2,7,0,0,1,0,0,0,1,2,2,2,0,3,3,0
1363,2,1,203,2016,1,4,14,1,1,1,0,0,0,0,3,5,2,0,3,3,0
1364,6,2,602,2016,1,5,15,0,0,1,0,0,1,0,2,2,6,0,3,3,0
1365,5,10,518,2016,1,2,20,1,0,1,0,0,0,0,2,5,3,2,3,3,0
1366,5,10,518,2016,1,2,17,0,0,1,0,0,0,0,1,2,6,2,3,3,0
1367,5,7,515,2016,1,5,17,0,0,1,0,0,0,0,1,0,7,2,3,3,0
1368,3,7,319,2016,1,3,19,1,1,1,0,0,0,0,3,5,3,2,3,3,0
1369,1,7,119,2016,1,5,14,1,0,1,0,0,0,0,2,5,2,0,3,3,0
1370,4,13,432,2016,1,5,18,1,0,1,0,0,1,0,3,1,5,2,3,3,0
1371,3,3,313,2016,1,3,18,1,0,1,0,0,0,1,3,2,6,2,3,3,0
1372,3,7,319,2016,1,6,19,1,0,0,0,0,0,1,2,0,7,2,3,3,0
1373,2,9,221,2016,1,7,19,1,0,1,1,0,0,0,3,6,2,2,3,3,0
1374,1,4,109,2016,1,4,7,1,0,1,0,0,0,0,2,8,7,1,3,3,0
1375,5,18,526,2016,1,2,7,0,0,1,0,0,0,1,2,5,3,2,3,3,0
1376,4,8,423,2016,1,2,17,1,0,1,0,0,0,1,3,3,6,2,3,3,0
1377,4,5,408,2016,1,5,9,1,0,1,0,0,0,0,2,4,2,0,3,2,1
1378,1,5,114,2016,1,3,15,0,0,1,0,0,0,0,1,5,3,0,3,3,0
1379,5,7,515,2016,1,5,18,0,0,1,0,0,0,0,1,1,6,2,3,3,0
1380,5,18,526,2016,1,2,5,2,1,1,0,0,0,0,4,5,3,2,3,3,0
1381,5,4,512,2016,1,2,12,0,0,0,1,0,0,1,2,6,4,0,3,2,1
1382,5,7,515,2016,1,2,19,1,0,1,1,0,0,0,3,6,4,2,3,3,0
1383,1,11,128,2016,1,2,10,1,0,1,1,0,0,0,3,6,2,0,3,3,0
1384,5,5,513,2016,1,7,5,2,1,1,0,0,0,0,4,3,6,2,3,3,0
1385,4,10,427,2016,1,2,11,2,0,1,1,0,0,0,4,6,3,0,3,3,0
1386,2,14,227,2016,1,5,18,1,0,1,0,0,0,0,2,9,1,2,3,3,0
1387,4,13,432,2016,1,2,17,0,0,1,0,0,0,0,1,1,6,2,3,3,0
1388,1,12,130,2016,1,5,7,0,0,1,1,0,0,0,2,6,4,2,3,3,0
1389,5,18,526,2016,1,2,18,1,0,1,1,0,0,0,3,6,2,2,3,2,1
1390,1,6,116,2016,1,6,17,1,0,1,0,0,0,1,3,2,6,2,3,3,0
1391,2,5,215,2016,1,7,16,1,1,1,0,0,0,0,3,5,2,0,3,3,0
1392,2,9,221,2016,1,5,17,1,0,1,0,0,0,0,2,1,6,2,3,3,0
1393,5,6,514,2016,1,2,19,1,0,1,0,0,0,0,2,3,2,2,3,3,0
1394,2,9,221,2016,1,7,6,2,0,1,1,0,0,0,4,6,4,2,3,3,0
1395,2,7,219,2016,1,5,8,1,0,1,0,0,0,0,2,2,6,0,3,3,0
1396,4,7,416,2016,1,2,20,0,0,1,0,0,0,0,1,9,1,2,3,3,0
1397,5,2,508,2016,1,5,8,0,0,1,0,0,0,0,1,2,6,0,3,3,0
1398,3,6,318,2016,1,2,15,0,0,1,0,0,0,0,1,5,3,0,3,3,0
1399,2,3,209,2016,1,2,14,2,1,1,0,0,0,0,4,5,3,0,3,3,0
1400,2,6,218,2016,1,5,16,1,0,1,0,1,0,0,3,5,3,2,3,3,0
1401,5,18,526,2016,1,2,18,1,1,1,0,0,0,0,3,5,3,2,3,2,1
1402,4,12,431,2016,1,6,8,1,0,1,0,0,0,0,2,3,7,0,3,3,0
1403,1,4,111,2016,1,7,1,1,0,1,1,0,0,0,3,6,3,2,3,3,0
1404,7,14,715,2016,1,3,7,0,0,1,1,0,0,0,2,6,4,2,3,2,1
1405,3,3,313,2016,1,2,10,0,0,1,1,0,0,0,2,6,7,0,3,2,1
1406,7,1,702,2016,1,3,7,0,1,1,0,0,0,0,2,0,2,2,3,3,0
1407,5,4,512,2016,1,5,16,0,0,1,1,0,0,0,2,6,4,1,3,3,0
1408,7,2,703,2016,1,3,12,0,0,1,0,0,0,1,2,1,6,0,3,3,0
1409,3,3,313,2016,1,5,11,0,0,1,1,0,0,0,2,4,2,0,3,2,1
1410,1,1,101,2016,1,2,8,1,0,1,0,0,1,0,3,3,6,0,3,3,0
1411,5,3,510,2016,1,1,17,0,1,1,0,0,0,0,2,5,3,2,3,3,0
1412,3,1,307,2016,1,5,13,0,0,1,0,0,0,1,2,5,3,0,3,3,0
1413,4,9,425,2016,1,2,8,1,1,0,0,0,0,1,3,3,2,0,3,3,0
1414,1,1,101,2016,1,6,14,1,1,1,0,0,0,0,3,4,7,0,3,3,0
1415,7,4,705,2016,1,6,11,0,0,1,0,0,0,0,1,1,5,0,3,3,0
1416,3,1,309,2016,1,2,7,0,0,0,1,0,0,1,2,6,2,1,3,3,0
1417,5,17,525,2016,1,1,14,1,0,1,0,0,0,0,2,3,2,0,3,3,0
1418,5,7,515,2016,1,1,17,0,0,1,0,0,0,0,1,5,7,2,3,3,0
1419,3,3,313,2016,1,5,10,1,0,0,0,1,0,1,3,0,7,0,3,3,0
1420,4,11,430,2016,1,2,18,1,0,1,0,0,0,0,2,2,6,2,3,3,0
1421,4,5,409,2016,1,5,9,1,1,0,1,0,0,0,3,6,3,0,3,3,0
1422,1,4,110,2016,1,1,2,0,0,1,0,0,0,0,1,5,3,2,3,3,0
1423,3,2,311,2016,1,5,8,1,0,0,0,1,0,1,3,0,7,0,3,3,0
1424,4,5,408,2016,1,2,20,1,1,1,0,0,0,0,3,5,2,2,3,3,0
1425,5,2,508,2016,1,5,17,0,0,1,0,0,0,0,1,5,7,2,3,3,0
1426,6,2,602,2016,1,6,19,2,0,1,0,0,0,0,3,1,2,2,3,3,0
1427,1,19,140,2016,1,1,17,0,0,0,0,0,0,1,1,0,7,2,3,3,0
1428,1,12,130,2016,1,1,14,0,0,1,0,0,0,0,1,5,3,0,3,3,0
1429,2,5,217,2016,1,2,7,2,0,1,0,0,1,0,4,4,1,2,3,3,0
1430,5,2,505,2016,1,7,9,0,0,1,0,0,0,0,1,5,3,0,3,3,0
1431,3,2,311,2016,1,5,18,1,0,1,1,0,0,0,3,6,4,2,3,3,0
1432,1,12,130,2016,1,1,19,1,0,1,0,0,0,1,3,5,3,2,3,3,0
1433,1,3,108,2016,1,5,21,1,0,1,0,0,0,0,2,5,2,2,3,3,0
1434,5,6,514,2016,1,7,16,0,1,1,0,0,0,0,2,0,2,2,3,3,0
1435,5,2,508,2016,1,1,12,0,0,1,0,0,0,0,1,5,2,0,3,3,0
1436,3,6,318,2016,1,2,7,1,1,1,0,0,0,0,3,5,2,2,3,3,0
1437,3,7,319,2016,1,7,19,1,1,1,0,0,0,0,3,5,2,2,3,3,0
1438,1,12,130,2016,1,4,6,1,0,1,0,0,0,0,2,2,6,2,3,3,0
1439,1,14,132,2016,1,3,7,0,0,1,1,0,0,0,2,6,2,2,3,2,1
1440,1,5,114,2016,1,5,22,2,0,1,1,0,0,0,4,6,4,2,3,3,0
1441,4,9,425,2016,1,7,12,0,0,1,0,0,0,0,1,1,6,0,3,3,0
1442,5,8,516,2016,1,7,12,0,0,1,0,0,0,0,1,2,2,0,3,3,0
1443,4,5,408,2016,1,4,6,0,0,1,0,0,0,1,2,2,6,2,3,3,0
1444,3,1,308,2016,1,2,18,1,0,1,1,0,0,0,3,6,4,2,3,2,1
1445,5,1,502,2016,1,6,11,2,1,1,0,0,0,0,4,5,3,0,3,3,0
1446,6,1,601,2016,1,6,17,0,0,1,1,0,0,0,2,6,4,1,3,3,0
1447,4,11,430,2016,1,7,14,0,0,1,0,0,0,0,1,5,3,0,3,3,0
1448,3,3,314,2016,1,2,20,1,1,1,0,0,0,0,3,5,3,2,3,3,0
1449,4,11,430,2016,1,6,14,1,0,1,0,0,0,0,2,5,3,0,3,3,0
1450,1,11,128,2016,1,6,12,1,0,1,0,0,0,0,2,5,3,0,3,3,0
1451,5,4,512,2016,1,3,17,2,0,1,0,0,0,0,3,8,1,2,3,3,0
1452,3,2,311,2016,1,1,1,1,0,1,0,0,0,0,2,5,3,2,3,3,0
1453,5,2,506,2016,1,3,7,0,1,1,0,0,0,0,2,4,2,2,3,3,0
1454,1,11,128,2016,1,4,7,1,0,1,0,0,0,1,3,4,2,2,3,3,0
1455,4,4,407,2016,1,7,16,1,1,0,0,0,0,1,3,5,3,1,3,3,0
1456,1,1,102,2016,1,7,16,0,0,1,0,0,0,0,1,5,3,2,3,2,1
1457,4,10,428,2016,1,4,15,0,0,1,0,0,1,0,2,1,6,0,3,3,0
1458,3,2,311,2016,1,2,11,1,0,1,0,0,0,0,2,2,6,0,3,3,0
1459,1,12,130,2016,1,5,7,0,0,1,1,0,0,0,2,6,4,2,3,3,0
1460,5,18,526,2016,1,6,8,1,1,1,0,0,0,0,3,4,2,0,3,3,0
1461,1,11,129,2016,1,7,14,1,0,1,1,0,0,0,3,6,7,0,3,3,0
1462,5,17,525,2016,1,3,19,2,0,1,0,0,0,1,4,5,3,2,3,3,0
1463,5,7,515,2016,1,7,14,1,0,1,1,0,0,0,3,6,4,0,3,2,1
1464,1,12,130,2016,1,4,19,1,1,1,0,0,0,0,3,3,2,1,3,3,0
1465,3,3,313,2016,1,2,10,1,1,1,0,0,0,0,3,5,3,0,3,3,0
1466,7,13,714,2016,1,6,19,1,0,1,1,0,0,0,3,6,4,2,3,3,0
1467,4,6,414,2016,1,4,7,1,0,1,1,0,0,0,3,6,4,1,3,3,0
1468,1,16,137,2016,1,1,21,2,0,1,0,0,0,1,4,8,5,2,3,3,0
1469,5,7,515,2016,1,5,18,2,0,1,0,0,0,0,3,2,6,2,3,3,0
1470,5,10,518,2016,1,7,13,1,1,1,0,0,0,0,3,5,3,0,3,3,0
1471,4,5,408,2016,1,7,9,1,0,0,0,0,0,1,2,9,1,0,3,3,0
1472,6,2,603,2016,1,1,6,1,0,1,0,0,0,1,3,1,1,2,3,2,1
1473,5,1,501,2016,1,7,13,1,1,1,0,0,0,0,3,0,3,0,3,3,0
1474,5,6,514,2016,1,1,14,1,0,1,0,0,0,0,2,3,2,0,3,3,0
1475,5,6,514,2016,1,7,14,0,0,1,0,0,0,0,1,2,6,0,3,3,0
1476,1,12,130,2016,1,6,18,1,0,1,0,0,0,0,2,2,6,2,3,3,0
1477,4,8,423,2016,1,4,5,1,0,1,0,0,1,0,3,2,2,2,3,3,0
1478,4,7,416,2016,1,7,18,1,0,1,0,0,0,0,2,5,3,2,3,3,0
1479,1,11,129,2016,1,6,0,1,0,1,0,0,0,0,2,9,1,2,3,3,0
1480,5,1,504,2016,2,5,17,0,0,1,0,0,0,0,1,4,7,2,3,3,0
1481,4,13,432,2016,2,3,17,1,0,1,0,0,0,0,2,1,6,2,3,3,0
1482,1,1,101,2016,1,7,19,1,0,1,0,0,0,1,3,0,3,2,3,3,0
1483,4,13,432,2016,2,2,15,0,0,1,0,0,0,0,1,2,6,0,3,3,0
1484,1,14,132,2016,1,3,17,0,0,1,0,0,0,1,2,5,2,2,3,2,1
1485,1,16,136,2016,2,5,18,0,0,1,0,0,0,1,2,8,1,2,3,2,1
1486,7,6,707,2016,1,3,7,0,0,1,1,0,0,0,2,6,2,2,3,3,0
1487,1,12,130,2016,2,4,18,1,0,1,1,0,0,0,3,6,4,2,3,3,0
1488,4,9,424,2016,2,4,18,1,0,0,0,1,0,0,2,0,1,2,3,3,0
1489,1,7,120,2016,2,6,8,0,1,1,0,0,0,0,2,5,3,0,3,3,0
1490,5,2,509,2016,2,2,12,1,1,1,0,0,0,0,3,5,3,0,3,3,0
1491,5,7,515,2016,1,5,21,0,0,0,0,0,0,1,1,7,7,2,3,3,0
1492,1,3,108,2016,2,2,18,0,0,1,0,0,0,0,1,2,2,2,3,3,0
1493,2,7,219,2016,1,6,9,0,1,1,0,0,0,0,2,0,7,0,3,3,0
1494,7,1,701,2016,1,1,15,0,0,0,1,0,0,1,2,6,3,0,3,3,0
1495,5,2,507,2016,1,3,11,0,0,1,1,0,0,0,2,0,7,0,3,3,0
1496,5,2,509,2016,2,5,16,0,1,1,0,0,0,0,2,5,3,0,3,3,0
1497,7,12,713,2016,1,3,10,0,0,1,0,0,0,0,1,9,7,0,3,3,0
1498,5,3,511,2016,2,4,7,0,0,1,0,0,0,0,1,5,3,0,3,3,0
1499,3,8,320,2016,2,4,19,1,0,1,0,0,0,0,2,2,6,2,3,3,0
1500,5,3,510,2016,2,6,20,1,0,1,0,0,0,0,2,2,2,2,3,3,0
1501,3,6,318,2016,2,2,9,1,0,0,0,0,0,1,2,0,7,0,3,3,0
1502,1,7,120,2016,2,1,13,0,0,1,0,0,0,0,1,3,6,0,3,3,0
1503,1,14,132,2016,2,7,2,1,0,1,1,0,0,0,3,0,4,2,3,3,0
1504,3,2,312,2016,2,6,20,1,0,1,0,0,0,0,2,2,6,2,3,3,0
1505,5,4,512,2016,1,7,10,1,0,1,0,0,0,0,2,3,7,0,3,3,0
1506,5,7,515,2016,1,3,17,0,1,0,1,0,0,0,2,6,7,2,3,2,1
1507,3,2,311,2016,2,4,15,0,0,0,1,0,0,1,2,6,4,0,3,2,1
1508,1,16,137,2016,2,3,6,1,1,1,0,0,0,0,3,4,2,2,3,3,0
1509,3,2,312,2016,2,3,19,1,1,0,1,0,0,0,3,6,3,2,3,3,0
1510,7,1,702,2016,1,7,2,0,0,0,0,0,0,1,1,8,1,2,3,2,1
1511,4,13,432,2016,1,3,21,1,0,1,1,0,0,0,3,6,2,2,3,2,1
1512,4,13,432,2016,2,5,13,0,0,1,0,1,0,0,2,5,3,0,3,3,0
1513,2,14,227,2016,2,4,14,0,0,0,1,0,0,1,2,6,2,0,3,3,0
1514,1,8,124,2016,1,5,9,0,1,1,0,0,0,0,2,4,2,0,3,3,0
1515,4,2,403,2016,2,4,17,1,0,1,1,0,0,0,3,6,3,2,3,3,0
1516,1,4,111,2016,2,1,0,0,0,1,0,0,0,0,1,5,3,2,3,3,0
1517,5,7,515,2016,2,7,3,1,0,1,0,0,0,0,2,0,1,2,3,3,0
1518,1,11,128,2016,1,2,6,0,0,1,0,0,0,1,2,7,7,2,3,3,0
1519,1,11,129,2016,2,5,17,1,0,1,0,1,0,0,3,0,6,2,3,3,0
1520,5,7,515,2016,2,3,18,1,0,0,1,0,0,1,3,6,3,2,3,3,0
1521,3,1,308,2016,1,7,20,1,0,1,0,0,0,0,2,1,6,2,3,3,0
1522,6,2,602,2016,2,2,16,1,0,1,0,0,0,0,2,2,6,0,3,3,0
1523,4,3,406,2016,2,6,6,1,0,1,1,0,0,0,3,6,2,2,3,3,0
1524,4,5,410,2016,2,7,15,0,1,1,0,0,0,0,2,5,3,0,3,3,0
1525,7,1,702,2016,2,6,13,0,0,1,0,0,0,0,1,2,6,0,3,3,0
1526,1,11,128,2016,1,2,16,1,0,1,0,0,0,0,2,3,7,0,3,3,0
1527,2,8,220,2016,2,5,9,1,0,1,0,0,0,1,3,0,6,0,3,3,0
1528,2,5,215,2016,2,7,17,0,0,0,0,0,0,1,1,0,2,2,3,3,0