SN,District,Imperial_Circle,Community,Year,Month,Weekday,Hour,Road,Cycle,Car,Pedestrians,Motorcycle,Goods Vehicle,Others,Total,Collision Type,Accident Type,Light Condition,Road Condition,Accident_Severity,Tend_to_Death
1831,5,7,515,2016,3,3,12,0,1,1,0,0,0,0,2,5,2,0,3,3,0
1832,6,14,615,2016,2,2,13,1,1,1,0,0,0,0,3,5,3,0,3,2,1
1833,4,8,423,2016,3,7,14,1,0,1,0,0,0,0,2,2,6,0,3,3,0
1834,4,8,423,2016,2,1,16,0,1,1,0,0,0,0,2,4,2,0,3,3,0
1835,1,11,128,2016,3,6,23,0,0,1,1,0,0,1,3,9,4,2,3,3,0
1836,1,16,136,2016,2,6,16,1,0,1,0,0,1,0,3,5,2,0,3,3,0
1837,3,3,314,2016,2,5,15,1,0,1,0,0,1,0,3,3,7,0,3,3,0
1838,4,5,411,2016,2,1,12,1,0,1,0,0,0,0,2,5,3,0,3,3,0
1839,5,12,520,2016,2,6,19,1,0,1,0,0,0,0,2,8,1,2,3,2,1
1840,5,18,526,2016,3,3,12,0,0,1,0,0,0,0,1,9,6,0,3,3,0
1841,3,9,321,2016,3,4,16,1,0,1,0,0,0,0,2,2,6,0,3,3,0
1842,1,4,111,2016,2,4,8,0,0,1,0,0,0,0,1,5,3,0,3,3,0
1843,2,8,220,2016,3,3,9,0,0,1,0,0,0,0,1,5,2,0,3,3,0
1844,1,12,130,2016,2,2,6,1,0,1,0,0,0,1,3,1,7,1,3,3,0
1845,1,1,101,2016,2,3,15,1,0,1,1,0,0,0,3,6,4,0,3,2,1
1846,5,7,515,2016,2,7,15,0,0,1,0,0,0,0,1,5,3,0,3,3,0
1847,2,1,203,2016,2,6,11,1,0,1,0,0,0,1,3,0,6,0,3,3,0
1848,2,8,220,2016,2,4,11,0,0,1,0,1,0,0,2,5,3,0,3,3,0
1849,7,1,702,2016,3,5,9,0,1,0,0,0,1,0,2,5,2,0,3,1,1
1850,2,4,211,2016,2,6,6,1,0,1,0,0,0,0,2,2,6,2,3,3,0
1851,1,5,114,2016,2,4,19,0,0,1,0,0,0,0,1,2,6,2,3,3,0
1852,2,5,215,2016,3,6,14,0,1,1,0,0,0,0,2,5,3,0,3,3,0
1853,3,8,320,2016,3,3,18,1,0,1,0,0,0,0,2,1,2,2,3,3,0
1854,1,12,130,2016,2,2,15,0,0,1,0,0,0,0,1,2,6,0,3,3,0
1855,2,4,214,2016,3,3,20,1,0,1,1,0,0,0,3,6,2,2,3,2,1
1856,1,17,138,2016,3,4,7,1,0,1,0,0,0,0,2,1,6,0,3,3,0
1857,7,1,702,2016,2,3,8,0,0,1,0,0,0,1,2,5,7,0,3,3,0
1858,1,5,114,2016,2,4,18,1,0,1,0,0,0,1,3,0,7,2,3,3,0
1859,3,3,313,2016,2,1,18,1,0,1,1,0,0,0,3,6,2,2,3,3,0
1860,5,1,501,2016,3,5,12,0,0,1,0,0,0,0,1,3,2,0,3,3,0
1861,3,2,312,2016,2,6,15,1,1,1,0,0,0,0,3,4,2,0,3,3,0
1862,1,16,137,2016,2,3,8,0,0,1,0,0,0,0,1,8,7,0,3,2,1
1863,2,4,213,2016,2,2,7,0,1,1,0,0,0,0,2,0,3,2,3,3,0
1864,4,5,409,2016,3,1,17,0,1,1,0,0,0,0,2,5,3,1,3,3,0
1865,2,5,215,2016,3,7,13,1,0,1,0,0,0,0,2,5,3,0,3,3,0
1866,2,10,222,2016,2,3,15,1,0,1,0,0,0,1,3,1,6,0,3,3,0
1867,5,7,515,2016,2,2,10,0,1,1,0,0,0,0,2,5,3,0,3,3,0
1868,2,10,222,2016,3,2,14,0,0,1,0,0,0,0,1,5,2,0,3,3,0
1869,1,12,130,2016,3,3,13,0,0,1,0,0,0,0,1,3,6,0,3,3,0
1870,6,1,601,2016,2,3,8,0,1,1,0,0,0,0,2,5,3,0,3,3,0
1871,5,6,514,2016,2,3,14,0,0,1,0,0,0,1,2,1,5,0,3,3,0
1872,1,3,108,2016,2,1,1,1,0,1,0,0,0,0,2,5,3,2,3,3,0
1873,3,3,313,2016,2,6,11,1,1,1,0,0,0,0,3,3,2,0,3,3,0
1874,4,13,432,2016,3,4,11,0,0,0,0,0,0,1,1,0,7,0,3,2,1
1875,1,12,130,2016,2,3,14,0,0,0,0,0,1,0,1,2,6,0,3,3,0
1876,1,14,132,2016,3,3,17,0,0,1,0,0,0,0,1,4,6,1,3,3,0
1877,1,14,132,2016,2,2,10,1,0,1,0,0,0,0,2,5,3,0,3,3,0
1878,1,5,114,2016,2,2,23,0,1,1,0,0,0,0,2,5,2,2,3,3,0
1879,5,5,513,2016,3,7,10,1,0,1,0,0,0,0,2,2,6,0,3,3,0
1880,5,5,513,2016,2,1,12,0,0,1,0,0,0,0,1,4,2,0,3,3,0
1881,7,13,714,2016,3,6,10,0,0,1,0,0,0,0,1,2,6,0,3,3,0
1882,1,6,115,2016,2,7,15,0,0,0,0,1,1,0,2,3,6,0,3,3,0
1883,3,1,304,2016,2,5,13,0,1,1,0,0,0,0,2,5,3,0,3,3,0
1884,4,10,427,2016,2,1,20,1,0,1,1,0,0,0,3,6,4,2,3,2,1
1885,2,4,212,2016,2,3,13,1,1,1,0,0,0,0,3,5,3,0,3,3,0
1886,5,5,513,2016,2,6,16,1,0,1,0,0,0,0,2,5,6,0,3,3,0
1887,1,5,114,2016,2,1,21,1,0,1,1,0,0,0,3,6,4,2,3,2,1
1888,1,3,108,2016,2,7,13,1,0,1,0,0,0,0,2,5,2,0,3,2,1
1889,6,2,602,2016,2,7,11,0,1,1,0,0,0,0,2,1,5,0,3,3,0
1890,1,4,112,2016,3,4,10,0,0,0,1,0,0,1,2,6,2,0,3,3,0
1891,5,6,514,2016,2,3,20,0,1,1,0,0,0,0,2,5,2,2,3,2,1
1892,4,6,415,2016,3,3,20,1,0,1,0,0,0,0,2,3,7,2,3,3,0
1893,5,4,512,2016,2,2,21,1,0,0,0,0,1,1,3,5,7,2,3,3,0
1894,3,2,312,2016,2,1,4,1,0,1,0,0,0,0,2,5,3,2,3,3,0
1895,1,13,131,2016,3,6,6,2,0,1,0,0,1,0,4,2,2,1,3,3,0
1896,1,11,129,2016,2,6,8,1,0,1,0,0,0,0,2,5,3,0,3,3,0
1897,7,10,711,2016,2,4,17,1,0,1,0,1,0,0,3,5,5,0,3,3,0
1898,5,1,504,2016,2,1,16,1,0,1,0,0,0,0,2,3,2,0,3,3,0
1899,5,16,524,2016,3,6,12,0,1,0,0,0,0,1,2,5,3,0,3,2,1
1900,4,10,426,2016,2,6,13,1,0,1,0,0,0,0,2,2,6,0,3,3,0
1901,5,4,512,2016,3,3,16,1,0,1,0,0,0,0,2,2,6,0,3,3,0
1902,2,1,201,2016,3,4,11,1,0,1,1,0,0,0,3,6,7,0,3,3,0
1903,5,4,512,2016,2,3,17,0,0,1,0,0,1,0,2,5,2,0,3,3,0
1904,3,1,309,2016,3,3,16,0,1,1,0,0,0,0,2,3,2,0,3,3,0
1905,1,7,120,2016,3,3,15,0,0,1,0,0,0,0,1,2,6,0,3,3,0
1906,5,5,513,2016,3,4,15,1,0,1,1,0,0,0,3,6,4,0,3,3,0
1907,5,2,507,2016,2,3,16,0,1,1,0,0,0,0,2,5,2,1,3,3,0
1908,3,8,320,2016,3,3,23,1,0,1,0,0,0,0,2,1,5,2,3,3,0
1909,5,7,515,2016,2,2,19,0,0,1,0,0,0,0,1,2,6,2,3,3,0
1910,1,12,130,2016,2,7,19,0,0,1,1,0,0,0,2,6,2,2,3,3,0
1911,5,7,515,2016,2,6,8,1,0,1,0,0,1,0,3,3,6,0,3,3,0
1912,3,9,321,2016,2,4,15,0,0,0,0,0,1,1,2,2,2,0,3,3,0
1913,3,6,318,2016,3,6,8,0,0,1,1,0,0,0,2,6,4,0,3,3,0
1914,1,4,111,2016,2,6,18,0,1,1,0,0,0,0,2,5,3,2,3,3,0
1915,5,18,526,2016,2,2,17,0,0,1,0,1,0,0,2,5,3,0,3,3,0
1916,1,16,136,2016,3,2,22,0,0,1,1,0,0,0,2,0,4,2,3,3,0
1917,6,14,615,2016,3,3,12,0,0,1,0,0,1,0,2,9,5,0,3,2,1
1918,5,2,508,2016,2,3,14,0,0,1,0,0,0,0,1,4,2,0,3,3,0
1919,1,11,129,2016,2,3,12,1,1,1,0,0,0,0,3,5,3,0,3,3,0
1920,1,11,129,2016,2,7,20,1,0,1,1,0,0,0,3,6,3,2,3,2,1
1921,4,2,403,2016,3,5,7,0,0,1,1,0,0,0,2,6,7,0,3,3,0
1922,7,9,710,2016,2,5,7,2,0,1,0,0,0,0,3,8,1,0,3,3,0
1923,4,8,421,2016,2,7,15,0,1,0,1,0,0,0,2,6,7,0,3,2,1
1924,4,9,425,2016,2,5,19,1,0,1,1,0,0,0,3,6,2,2,3,3,0
1925,5,18,526,2016,3,5,16,0,1,1,0,0,0,0,2,5,3,0,3,3,0
1926,1,12,130,2016,2,5,19,0,0,1,0,0,0,0,1,2,2,2,3,3,0
1927,5,3,510,2016,2,3,13,0,0,1,0,0,1,0,2,2,6,0,3,3,0
1928,4,5,408,2016,2,2,15,0,1,1,0,0,0,0,2,5,3,0,3,3,0
1929,2,1,202,2016,3,2,10,0,0,1,0,0,0,0,1,2,6,0,3,3,0
1930,1,6,117,2016,3,3,18,1,0,1,0,0,0,1,3,0,6,2,3,3,0
1931,4,13,432,2016,2,3,7,0,0,1,1,0,0,0,2,6,4,1,3,3,0
1932,3,8,320,2016,3,7,14,1,0,1,0,0,0,0,2,2,6,0,3,3,0
1933,5,7,515,2016,2,3,17,0,0,1,0,0,0,0,1,2,6,0,3,3,0
1934,3,3,314,2016,2,7,14,1,0,1,0,0,0,0,2,5,3,0,3,3,0
1935,1,11,129,2016,2,7,14,1,0,1,0,0,0,0,2,5,3,0,3,3,0
1936,1,12,130,2016,2,5,18,1,0,1,0,0,0,0,2,5,3,2,3,2,1
1937,5,1,501,2016,3,4,6,2,0,1,0,0,0,0,3,2,6,0,3,3,0
1938,4,10,428,2016,2,3,7,0,0,1,0,0,0,1,2,5,3,0,3,3,0
1939,5,2,509,2016,3,3,8,0,0,1,0,0,0,0,1,1,5,1,3,3,0
1940,5,7,515,2016,2,2,16,0,1,1,0,0,0,0,2,5,3,0,3,3,0
1941,1,15,134,2016,2,1,15,0,0,1,0,0,0,0,1,3,6,0,3,3,0
1942,4,5,408,2016,3,7,18,1,0,1,1,0,0,0,3,6,4,1,3,3,0
1943,2,4,212,2016,2,3,18,0,0,1,0,0,0,0,1,9,1,2,3,2,1
1944,3,3,313,2016,2,2,16,0,1,1,0,0,0,0,2,5,2,0,3,2,1
1945,2,5,216,2016,3,1,20,0,0,1,0,0,0,0,1,0,1,2,3,3,0
1946,3,6,318,2016,3,7,17,1,0,1,0,0,0,0,2,1,6,1,3,3,0
1947,4,8,421,2016,2,5,14,0,0,1,0,0,0,0,1,2,6,0,3,3,0
1948,4,2,405,2016,2,3,7,0,0,1,0,0,0,0,1,2,6,0,3,3,0
1949,1,12,130,2016,2,6,14,1,0,1,0,0,0,0,2,5,3,0,3,3,0
1950,5,4,512,2016,2,7,16,1,0,1,0,0,0,0,2,5,3,1,3,3,0
1951,6,14,615,2016,3,3,15,0,0,1,0,0,0,0,1,5,2,0,3,3,0
1952,5,3,510,2016,2,2,18,0,1,1,0,0,0,0,2,5,3,1,3,3,0
1953,5,1,504,2016,3,3,8,0,0,1,0,0,0,0,1,2,6,0,3,3,0
1954,5,7,515,2016,2,2,15,0,0,1,1,0,0,0,2,6,4,0,3,2,1
1955,1,5,114,2016,2,1,6,0,0,1,0,0,0,0,1,0,1,2,3,3,0
1956,5,2,509,2016,3,6,7,2,0,1,0,0,0,0,3,5,3,0,3,3,0
1957,5,6,514,2016,2,6,9,1,0,1,0,0,0,0,2,2,6,0,3,3,0
1958,5,7,515,2016,2,4,9,1,1,1,0,0,0,0,3,5,2,0,3,3,0
1959,3,2,312,2016,2,1,3,0,0,1,0,0,0,0,1,5,3,2,3,3,0
1960,4,8,420,2016,3,6,13,0,0,1,0,0,0,0,1,2,6,0,3,3,0
1961,2,5,217,2016,2,6,20,1,0,1,1,0,0,0,3,0,4,2,3,3,0
1962,4,4,407,2016,2,1,12,0,0,1,0,0,0,0,1,4,2,0,3,3,0
1963,7,8,709,2016,3,6,14,0,1,1,0,0,0,0,2,5,2,0,3,3,0
1964,1,19,140,2016,2,6,15,1,0,1,0,0,0,0,2,2,6,0,3,3,0
1965,3,2,311,2016,2,5,18,1,0,1,0,0,0,0,2,2,6,2,3,3,0
1966,1,1,101,2016,2,1,12,1,0,1,0,0,0,0,2,3,2,0,3,3,0
1967,5,4,512,2016,2,6,13,1,0,1,0,0,0,0,2,1,6,0,3,3,0
1968,5,6,514,2016,2,7,12,1,0,1,0,0,0,0,2,2,2,0,3,3,0
1969,1,8,122,2016,3,3,6,1,1,1,0,0,0,0,3,5,3,1,3,3,0
1970,4,8,423,2016,3,4,12,1,0,0,0,1,0,0,2,0,1,0,3,3,0
1971,5,7,515,2016,2,2,20,0,0,1,1,0,0,0,2,6,3,2,3,3,0
1972,2,7,219,2016,3,3,7,0,1,0,0,0,0,0,1,3,7,0,3,3,0
1973,4,12,431,2016,2,2,21,1,0,1,0,0,0,0,2,5,3,2,3,3,0
1974,5,2,506,2016,2,7,14,0,0,1,0,0,0,0,1,1,7,0,3,3,0
1975,2,12,225,2016,2,6,16,1,1,1,0,0,0,0,3,1,5,0,3,3,0
1976,2,11,224,2016,2,4,6,2,1,0,0,0,0,0,3,0,7,2,3,3,0
1977,3,2,312,2016,3,6,17,0,1,0,0,0,0,0,1,4,6,2,3,3,0
1978,1,11,129,2016,2,5,15,1,0,1,0,0,0,0,2,2,6,0,3,3,0
1979,5,11,519,2016,2,2,7,2,1,0,0,0,0,1,4,3,6,0,3,3,0
1980,5,3,510,2016,2,2,19,0,1,1,0,0,0,0,2,3,2,2,3,3,0
1981,4,5,413,2016,3,2,18,0,0,1,1,0,0,0,2,6,4,1,3,3,0
1982,6,2,602,2016,3,3,7,0,0,1,0,0,0,0,1,1,6,0,3,3,0
1983,4,4,407,2016,2,2,9,0,0,1,0,0,0,0,1,2,6,0,3,3,0
1984,5,16,524,2016,3,3,19,1,0,1,1,0,0,0,3,6,4,2,3,2,1
1985,1,3,108,2016,3,4,8,1,0,1,0,0,0,1,3,3,7,0,3,3,0
1986,4,5,412,2016,2,2,16,0,1,0,0,0,0,0,1,8,1,0,3,3,0
1987,2,2,207,2016,3,3,13,0,1,0,1,0,0,0,2,6,6,0,3,3,0
1988,2,9,221,2016,2,2,12,1,0,1,0,0,0,0,2,1,5,0,3,3,0
1989,1,1,101,2016,2,4,11,1,1,0,0,0,0,1,3,5,7,0,3,3,0
1990,4,13,432,2016,3,5,13,0,1,1,0,0,0,0,2,5,3,0,3,3,0
1991,1,13,131,2016,2,5,9,1,0,1,0,0,0,0,2,4,2,0,3,3,0
1992,2,1,206,2016,2,2,11,0,0,0,0,0,0,1,1,1,7,0,3,3,0
1993,3,4,315,2016,2,2,8,0,0,1,0,0,0,0,1,2,6,0,3,3,0
1994,1,7,120,2016,3,1,15,0,0,1,0,0,0,0,1,1,6,0,3,3,0
1995,2,9,221,2016,3,7,17,1,0,1,0,0,0,0,2,1,6,1,3,3,0
1996,5,1,502,2016,2,3,20,0,0,0,0,0,0,1,1,0,7,2,3,3,0
1997,1,4,112,2016,2,7,18,1,0,0,1,0,0,1,3,6,2,2,3,3,0
1998,5,7,515,2016,2,7,18,1,0,1,0,0,0,0,2,5,2,2,3,3,0
1999,1,11,128,2016,2,3,11,0,0,1,0,1,0,0,2,3,5,0,3,3,0
2000,5,7,515,2016,2,7,0,0,0,1,0,0,0,0,1,0,7,2,3,3,0
2001,1,3,105,2016,3,5,22,1,0,0,1,0,0,1,3,6,7,2,3,2,1
2002,5,18,526,2016,2,5,7,2,1,0,0,0,0,1,4,5,3,0,3,3,0
2003,1,5,114,2016,2,2,18,0,1,1,0,0,0,0,2,5,3,2,3,3,0
2004,1,4,109,2016,2,2,19,0,1,1,0,0,0,0,2,0,7,2,3,3,0
2005,1,5,114,2016,3,1,20,1,0,1,1,0,0,0,3,6,3,2,3,3,0
2006,6,4,605,2016,2,1,15,0,0,1,0,1,0,0,2,0,3,0,3,3,0
2007,1,1,101,2016,3,7,20,1,0,1,0,0,0,0,2,5,3,2,3,3,0
2008,3,2,312,2016,2,7,10,0,0,1,0,0,0,0,1,2,6,0,3,3,0
2009,2,8,220,2016,2,5,12,0,0,1,0,0,0,0,1,4,2,0,3,3,0
2010,2,1,203,2016,2,3,6,0,0,1,0,0,0,1,2,4,2,1,3,3,0
2011,5,4,512,2016,2,6,16,0,1,1,0,0,0,0,2,5,3,0,3,3,0
2012,5,17,525,2016,2,7,18,1,0,1,0,0,0,0,2,5,2,2,3,3,0
2013,1,7,119,2016,3,3,8,0,0,1,1,0,0,0,2,6,7,0,3,3,0
2014,5,18,526,2016,3,4,6,1,0,1,0,0,0,1,3,2,6,1,3,3,0
2015,7,16,717,2016,2,1,17,1,1,1,0,0,0,0,3,5,2,2,3,3,0
2016,4,7,416,2016,3,3,8,0,1,0,0,0,0,0,1,4,7,0,3,3,0
2017,1,5,114,2016,2,2,22,1,0,1,0,0,0,0,2,1,5,2,3,3,0
2018,4,13,432,2016,2,5,17,0,0,1,1,0,0,0,2,6,4,0,3,3,0
2019,3,5,317,2016,3,4,15,0,0,1,0,0,0,0,1,3,6,0,3,3,0
2020,7,9,710,2016,2,1,19,1,0,1,1,0,0,0,3,6,2,2,3,2,1
2021,5,16,524,2016,3,3,8,0,1,0,0,0,0,1,2,3,2,0,3,3,0
2022,1,5,113,2016,2,2,13,1,0,1,0,0,0,1,3,2,2,0,3,3,0
2023,4,6,414,2016,2,1,12,0,0,1,0,0,0,0,1,3,6,0,3,3,0
2024,1,12,130,2016,3,6,16,0,0,1,0,1,0,0,2,5,3,0,3,3,0
2025,6,2,602,2016,2,6,10,1,1,1,0,0,0,0,3,5,3,0,3,3,0
2026,1,4,112,2016,2,5,19,1,1,1,0,0,0,0,3,5,2,2,3,3,0
2027,1,3,108,2016,2,1,2,0,0,0,1,0,0,1,2,6,4,2,3,3,0
2028,4,13,432,2016,2,6,18,1,0,1,0,0,0,0,2,2,6,1,3,3,0
2029,5,18,526,2016,3,3,12,0,0,1,0,0,0,0,1,5,3,0,3,3,0
2030,3,5,317,2016,3,4,20,1,0,1,1,0,0,0,3,6,2,2,3,3,0
2031,6,5,606,2016,2,1,20,1,0,1,0,0,0,0,2,8,1,2,3,2,1
2032,2,3,210,2016,3,3,7,0,1,0,1,0,0,0,2,6,4,0,3,3,0
2033,1,12,130,2016,2,1,3,1,0,1,0,0,0,0,2,2,6,2,3,3,0
2034,4,8,420,2016,2,7,1,1,0,1,0,0,0,0,2,1,5,2,3,3,0
2035,6,1,601,2016,2,5,16,1,0,1,1,0,0,0,3,6,4,0,3,3,0
2036,3,5,317,2016,2,4,16,0,0,1,0,0,0,0,1,3,5,0,3,2,1
2037,6,2,602,2016,3,5,18,1,1,1,0,0,0,0,3,5,3,2,3,3,0
2038,1,13,131,2016,2,4,18,0,0,1,0,0,1,0,2,3,2,2,3,2,1
2039,1,16,136,2016,2,7,2,0,0,1,0,0,0,0,1,1,1,2,3,3,0
2040,5,8,516,2016,2,6,23,1,0,1,0,0,0,0,2,3,6,2,3,3,0
2041,4,8,422,2016,2,4,18,0,0,1,1,0,0,0,2,6,4,2,3,2,1
2042,2,8,220,2016,3,6,13,0,0,1,0,0,0,1,2,2,6,0,3,3,0
2043,3,7,319,2016,3,3,15,0,0,1,0,0,0,0,1,1,3,0,3,3,0
2044,1,6,116,2016,2,2,14,0,0,1,0,0,0,0,1,2,2,0,3,3,0
2045,1,5,114,2016,3,3,14,0,1,1,0,0,0,0,2,1,5,0,3,3,0
2046,1,19,140,2016,3,4,7,1,0,1,0,0,0,0,2,4,3,2,3,3,0
2047,6,1,601,2016,2,1,17,1,0,1,0,0,0,0,2,5,3,2,3,3,0
2048,7,10,711,2016,2,3,14,1,0,1,0,0,1,0,3,1,6,0,3,3,0
2049,4,5,413,2016,2,7,14,1,0,1,1,0,0,0,3,6,4,0,3,3,0
2050,2,7,219,2016,3,5,16,1,0,1,0,0,1,0,3,2,6,0,3,3,0
2051,5,4,512,2016,2,4,13,0,0,1,0,0,0,0,1,2,6,0,3,3,0
2052,6,11,612,2016,2,1,12,1,0,1,0,0,0,1,3,3,2,0,3,3,0
2053,1,8,123,2016,2,1,19,1,1,1,0,0,0,0,3,5,3,2,3,3,0
2054,4,3,406,2016,2,2,0,0,0,1,0,0,0,0,1,5,3,2,3,3,0
2055,3,5,317,2016,3,2,8,0,1,1,0,0,0,0,2,4,3,0,3,3,0
2056,1,11,129,2016,3,3,7,0,0,1,1,0,0,0,2,6,4,0,3,2,1
2057,5,4,512,2016,2,1,10,1,0,1,0,0,0,1,3,0,7,0,3,3,0
2058,3,9,321,2016,3,7,14,1,0,1,1,0,0,0,3,0,4,0,3,3,0
2059,5,2,508,2016,2,3,13,1,0,1,0,0,0,0,2,5,3,0,3,3,0
2060,2,5,215,2016,2,7,15,1,0,1,0,0,0,0,2,5,3,0,3,3,0
2061,2,8,220,2016,2,7,19,1,0,1,0,0,0,0,2,5,3,2,3,3,0
2062,5,3,510,2016,2,4,17,0,0,1,0,0,0,0,1,3,2,1,3,3,0
2063,4,5,408,2016,3,4,5,2,1,0,0,0,0,0,3,0,1,2,3,3,0
2064,5,18,526,2016,3,3,10,0,0,1,0,0,0,0,1,2,6,0,3,3,0
2065,5,6,514,2016,2,1,11,0,1,1,0,0,0,0,2,5,3,0,3,2,1
2066,1,17,138,2016,2,1,14,0,0,1,1,0,0,0,2,6,4,0,3,2,1
2067,4,13,432,2016,3,7,9,1,1,1,0,0,0,0,3,5,2,0,3,3,0
2068,5,11,519,2016,2,1,20,0,0,1,0,0,0,0,1,2,2,0,3,3,0
2069,7,16,717,2016,3,6,14,0,0,1,0,0,0,0,1,2,2,0,3,3,0
2070,1,5,114,2016,2,7,13,0,0,1,1,0,0,0,2,6,4,0,3,3,0
2071,3,2,312,2016,2,5,19,1,0,1,0,0,0,1,3,3,6,2,3,3,0
2072,1,3,106,2016,2,1,18,1,0,1,1,0,0,0,3,6,2,2,3,2,1
2073,3,3,314,2016,2,3,17,1,0,1,0,0,0,0,2,5,2,2,3,3,0
2074,5,18,526,2016,2,6,11,1,0,1,0,0,0,0,2,5,3,0,3,3,0
2075,3,9,321,2016,3,3,6,0,1,1,0,0,0,0,2,5,3,1,3,3,0
2076,1,4,112,2016,4,6,9,0,0,1,0,1,0,0,2,2,6,0,3,3,0
2077,5,18,526,2016,3,5,9,0,1,0,0,0,0,1,2,5,2,0,3,3,0
2078,3,5,317,2016,4,2,19,0,1,0,0,0,1,0,2,3,6,0,3,3,0
2079,7,14,715,2016,3,3,16,0,0,1,1,0,0,0,2,6,4,0,3,2,1
2080,5,6,514,2016,4,7,16,0,0,1,0,0,0,0,1,5,3,0,3,3,0
2081,5,4,512,2016,3,4,14,0,0,1,0,0,0,0,1,2,6,0,3,3,0
2082,3,1,301,2016,3,2,12,1,1,1,0,0,0,0,3,0,7,0,3,3,0
2083,4,7,416,2016,3,6,7,1,1,0,0,0,0,0,2,3,6,0,3,2,1
2084,1,16,137,2016,3,1,20,0,0,1,0,0,0,1,2,0,3,2,3,3,0
2085,4,10,429,2016,3,4,14,1,0,1,0,1,0,0,3,2,6,0,3,3,0
2086,3,2,312,2016,3,3,14,0,0,1,0,0,1,0,2,1,6,0,3,3,0
2087,4,13,432,2016,4,3,20,1,0,1,1,0,0,0,3,6,4,2,3,2,1
2088,2,5,217,2016,3,2,16,1,0,1,0,0,0,0,2,2,6,0,3,3,0
2089,7,13,714,2016,3,4,12,0,0,1,0,1,0,0,2,5,3,0,3,3,0
2090,5,4,512,2016,3,7,14,0,0,1,0,1,0,0,2,4,2,0,3,3,0
2091,4,11,430,2016,3,5,13,0,1,1,0,0,0,0,2,5,3,0,3,3,0
2092,1,5,114,2016,3,5,14,0,1,1,0,0,0,0,2,5,2,0,3,3,0
2093,3,1,310,2016,4,7,23,0,0,1,0,0,0,0,1,1,6,2,3,3,0
2094,1,6,117,2016,3,4,10,0,0,1,0,0,0,0,1,5,3,0,3,3,0
2095,3,8,320,2016,3,7,13,0,1,0,1,0,0,0,2,6,7,0,3,3,0
2096,3,9,321,2016,3,6,4,1,0,1,1,0,0,0,3,6,2,2,3,3,0
2097,2,11,224,2016,3,6,7,0,0,1,0,0,1,0,2,2,2,0,3,3,0
2098,4,5,408,2016,3,1,0,0,0,1,0,0,0,0,1,7,1,2,3,3,0
2099,4,7,417,2016,3,4,17,1,0,1,0,0,0,1,3,2,6,0,3,3,0
2100,1,5,114,2016,3,3,14,0,0,1,0,0,0,0,1,2,6,0,3,3,0
2101,3,2,311,2016,4,3,9,0,1,1,0,0,0,0,2,1,7,0,3,3,0
2102,3,2,312,2016,3,2,13,0,0,1,0,0,0,0,1,5,3,0,3,3,0
2103,4,11,430,2016,3,7,15,0,0,1,0,0,0,0,1,2,6,0,3,3,0
2104,1,4,112,2016,3,5,19,0,0,1,0,0,0,0,1,1,6,2,3,3,0
2105,7,10,711,2016,4,7,17,0,0,1,0,0,1,0,2,4,6,0,3,3,0
2106,5,5,513,2016,3,4,11,0,0,1,0,0,0,0,1,2,6,0,3,3,0
2107,5,18,526,2016,3,6,14,0,0,1,0,1,0,0,2,5,3,0,3,3,0
2108,5,16,524,2016,3,3,16,1,0,1,0,0,0,0,2,4,6,0,3,3,0
2109,4,5,408,2016,4,6,16,0,0,1,0,0,0,0,1,2,6,0,3,3,0
2110,2,5,216,2016,3,1,6,0,0,1,0,0,0,1,2,5,3,1,3,3,0
2111,4,13,432,2016,4,2,9,1,0,1,0,0,0,0,2,5,3,0,3,3,0
2112,5,17,525,2016,3,4,18,0,1,1,0,0,0,0,2,5,2,1,3,2,1
2113,3,9,321,2016,4,1,10,0,0,1,0,0,0,1,2,2,6,0,3,3,0
2114,7,1,702,2016,3,1,15,0,0,1,0,0,0,0,1,5,3,0,3,3,0
2115,3,6,318,2016,3,1,18,0,0,1,0,0,0,0,1,5,3,1,3,3,0
2116,7,9,710,2016,3,3,16,0,0,1,1,0,0,0,2,6,4,0,3,3,0
2117,5,8,516,2016,4,2,11,0,1,1,0,0,0,0,2,5,3,0,3,3,0
2118,6,1,601,2016,4,1,15,0,0,1,0,1,0,0,2,1,5,0,3,3,0
2119,2,8,220,2016,3,3,9,1,0,1,0,0,0,1,3,3,7,0,3,3,0
2120,4,9,425,2016,3,1,23,0,0,1,0,1,0,0,2,5,2,2,3,2,1
2121,5,18,526,2016,4,6,17,0,0,1,0,1,0,0,2,4,7,0,3,3,0
2122,5,2,508,2016,3,4,6,0,0,1,0,0,0,0,1,3,7,0,3,3,0
2123,4,13,432,2016,3,6,11,0,0,1,0,0,0,0,1,5,3,0,3,3,0
2124,1,20,141,2016,3,7,17,0,0,1,0,0,0,0,1,9,1,0,3,3,0
2125,4,11,430,2016,3,3,15,0,0,1,0,0,0,0,1,1,6,0,3,3,0
2126,3,6,318,2016,4,6,9,0,1,1,0,0,0,0,2,5,2,0,3,3,0
2127,1,6,117,2016,3,5,17,0,0,1,1,0,0,0,2,6,7,0,3,3,0
2128,2,8,220,2016,4,2,9,1,0,1,1,0,0,0,3,6,2,0,3,3,0
2129,3,3,314,2016,3,4,19,0,1,1,0,0,0,0,2,4,2,2,3,3,0
2130,7,1,702,2016,4,7,13,0,0,1,0,0,0,0,1,1,6,0,3,3,0
2131,4,10,429,2016,3,4,19,0,1,0,0,0,0,1,2,4,2,2,3,3,0
2132,1,11,129,2016,3,1,18,0,0,1,0,0,0,0,1,5,7,1,3,3,0