SN,District,Imperial_Circle,Community,Year,Month,Weekday,Hour,Road,Cycle,Car,Pedestrians,Motorcycle,Goods Vehicle,Others,Total,Collision Type,Accident Type,Light Condition,Road Condition,Accident_Severity,Tend_to_Death
2133,5,7,515,2016,3,4,17,0,0,1,1,0,0,0,2,6,7,0,3,3,0
2134,2,11,223,2016,3,6,8,1,0,1,0,0,0,0,2,2,2,0,3,3,0
2135,4,12,431,2016,3,4,7,0,1,1,0,0,0,0,2,5,2,0,3,3,0
2136,5,5,513,2016,3,7,11,0,0,1,0,0,0,0,1,1,5,0,3,3,0
2137,1,7,120,2016,4,3,18,1,1,1,0,0,0,0,3,5,3,0,3,3,0
2138,2,5,215,2016,3,3,15,0,0,1,0,0,0,0,1,1,6,0,3,3,0
2139,1,3,108,2016,4,6,15,0,0,1,0,0,0,0,1,4,2,0,3,3,0
2140,5,7,515,2016,3,5,10,0,0,1,0,0,0,0,1,2,6,0,3,3,0
2141,2,7,219,2016,3,1,12,1,0,1,0,0,0,0,2,3,6,0,3,3,0
2142,1,4,112,2016,3,7,12,0,0,1,0,0,0,0,1,2,6,0,3,3,0
2143,3,3,314,2016,4,2,7,0,1,1,0,0,0,0,2,2,6,0,3,3,0
2144,4,9,425,2016,3,3,14,0,1,1,0,0,0,0,2,3,2,0,3,3,0
2145,5,18,526,2016,4,7,21,0,0,1,0,0,0,0,1,2,6,2,3,3,0
2146,4,6,415,2016,3,4,17,0,1,1,0,0,0,0,2,5,3,0,3,3,0
2147,1,12,130,2016,3,1,16,0,0,1,0,0,0,0,1,2,6,0,3,3,0
2148,2,1,206,2016,3,6,16,0,1,1,0,0,0,0,2,4,6,0,3,2,1
2149,2,7,219,2016,3,7,17,0,0,1,0,0,0,0,1,5,3,0,3,3,0
2150,4,12,431,2016,3,4,12,0,0,1,0,0,0,1,2,2,6,0,3,3,0
2151,7,4,705,2016,3,2,19,1,0,1,0,0,0,1,3,2,6,2,3,3,0
2152,4,10,426,2016,4,3,14,0,0,1,1,0,0,0,2,6,4,0,3,2,1
2153,3,9,321,2016,3,2,15,1,1,1,0,0,0,0,3,5,2,0,3,3,0
2154,5,5,513,2016,3,4,23,0,0,1,0,0,0,0,1,0,7,2,3,3,0
2155,5,7,515,2016,3,7,22,0,1,0,0,0,0,0,1,0,7,2,3,3,0
2156,4,7,416,2016,3,5,9,0,0,1,0,0,0,0,1,2,6,0,3,3,0
2157,7,15,716,2016,3,4,17,0,0,1,0,0,0,0,1,4,1,0,3,2,1
2158,4,2,403,2016,3,7,16,0,0,1,0,0,0,0,1,0,7,0,3,3,0
2159,5,18,526,2016,3,4,17,0,0,1,1,0,0,0,2,6,4,0,3,3,0
2160,7,10,711,2016,3,2,11,1,0,1,0,0,0,0,2,5,3,0,3,3,0
2161,5,8,516,2016,4,3,12,0,1,0,1,0,0,0,2,6,4,0,3,3,0
2162,7,1,702,2016,3,5,5,0,0,1,0,0,0,1,2,4,2,2,3,3,0
2163,6,10,611,2016,3,2,19,1,0,0,0,1,0,0,2,8,1,0,3,3,0
2164,3,2,312,2016,3,5,17,0,1,0,0,0,0,1,2,0,3,0,3,3,0
2165,1,12,130,2016,3,7,14,0,1,0,1,0,0,0,2,6,7,0,3,3,0
2166,7,1,702,2016,3,5,12,0,0,1,0,0,0,0,1,8,7,0,3,3,0
2167,1,20,141,2016,3,4,6,2,0,0,0,1,0,0,3,0,1,2,3,2,1
2168,3,7,319,2016,4,7,13,0,0,1,0,0,0,0,1,5,3,0,3,3,0
2169,4,10,427,2016,3,4,16,0,0,1,0,1,0,0,2,5,3,0,3,3,0
2170,1,4,109,2016,3,6,11,0,0,0,0,0,1,1,2,5,3,0,3,3,0
2171,6,2,603,2016,3,6,11,0,0,1,0,0,0,1,2,2,6,0,3,3,0
2172,3,7,319,2016,3,4,6,1,0,1,0,0,0,1,3,1,6,0,3,3,0
2173,1,16,136,2016,3,2,18,1,1,1,0,0,0,0,3,5,2,2,3,3,0
2174,7,6,707,2016,4,2,19,0,0,1,0,0,0,0,1,5,2,1,3,3,0
2175,2,7,219,2016,3,3,8,0,1,1,0,0,0,0,2,5,7,0,3,3,0
2176,6,14,615,2016,3,1,17,0,1,1,0,0,0,0,2,5,3,0,3,3,0
2177,2,11,223,2016,3,7,10,0,0,1,0,0,0,0,1,2,6,0,3,2,1
2178,7,4,705,2016,3,4,16,0,0,1,0,0,0,0,1,5,2,0,3,2,1
2179,1,16,137,2016,4,6,7,0,1,0,0,0,1,0,2,3,2,0,3,3,0
2180,2,8,220,2016,3,4,13,0,0,1,0,0,0,0,1,2,6,0,3,3,0
2181,1,14,133,2016,4,3,10,0,1,0,0,0,1,0,2,5,3,0,3,3,0
2182,5,18,526,2016,3,6,12,0,0,1,0,0,0,1,2,2,6,0,3,3,0
2183,5,2,505,2016,3,6,9,0,0,1,1,0,0,0,2,6,7,0,3,3,0
2184,1,4,112,2016,4,7,4,0,0,1,0,0,0,0,1,2,7,2,3,3,0
2185,3,2,311,2016,3,7,15,0,0,1,0,0,0,0,1,1,6,0,3,3,0
2186,7,9,710,2016,3,5,5,0,0,1,1,0,0,0,2,6,2,2,3,3,0
2187,1,16,137,2016,3,3,11,0,0,0,1,0,0,1,2,6,3,0,3,3,0
2188,5,7,515,2016,4,6,11,0,0,1,0,1,0,0,2,0,7,0,3,3,0
2189,5,2,507,2016,3,6,15,0,0,1,0,0,0,0,1,5,3,0,3,3,0
2190,5,17,525,2016,4,2,19,0,1,1,0,0,0,0,2,5,3,2,3,3,0
2191,1,13,131,2016,3,4,15,0,0,1,0,0,0,1,2,5,3,0,3,3,0
2192,5,2,507,2016,4,1,13,0,1,0,0,0,0,0,1,0,1,0,3,3,0
2193,4,10,429,2016,3,1,16,0,0,1,0,0,0,0,1,4,2,0,3,3,0
2194,5,3,511,2016,4,6,15,0,0,0,1,1,0,0,2,6,4,0,3,2,1
2195,3,7,319,2016,3,4,12,0,0,1,0,0,0,1,2,3,5,0,3,3,0
2196,5,7,515,2016,3,6,3,0,0,1,0,0,0,0,1,0,7,2,3,3,0
2197,4,7,417,2016,3,3,5,0,0,1,1,0,0,0,2,6,2,2,3,3,0
2198,3,1,309,2016,4,6,20,0,0,1,0,1,0,0,2,5,3,2,3,2,1
2199,5,6,514,2016,3,5,7,0,0,1,0,1,0,0,2,5,5,0,3,3,0
2200,3,6,318,2016,4,2,16,0,1,0,0,0,0,1,2,5,3,0,3,3,0
2201,1,5,114,2016,3,4,18,0,0,0,0,0,0,1,1,3,7,2,3,3,0
2202,1,12,130,2016,4,7,14,0,0,1,0,0,0,0,1,5,3,0,3,2,1
2203,5,10,518,2016,3,3,9,0,0,1,0,1,0,0,2,2,6,0,3,3,0
2204,2,8,220,2016,4,6,19,0,0,0,1,0,0,1,2,6,4,1,3,2,1
2205,4,8,423,2016,3,6,8,0,1,1,0,0,0,0,2,5,3,0,3,3,0
2206,3,8,320,2016,4,2,8,1,1,0,0,0,0,0,2,5,2,0,3,3,0
2207,4,5,413,2016,3,4,18,0,1,1,0,0,0,0,2,3,6,1,3,3,0
2208,1,3,108,2016,4,1,15,0,0,1,0,0,0,1,2,1,6,0,3,3,0
2209,4,13,432,2016,3,1,15,0,0,1,0,0,0,0,1,5,3,0,3,3,0
2210,6,1,601,2016,3,3,11,0,1,0,1,0,0,0,2,6,3,0,3,3,0
2211,7,1,701,2016,3,5,15,0,0,0,0,0,0,1,1,0,7,0,3,3,0
2212,4,6,415,2016,3,6,17,0,1,0,1,0,0,0,2,6,4,0,3,3,0
2213,5,6,514,2016,3,4,19,0,0,1,0,0,0,0,1,2,6,1,3,3,0
2214,6,1,601,2016,3,2,8,1,1,1,0,0,0,0,3,5,2,0,3,2,1
2215,5,4,512,2016,4,3,11,0,0,1,0,0,0,1,2,2,6,0,3,3,0
2216,4,2,405,2016,3,3,18,1,1,1,0,0,0,0,3,5,3,0,3,3,0
2217,1,19,140,2016,3,5,15,0,0,1,0,0,0,0,1,1,6,0,3,2,1
2218,1,1,101,2016,3,3,12,0,0,1,0,0,0,1,2,5,3,0,3,3,0
2219,3,8,320,2016,3,5,7,0,0,1,0,0,0,1,2,2,6,0,3,3,0
2220,7,4,705,2016,3,7,11,0,0,1,1,0,0,0,2,6,7,0,3,3,0
2221,5,10,518,2016,3,6,15,1,0,1,0,0,0,0,2,8,2,0,3,3,0
2222,7,2,703,2016,3,4,7,1,0,1,0,0,1,0,3,2,6,0,3,3,0
2223,1,3,106,2016,4,2,9,1,1,1,0,0,0,0,3,1,7,0,3,3,0
2224,4,7,416,2016,3,3,17,0,1,0,0,0,0,1,2,3,2,0,3,3,0
2225,4,8,423,2016,4,7,14,0,0,0,0,1,0,1,2,0,6,0,3,3,0
2226,1,11,128,2016,3,3,19,0,0,1,1,0,0,0,2,6,4,2,3,2,1
2227,2,5,216,2016,3,1,4,1,0,1,0,0,0,0,2,5,3,2,3,3,0
2228,1,12,130,2016,3,3,19,0,0,0,0,1,0,0,1,8,1,2,3,3,0
2229,2,3,210,2016,3,1,14,0,1,1,0,0,0,0,2,5,3,0,3,3,0
2230,1,7,119,2016,3,5,8,0,0,1,0,1,0,0,2,2,6,0,3,3,0
2231,2,1,206,2016,3,6,10,0,1,0,0,0,0,1,2,3,2,0,3,3,0
2232,5,7,515,2016,3,4,17,1,0,1,0,1,0,0,3,5,3,0,3,3,0
2233,1,12,130,2016,3,2,17,1,0,1,0,1,0,0,3,2,6,0,3,3,0
2234,4,13,432,2016,4,3,15,1,0,1,0,0,0,0,2,1,2,0,3,3,0
2235,3,9,321,2016,3,2,16,1,1,0,0,0,0,1,3,0,7,0,3,3,0
2236,1,3,108,2016,3,5,21,0,0,1,0,0,0,0,1,5,3,2,3,3,0
2237,5,18,526,2016,3,7,9,0,1,1,0,0,0,0,2,5,3,0,3,3,0
2238,1,7,120,2016,3,5,20,0,0,1,1,0,0,0,2,6,2,2,3,2,1
2239,1,13,131,2016,3,4,5,1,1,0,0,0,1,0,3,5,3,2,3,3,0
2240,2,4,214,2016,4,7,16,0,1,0,0,0,0,0,1,0,7,0,3,2,1
2241,1,13,131,2016,3,3,17,0,0,1,0,0,0,1,2,2,6,0,3,3,0
2242,5,18,526,2016,3,5,19,0,1,0,0,0,0,0,1,0,7,2,3,3,0
2243,1,5,113,2016,3,6,12,0,1,1,0,0,0,0,2,1,5,0,3,3,0
2244,7,13,714,2016,3,3,12,0,1,1,0,0,0,0,2,5,3,0,3,3,0
2245,5,3,510,2016,4,2,12,0,0,1,0,0,0,0,1,2,6,0,3,3,0
2246,5,11,519,2016,3,5,17,0,0,1,0,0,0,0,1,2,6,0,3,3,0
2247,1,16,137,2016,3,5,17,0,1,0,1,0,0,0,2,6,4,0,3,3,0
2248,4,5,413,2016,3,4,12,0,1,1,0,0,0,0,2,5,3,0,3,3,0
2249,4,9,425,2016,3,2,12,1,0,1,0,0,0,0,2,5,3,0,3,3,0
2250,3,6,318,2016,4,3,18,1,1,1,0,0,0,0,3,1,5,0,3,3,0
2251,3,2,311,2016,3,2,20,1,0,1,0,0,0,0,2,2,6,2,3,3,0
2252,5,10,518,2016,3,7,18,0,0,1,0,0,0,0,1,2,6,1,3,3,0
2253,3,2,312,2016,3,5,14,0,0,1,0,0,0,1,2,5,3,0,3,3,0
2254,1,3,108,2016,4,7,17,0,0,1,0,0,0,1,2,2,6,0,3,3,0
2255,5,2,509,2016,3,3,17,0,0,1,0,0,0,0,1,2,6,1,3,3,0
2256,7,10,711,2016,3,6,13,0,0,1,0,0,0,1,2,5,3,0,3,3,0
2257,5,18,526,2016,3,3,7,0,1,1,0,0,0,0,2,5,3,0,3,3,0
2258,4,12,431,2016,4,6,22,0,0,1,0,0,0,0,1,5,3,2,3,3,0
2259,1,16,137,2016,3,5,14,0,0,0,1,0,0,1,2,6,4,0,3,2,1
2260,5,12,520,2016,4,2,15,0,1,1,0,0,0,0,2,4,2,0,3,3,0
2261,5,2,505,2016,3,4,23,0,0,1,1,0,0,0,2,6,7,2,3,3,0
2262,3,9,321,2016,4,1,18,0,0,1,0,0,0,0,1,2,6,0,3,3,0
2263,1,4,112,2016,3,1,17,0,1,1,0,0,0,0,2,4,2,0,3,3,0
2264,4,5,408,2016,3,3,7,0,0,1,0,0,0,0,1,2,6,0,3,3,0
2265,5,6,514,2016,3,1,14,1,1,1,0,0,0,0,3,1,7,0,3,3,0
2266,3,5,317,2016,3,7,16,0,0,1,1,0,0,0,2,6,7,0,3,3,0
2267,1,13,131,2016,4,6,16,0,1,0,0,0,1,0,2,5,2,0,3,3,0
2268,4,10,428,2016,3,3,11,0,1,1,0,0,0,0,2,3,2,0,3,3,0
2269,4,13,432,2016,3,6,17,0,0,1,0,0,0,0,1,0,6,1,3,3,0
2270,1,16,136,2016,3,5,8,1,0,0,1,0,1,0,3,6,7,0,3,3,0
2271,4,12,431,2016,3,3,21,1,0,1,0,0,0,0,2,2,6,2,3,3,0
2272,3,7,319,2016,4,6,15,0,0,0,0,1,0,1,2,1,6,0,3,3,0
2273,1,16,136,2016,3,5,8,0,0,1,0,0,1,0,2,3,6,0,3,3,0
2274,1,11,129,2016,3,5,5,0,0,1,1,0,0,0,2,6,4,2,3,3,0
2275,2,11,223,2016,4,2,9,1,0,1,0,0,0,0,2,2,6,0,3,3,0
2276,2,5,215,2016,3,4,13,0,0,1,0,1,0,0,2,1,5,0,3,3,0
2277,7,12,713,2016,4,7,18,0,0,0,0,1,0,0,1,8,1,0,3,2,1
2278,2,8,220,2016,3,3,9,0,0,1,0,0,0,0,1,5,3,0,3,3,0
2279,1,3,106,2016,3,1,0,1,0,1,0,0,0,0,2,2,6,2,3,3,0
2280,3,8,320,2016,3,3,16,0,0,1,0,0,1,0,2,1,7,0,3,3,0
2281,5,9,517,2016,3,5,13,0,0,1,0,0,0,0,1,8,7,0,3,2,1
2282,6,2,602,2016,3,5,15,0,0,1,1,0,0,0,2,6,2,0,3,2,1
2283,5,4,512,2016,3,4,13,0,0,1,1,0,0,0,2,6,4,0,3,3,0
2284,5,8,516,2016,3,2,11,1,0,0,0,0,0,1,2,0,7,0,3,3,0
2285,5,2,508,2016,4,3,14,1,0,1,0,0,0,1,3,2,6,0,3,3,0
2286,3,2,312,2016,3,3,14,0,0,1,1,0,0,0,2,6,4,0,3,2,1
2287,7,1,702,2016,3,5,14,0,1,1,0,0,0,0,2,0,2,0,3,3,0
2288,4,9,425,2016,3,5,8,0,0,1,0,0,0,0,1,4,2,0,3,3,0
2289,2,9,221,2016,3,3,18,1,1,0,0,0,1,0,3,4,2,0,3,3,0
2290,1,1,101,2016,4,6,18,0,1,0,1,0,0,0,2,6,4,0,3,3,0
2291,5,7,515,2016,3,5,10,0,0,1,0,0,0,0,1,1,6,0,3,3,0
2292,4,2,405,2016,3,7,11,0,0,1,0,0,0,0,1,2,6,0,3,3,0
2293,2,1,201,2016,4,2,15,0,0,1,0,1,0,0,2,2,2,0,3,3,0
2294,1,12,130,2016,3,3,12,0,0,1,1,0,0,0,2,6,7,0,3,2,1
2295,5,6,514,2016,4,7,10,0,1,1,0,0,0,0,2,5,3,0,3,3,0
2296,2,3,210,2016,3,3,14,0,0,1,0,0,1,0,2,2,6,0,3,3,0
2297,7,1,702,2016,3,7,15,0,0,1,0,0,0,0,1,2,6,0,3,3,0
2298,4,8,423,2016,3,5,12,0,0,1,0,0,0,0,1,0,7,0,3,3,0
2299,5,8,516,2016,3,5,20,0,0,0,0,0,0,1,1,0,7,2,3,3,0
2300,5,10,518,2016,3,4,15,1,0,1,0,0,1,0,3,2,6,0,3,3,0
2301,5,7,515,2016,3,2,12,0,0,0,0,1,0,0,1,0,7,0,3,3,0
2302,4,10,427,2016,4,3,15,1,1,0,1,0,0,0,3,6,6,0,3,3,0
2303,3,1,301,2016,3,2,19,1,0,1,0,0,0,0,2,5,3,1,3,3,0
2304,7,4,705,2016,3,4,7,1,0,1,0,0,1,0,3,1,5,0,3,3,0
2305,5,4,512,2016,3,7,19,0,0,1,0,1,0,0,2,5,2,2,3,2,1
2306,5,17,525,2016,3,5,16,0,0,1,0,1,0,0,2,5,7,0,3,3,0
2307,5,4,512,2016,3,4,8,1,1,1,0,0,0,0,3,5,7,0,3,3,0
2308,1,4,111,2016,4,7,17,0,0,1,1,0,0,0,2,6,4,0,3,3,0
2309,1,19,140,2016,3,3,15,0,0,1,0,0,1,0,2,3,6,0,3,3,0
2310,2,8,220,2016,3,7,20,0,0,1,0,1,0,1,3,0,5,2,3,1,1
2311,1,19,140,2016,3,3,8,0,0,1,0,0,1,0,2,3,3,0,3,3,0
2312,2,3,210,2016,3,5,5,0,0,1,0,0,0,0,1,5,2,1,3,3,0
2313,1,16,136,2016,3,7,18,1,0,1,0,0,0,0,2,2,1,0,3,3,0
2314,5,1,502,2016,3,6,15,1,0,1,0,0,0,0,2,5,3,0,3,2,1
2315,5,6,514,2016,3,4,18,0,0,1,0,0,0,0,1,5,3,2,3,3,0
2316,2,8,220,2016,4,7,9,0,0,1,0,1,0,0,2,5,3,0,3,2,1
2317,7,2,703,2016,3,2,15,0,0,1,0,0,0,0,1,1,5,0,3,3,0
2318,1,16,137,2016,3,7,12,0,0,1,0,0,0,0,1,2,6,0,3,3,0
2319,4,8,422,2016,3,5,15,0,1,0,0,0,0,1,2,5,3,0,3,3,0
2320,5,7,515,2016,3,5,19,0,1,1,0,0,0,0,2,4,2,2,3,3,0
2321,3,9,321,2016,3,4,19,0,0,1,0,0,0,0,1,5,3,2,3,3,0
2322,5,10,518,2016,3,2,10,1,0,1,0,0,1,0,3,3,6,0,3,3,0
2323,1,1,101,2016,4,3,15,1,0,1,0,0,0,1,3,2,6,0,3,3,0
2324,1,16,136,2016,3,1,17,0,0,1,0,0,0,0,1,3,2,0,3,3,0
2325,4,10,429,2016,3,7,12,0,0,0,0,1,0,0,1,0,1,0,3,3,0
2326,7,14,715,2016,3,4,7,1,0,1,0,0,0,0,2,2,6,0,3,3,0
2327,7,8,709,2016,4,6,19,0,0,1,0,0,0,0,1,5,3,1,3,3,0
2328,6,5,606,2016,3,2,20,0,0,1,0,0,0,0,1,1,6,2,3,3,0
2329,5,18,526,2016,3,6,14,0,0,1,1,0,0,0,2,6,4,0,3,3,0
2330,5,11,519,2016,3,5,20,0,1,1,0,0,0,0,2,4,2,2,3,3,0
2331,5,16,524,2016,3,3,18,1,0,1,0,0,0,0,2,2,6,0,3,3,0
2332,5,1,504,2016,4,6,17,0,0,1,0,0,0,0,1,0,7,0,3,3,0
2333,5,12,520,2016,3,5,7,0,1,1,0,0,0,0,2,5,3,1,3,3,0
2334,3,6,318,2016,3,5,17,0,1,1,0,0,0,0,2,5,3,0,3,3,0
2335,4,10,426,2016,3,5,6,1,0,1,0,0,0,1,3,1,6,1,3,3,0
2336,1,15,134,2016,3,3,14,0,1,1,0,0,0,0,2,5,3,0,3,3,0
2337,5,13,521,2016,3,2,19,1,0,1,1,0,0,0,3,6,4,2,3,2,1
2338,5,7,515,2016,4,2,20,0,0,1,0,0,0,0,1,2,6,2,3,3,0
2339,1,15,134,2016,3,4,5,1,1,1,0,0,0,0,3,5,2,1,3,3,0
2340,1,11,129,2016,4,1,14,0,1,1,0,0,0,0,2,5,7,0,3,3,0
2341,5,2,505,2016,4,6,9,0,1,1,0,0,0,0,2,5,3,0,3,3,0
2342,5,4,512,2016,3,2,12,0,0,1,0,0,0,1,2,1,6,0,3,3,0
2343,4,12,431,2016,3,6,12,0,0,1,0,0,0,1,2,2,6,0,3,3,0
2344,2,9,221,2016,3,5,18,0,0,1,0,0,0,1,2,0,3,2,3,3,0
2345,4,5,408,2016,3,3,8,0,0,1,0,0,0,0,1,2,6,0,3,3,0
2346,4,3,406,2016,4,6,12,0,0,1,0,0,0,0,1,5,7,0,3,3,0
2347,5,18,526,2016,3,5,7,0,0,1,1,0,0,0,2,6,4,0,3,3,0
2348,3,6,318,2016,4,2,16,0,0,1,0,0,0,0,1,2,6,0,3,2,1
2349,1,3,108,2016,3,4,7,1,0,1,0,0,0,1,3,2,6,0,3,3,0
2350,6,2,603,2016,4,7,13,0,0,1,0,0,0,0,1,1,6,0,3,3,0
2351,5,7,515,2016,3,2,10,0,1,1,0,0,0,0,2,5,3,0,3,3,0
2352,6,1,601,2016,3,7,15,0,0,1,1,0,0,0,2,6,4,0,3,3,0
2353,3,8,320,2016,4,2,17,0,0,1,1,0,0,0,2,6,4,0,3,3,0
2354,5,12,520,2016,3,4,8,1,1,1,0,0,0,0,3,5,3,0,3,3,0
2355,2,2,207,2016,4,1,15,0,0,0,0,1,0,1,2,2,7,0,3,3,0
2356,1,12,130,2016,3,7,13,0,0,1,0,0,0,0,1,2,6,0,3,3,0
2357,5,10,518,2016,3,2,15,0,0,1,0,0,0,0,1,5,3,0,3,3,0
2358,2,6,218,2016,3,5,16,0,0,1,1,0,0,0,2,6,2,0,3,3,0
2359,1,14,133,2016,4,3,23,1,0,1,0,0,1,0,3,3,6,2,3,3,0
2360,3,6,318,2016,3,3,15,0,0,1,0,0,0,1,2,8,7,0,3,3,0
2361,1,3,106,2016,4,6,9,0,1,1,0,0,0,0,2,5,2,0,3,3,0
2362,3,2,311,2016,3,3,12,0,0,1,0,0,1,0,2,3,6,0,3,3,0
2363,4,10,428,2016,3,5,16,0,1,1,0,0,0,0,2,3,2,0,3,3,0
2364,1,4,112,2016,3,1,12,1,0,1,0,0,0,0,2,2,6,0,3,3,0
2365,1,8,123,2016,3,6,18,1,0,1,0,0,0,0,2,1,6,2,3,3,0
2366,1,3,108,2016,4,2,13,0,0,1,0,0,0,0,1,1,6,0,3,3,0
2367,5,9,517,2016,3,3,19,0,1,1,0,0,0,0,2,4,6,2,3,3,0
2368,4,8,423,2016,4,7,13,0,1,1,0,0,0,0,2,5,3,0,3,3,0
2369,5,9,517,2016,3,2,16,0,0,1,0,0,0,1,2,3,6,0,3,3,0
2370,1,11,129,2016,3,7,15,0,0,1,0,0,0,0,1,2,6,0,3,3,0
2371,2,1,201,2016,3,5,17,0,0,1,0,0,0,0,1,5,3,0,3,3,0
2372,2,5,215,2016,3,5,12,0,0,1,0,0,0,0,1,1,7,0,3,3,0
2373,4,5,408,2016,3,4,15,1,0,1,0,0,0,1,3,3,5,0,3,3,0
2374,4,3,406,2016,3,2,7,1,0,0,0,1,0,0,2,0,7,1,3,3,0
2375,2,11,223,2016,3,2,13,0,1,1,0,0,0,0,2,1,5,0,3,3,0
2376,1,4,111,2016,3,5,15,0,0,1,0,0,0,0,1,0,7,0,3,3,0
2377,3,5,317,2016,3,5,17,0,0,0,0,1,0,0,1,0,1,0,3,3,0
2378,5,2,507,2016,3,4,18,0,1,1,0,0,0,0,2,5,3,0,3,3,0
2379,4,10,427,2016,3,2,13,1,0,1,0,0,0,1,3,3,6,0,3,3,0
2380,5,10,518,2016,4,3,16,1,0,1,0,0,0,0,2,5,7,0,3,3,0
2381,5,7,515,2016,3,2,18,0,0,1,0,1,0,0,2,5,3,1,3,3,0
2382,3,2,312,2016,3,5,7,0,1,1,0,0,0,0,2,5,3,0,3,3,0
2383,1,12,130,2016,3,7,14,0,0,1,0,0,0,1,2,2,6,0,3,3,0
2384,1,16,137,2016,3,5,15,0,1,1,0,0,0,0,2,5,3,0,3,3,0
2385,5,2,507,2016,3,4,17,0,0,1,0,0,0,0,1,3,6,1,3,3,0
2386,3,5,317,2016,4,7,10,0,0,1,0,0,0,0,1,5,3,0,3,3,0
2387,3,6,318,2016,3,2,16,0,0,1,0,1,0,0,2,5,3,0,3,3,0
2388,1,1,101,2016,3,5,12,0,0,0,1,0,0,1,2,0,4,0,3,3,0
2389,3,5,317,2016,3,5,13,0,1,0,0,0,0,1,2,5,3,0,3,3,0
2390,3,1,310,2016,3,4,9,0,1,0,1,0,0,0,2,6,7,0,3,3,0
2391,3,8,320,2016,3,2,18,1,0,1,0,0,0,0,2,5,3,2,3,3,0
2392,7,10,711,2016,4,2,6,1,0,1,0,0,0,0,2,1,6,1,3,3,0
2393,1,8,122,2016,3,1,12,1,0,1,0,0,0,0,2,1,6,0,3,3,0
2394,2,5,215,2016,3,7,19,0,0,1,0,0,0,0,1,5,3,2,3,3,0
2395,7,1,702,2016,3,4,11,0,1,1,0,0,0,0,2,5,3,0,3,3,0
2396,1,16,136,2016,4,6,15,0,0,1,0,0,0,0,1,2,6,0,3,3,0
2397,3,5,317,2016,3,2,6,0,1,1,0,0,0,0,2,5,3,2,3,3,0
2398,2,14,227,2016,4,3,12,1,0,1,0,0,0,0,2,2,6,0,3,3,0
2399,2,4,213,2016,3,2,15,1,1,1,0,0,0,0,3,5,3,0,3,3,0
2400,4,11,430,2016,3,7,14,0,0,1,0,1,0,0,2,5,2,0,3,3,0
2401,2,7,219,2016,3,5,13,0,0,1,0,0,0,1,2,4,6,0,3,3,0
2402,1,3,105,2016,4,7,20,0,0,1,1,0,0,0,2,6,7,2,3,3,0
2403,7,9,710,2016,3,6,16,0,0,1,0,0,0,0,1,5,3,0,3,3,0
2404,7,1,702,2016,3,4,17,0,1,0,1,0,0,0,2,0,7,0,3,3,0
2405,1,12,130,2016,3,3,16,0,1,1,0,0,0,0,2,5,3,0,3,3,0
2406,5,7,515,2016,4,6,9,0,0,1,0,0,0,0,1,2,6,0,3,3,0
2407,4,2,405,2016,3,5,6,0,0,1,0,0,0,1,2,9,1,0,3,3,0
2408,5,10,518,2016,4,2,16,0,0,1,0,0,0,0,1,5,3,0,3,3,0
2409,1,14,133,2016,3,4,7,1,1,1,0,0,0,0,3,0,3,0,3,3,0
2410,4,5,408,2016,4,1,13,0,1,1,0,0,0,0,2,5,3,0,3,3,0
2411,4,9,425,2016,3,7,21,0,0,1,0,0,0,0,1,2,6,2,3,3,0
2412,5,2,507,2016,4,6,12,0,0,1,0,1,0,0,2,3,6,0,3,3,0
2413,3,5,317,2016,3,2,18,0,0,1,0,0,0,0,1,8,5,2,3,3,0
2414,1,1,101,2016,3,5,13,0,1,0,1,0,0,0,2,6,4,0,3,3,0
2415,5,7,515,2016,3,6,11,0,0,1,1,0,0,0,2,6,7,0,3,3,0
2416,1,2,104,2016,3,5,14,0,0,1,1,0,0,0,2,6,7,0,3,3,0
2417,5,15,523,2016,3,3,14,0,0,1,0,0,0,0,1,2,6,0,3,3,0
2418,2,7,219,2016,4,6,13,0,0,1,0,0,0,0,1,5,3,0,3,3,0
2419,1,1,101,2016,3,5,10,0,0,0,1,0,0,1,2,0,4,0,3,3,0
2420,1,12,130,2016,3,5,11,0,0,1,0,0,0,0,1,5,7,0,3,3,0
2421,2,11,223,2016,4,2,10,0,0,1,0,0,0,0,1,4,2,0,3,3,0
2422,4,5,411,2016,3,4,7,1,0,1,0,1,0,0,3,4,2,0,3,3,0
2423,1,5,114,2016,4,1,17,0,0,1,1,0,0,0,2,6,7,0,3,3,0
2424,2,4,213,2016,3,2,11,0,1,0,0,0,0,1,2,5,3,0,3,3,0
2425,3,9,321,2016,3,7,18,0,0,1,0,0,0,0,1,4,2,0,3,3,0
2426,1,19,140,2016,3,2,11,0,0,0,0,0,1,0,1,2,6,0,3,3,0
2427,6,2,603,2016,3,4,17,0,0,1,0,0,0,0,1,2,6,0,3,3,0
2428,5,18,526,2016,3,4,12,0,0,1,0,0,0,0,1,1,6,0,3,3,0
2429,2,5,215,2016,3,2,16,0,0,1,1,0,0,0,2,6,4,0,3,3,0
2430,5,5,513,2016,4,3,5,0,0,1,0,1,0,0,2,5,2,2,3,2,1
2431,4,3,406,2016,3,3,8,0,1,1,0,0,0,0,2,5,3,0,3,3,0
2432,7,13,714,2016,3,5,15,0,0,0,1,0,0,1,2,6,4,0,3,2,1
2433,1,5,114,2016,3,3,19,1,0,1,0,0,0,0,2,2,6,1,3,3,0
2434,2,3,209,2016,3,5,19,0,1,1,0,0,0,0,2,5,2,0,3,3,0