SN,District,Imperial_Circle,Community,Year,Month,Weekday,Hour,Road,Cycle,Car,Pedestrians,Motorcycle,Goods Vehicle,Others,Total,Collision Type,Accident Type,Light Condition,Road Condition,Accident_Severity,Tend_to_Death
2435,7,1,701,2016,3,7,15,0,1,1,0,0,0,0,2,5,2,0,3,3,0
2436,4,11,430,2016,3,6,23,1,0,1,0,0,0,0,2,5,3,2,3,3,0
2437,4,9,424,2016,3,4,15,0,1,1,0,0,0,0,2,4,2,0,3,3,0
2438,7,5,706,2016,4,1,18,0,0,1,1,0,0,0,2,6,4,0,3,3,0
2439,2,12,225,2016,3,3,8,1,0,1,0,0,0,0,2,5,3,0,3,3,0
2440,3,8,320,2016,4,7,13,0,0,1,0,0,0,1,2,0,6,0,3,3,0
2441,6,2,603,2016,4,6,16,0,0,1,0,0,0,0,1,5,2,0,3,3,0
2442,1,13,131,2016,4,5,20,0,0,1,0,1,1,0,3,5,2,0,3,3,0
2443,3,2,312,2016,4,4,20,0,0,1,0,1,0,0,2,2,6,2,3,3,0
2444,1,5,114,2016,4,2,13,0,0,1,0,0,0,0,1,2,6,0,3,3,0
2445,3,3,314,2016,4,6,15,0,1,0,0,0,0,1,2,3,6,0,3,3,0
2446,7,14,715,2016,4,2,11,0,0,1,1,0,0,0,2,6,7,0,3,3,0
2447,3,1,301,2016,4,7,21,0,1,1,0,0,0,0,2,5,3,2,3,3,0
2448,5,3,510,2016,4,3,19,0,1,1,0,0,0,0,2,5,3,0,3,3,0
2449,4,5,409,2016,4,2,15,1,0,1,0,1,0,0,3,2,6,0,3,3,0
2450,2,9,221,2016,4,6,11,1,0,1,0,0,0,0,2,3,6,0,3,3,0
2451,2,9,221,2016,4,1,18,0,0,0,1,0,0,1,2,6,4,0,3,3,0
2452,5,9,517,2016,4,1,19,0,0,1,0,0,0,0,1,2,6,0,3,3,0
2453,3,2,312,2016,4,5,9,0,1,0,0,0,0,0,1,5,3,0,3,3,0
2454,3,9,321,2016,4,5,18,0,0,1,1,0,0,0,2,6,4,0,3,3,0
2455,2,5,215,2016,4,3,8,0,1,1,0,0,0,0,2,4,2,0,3,3,0
2456,2,3,210,2016,4,4,18,1,1,0,0,1,0,0,3,5,2,0,3,3,0
2457,3,3,314,2016,4,6,14,0,0,1,0,0,0,0,1,5,3,0,3,3,0
2458,7,1,702,2016,4,2,9,0,0,1,0,0,0,1,2,0,3,0,3,2,1
2459,4,10,427,2016,4,3,18,0,1,1,0,0,0,0,2,5,3,0,3,3,0
2460,2,8,220,2016,4,6,15,1,0,1,1,0,0,0,3,6,4,0,3,3,0
2461,1,15,134,2016,4,1,17,1,0,1,0,0,0,0,2,5,3,0,3,3,0
2462,3,6,318,2016,4,6,13,1,0,1,0,0,0,1,3,1,6,0,3,3,0
2463,4,13,432,2016,4,3,16,0,1,1,0,0,0,0,2,5,3,0,3,3,0
2464,2,8,220,2016,4,2,6,0,1,1,0,0,0,0,2,5,3,1,3,3,0
2465,3,4,316,2016,4,6,16,0,1,0,0,0,0,1,2,1,5,0,3,3,0
2466,3,6,318,2016,4,1,17,0,1,0,0,0,0,0,1,0,7,0,3,3,0
2467,5,9,517,2016,4,1,11,0,0,1,0,0,0,0,1,5,3,0,3,3,0
2468,1,16,137,2016,4,4,13,0,1,1,0,0,0,0,2,0,7,0,3,3,0
2469,5,6,514,2016,4,4,15,0,0,0,1,0,0,1,2,6,6,0,3,3,0
2470,1,18,139,2016,4,3,11,0,0,0,0,0,1,1,2,4,6,0,3,3,0
2471,3,1,310,2016,4,6,11,0,1,1,0,0,0,0,2,4,2,0,3,3,0
2472,1,17,138,2016,4,2,17,0,0,1,0,0,1,0,2,2,6,0,3,3,0
2473,3,5,317,2016,4,6,15,1,0,1,0,0,0,0,2,2,2,0,3,3,0
2474,4,5,411,2016,4,1,19,1,1,1,0,0,0,0,3,3,2,0,3,3,0
2475,3,2,311,2016,4,7,12,0,0,1,0,1,0,0,2,3,7,0,3,3,0
2476,3,5,317,2016,4,1,5,0,0,1,1,0,0,0,2,0,7,2,3,3,0
2477,4,10,426,2016,4,4,12,0,0,1,0,0,0,0,1,3,7,0,3,3,0
2478,5,1,501,2016,4,2,16,0,0,1,0,0,0,0,1,2,6,0,3,3,0
2479,7,9,710,2016,4,5,15,0,1,1,0,0,0,0,2,3,2,0,3,3,0
2480,4,2,405,2016,4,7,16,0,1,1,0,0,0,0,2,5,2,0,3,3,0
2481,3,8,320,2016,4,4,17,0,0,1,0,0,0,0,1,2,2,0,3,3,0
2482,2,1,201,2016,4,1,15,0,1,0,1,0,0,0,2,6,4,0,3,3,0
2483,5,18,526,2016,4,4,7,0,0,0,0,0,0,1,1,1,5,0,3,3,0
2484,6,2,603,2016,4,5,12,0,0,1,0,1,0,0,2,1,2,0,3,3,0
2485,5,7,515,2016,4,4,14,0,1,1,0,0,0,0,2,5,6,0,3,3,0
2486,4,9,425,2016,4,1,0,0,0,1,0,0,0,0,1,4,2,2,3,3,0
2487,1,12,130,2016,4,5,22,0,0,1,1,0,0,0,2,6,4,2,3,3,0
2488,1,12,130,2016,4,2,15,0,0,1,0,0,0,1,2,1,5,0,3,3,0
2489,3,1,301,2016,4,6,7,0,0,1,1,0,0,0,2,6,7,0,3,3,0
2490,7,1,701,2016,4,7,22,0,0,1,0,0,0,0,1,8,1,2,3,3,0
2491,3,2,311,2016,4,1,14,0,0,1,0,0,0,0,1,5,2,0,3,3,0
2492,3,1,308,2016,4,4,19,1,0,1,0,0,0,0,2,2,6,1,3,3,0
2493,7,2,703,2016,4,6,19,0,0,1,0,0,1,0,2,1,6,0,3,2,1
2494,4,2,403,2016,4,6,6,0,0,1,1,0,0,0,2,6,4,0,3,3,0
2495,3,7,319,2016,4,4,23,0,1,1,0,0,0,0,2,5,3,2,3,3,0
2496,3,1,302,2016,4,2,18,0,1,1,0,0,0,0,2,5,7,0,3,3,0
2497,1,8,125,2016,4,5,21,1,0,1,0,0,0,1,3,2,2,2,3,3,0
2498,1,14,132,2016,4,2,8,0,0,1,0,0,0,0,1,5,3,0,3,3,0
2499,4,2,404,2016,4,7,15,0,1,0,0,0,0,1,2,7,7,0,3,3,0
2500,1,5,113,2016,4,4,17,0,1,0,0,0,0,0,1,4,6,0,3,2,1
2501,4,9,425,2016,4,2,14,1,1,0,0,0,0,0,2,0,7,0,3,3,0
2502,5,18,526,2016,4,2,10,0,1,1,0,0,0,0,2,3,6,0,3,3,0
2503,2,1,201,2016,4,6,13,1,0,1,0,0,0,0,2,3,7,0,3,3,0
2504,6,2,602,2016,4,2,17,1,0,1,0,0,0,1,3,5,3,0,3,3,0
2505,5,6,514,2016,4,2,12,0,1,1,0,0,0,0,2,1,3,0,3,3,0
2506,1,4,111,2016,4,1,19,0,0,1,1,0,0,0,2,6,7,1,3,3,0
2507,7,12,713,2016,4,3,16,1,0,1,0,0,1,0,3,2,6,0,3,3,0
2508,3,8,320,2016,4,5,7,0,1,1,0,0,0,0,2,5,2,0,3,2,1
2509,1,12,130,2016,4,6,17,0,1,0,0,1,0,0,2,0,3,0,3,3,0
2510,5,18,526,2016,4,5,13,0,0,1,0,0,0,0,1,2,6,0,3,3,0
2511,5,18,526,2016,4,3,18,0,1,0,0,0,0,1,2,5,3,0,3,3,0
2512,1,1,101,2016,4,4,16,0,1,0,1,0,0,0,2,0,4,0,3,3,0
2513,1,20,141,2016,4,1,14,0,0,1,0,0,0,0,1,2,6,0,3,3,0
2514,5,18,526,2016,4,5,10,0,1,1,0,0,0,0,2,3,6,0,3,3,0
2515,5,5,513,2016,4,2,13,0,1,0,0,0,1,0,2,3,2,0,3,3,0
2516,2,4,214,2016,4,7,8,0,1,1,0,0,0,0,2,5,3,0,3,3,0
2517,5,7,515,2016,4,3,19,0,0,1,0,1,0,0,2,5,2,0,3,3,0
2518,3,8,320,2016,4,2,12,1,0,1,0,0,0,0,2,2,6,0,3,3,0
2519,1,3,106,2016,4,6,22,1,0,1,1,0,0,0,3,6,4,2,3,2,1
2520,1,3,106,2016,4,1,16,0,0,1,0,1,0,0,2,5,3,0,3,3,0
2521,4,13,432,2016,4,1,12,0,0,1,0,0,0,0,1,5,2,0,3,3,0
2522,1,1,101,2016,4,5,17,0,0,1,1,0,0,0,2,6,4,0,3,2,1
2523,3,9,321,2016,4,5,17,0,1,1,0,0,0,0,2,5,2,0,3,3,0
2524,1,4,111,2016,4,3,19,0,1,1,0,0,0,0,2,5,2,0,3,3,0
2525,3,2,311,2016,4,4,15,0,0,1,1,0,0,0,2,6,7,0,3,3,0
2526,6,2,602,2016,4,7,6,0,0,1,0,0,0,0,1,0,1,0,3,3,0
2527,4,12,431,2016,4,1,13,0,0,1,0,0,0,0,1,5,3,0,3,3,0
2528,4,9,424,2016,4,3,8,1,0,1,0,0,0,0,2,1,6,0,3,3,0
2529,3,1,305,2016,4,5,14,0,1,0,0,0,0,0,1,0,7,0,3,3,0
2530,5,1,501,2016,4,6,16,0,0,1,0,0,0,0,1,5,3,0,3,3,0
2531,4,11,430,2016,4,5,7,0,1,1,0,0,0,0,2,0,3,0,3,3,0
2532,4,13,432,2016,4,3,12,0,0,1,0,0,0,0,1,1,6,0,3,3,0
2533,3,1,308,2016,4,4,9,0,1,1,0,0,0,0,2,3,6,0,3,3,0
2534,5,5,513,2016,4,5,17,1,0,1,0,0,0,0,2,5,3,0,3,3,0
2535,5,8,516,2016,4,2,7,0,1,0,0,0,0,1,2,3,2,1,3,3,0
2536,4,5,413,2016,4,3,13,0,1,1,0,0,0,0,2,1,5,0,3,3,0
2537,3,3,314,2016,4,2,8,0,1,0,1,0,0,0,2,6,7,0,3,2,1
2538,1,6,115,2016,4,6,11,1,1,1,0,0,0,0,3,5,3,0,3,3,0
2539,6,11,612,2016,4,7,1,1,0,1,0,0,0,0,2,5,6,2,3,3,0
2540,4,13,432,2016,4,1,20,0,0,1,0,0,0,0,1,5,3,1,3,3,0
2541,5,18,526,2016,4,4,9,0,1,1,0,0,0,0,2,5,3,0,3,3,0
2542,5,5,513,2016,4,4,20,1,0,1,0,0,0,0,2,5,3,2,3,3,0
2543,5,7,515,2016,4,1,3,0,0,1,0,0,0,0,1,1,5,2,3,3,0
2544,1,16,137,2016,4,2,17,0,0,1,0,0,0,1,2,1,5,0,3,3,0
2545,5,6,514,2016,4,5,12,0,0,1,0,0,0,0,1,5,2,0,3,3,0
2546,5,7,515,2016,4,2,8,0,1,1,0,0,0,0,2,5,3,0,3,3,0
2547,1,5,114,2016,4,3,17,0,0,1,1,0,0,0,2,6,4,0,3,3,0
2548,1,1,101,2016,4,6,9,1,0,0,0,1,0,0,2,0,7,0,3,2,1
2549,3,9,321,2016,4,1,11,1,0,1,0,0,0,0,2,1,7,0,3,3,0
2550,6,2,603,2016,4,7,12,0,0,1,0,0,0,0,1,5,3,0,3,3,0
2551,5,6,514,2016,4,5,21,1,0,1,1,0,0,0,3,6,4,2,3,3,0
2552,2,8,220,2016,4,3,7,0,0,1,0,1,0,0,2,4,7,0,3,3,0
2553,7,1,702,2016,4,6,16,0,1,1,0,0,0,0,2,5,3,0,3,3,0
2554,1,12,130,2016,4,1,7,1,0,1,0,0,0,0,2,1,5,0,3,2,1
2555,1,11,129,2016,4,5,19,0,0,1,0,1,0,0,2,5,2,0,3,2,1
2556,3,8,320,2016,4,7,18,0,0,1,0,0,0,0,1,1,6,0,3,3,0
2557,5,4,512,2016,4,7,20,0,0,0,0,0,0,1,1,5,7,2,3,3,0
2558,5,12,520,2016,4,4,16,0,0,1,0,1,0,0,2,1,7,0,3,3,0
2559,4,5,410,2016,4,2,15,0,1,1,0,0,0,0,2,5,3,0,3,3,0
2560,5,2,509,2016,4,5,17,1,1,1,0,0,0,0,3,3,2,0,3,3,0
2561,2,2,207,2016,4,7,20,0,1,0,0,0,0,0,1,0,1,1,3,3,0
2562,5,11,519,2016,4,4,17,0,0,1,0,0,0,0,1,1,6,0,3,3,0
2563,4,5,412,2016,4,3,16,1,1,1,0,0,0,0,3,5,3,0,3,3,0
2564,4,11,430,2016,4,5,13,0,0,1,1,0,0,0,2,6,4,0,3,2,1
2565,5,16,524,2016,4,2,12,0,0,1,0,1,0,0,2,5,3,0,3,3,0
2566,4,11,430,2016,4,7,17,0,0,1,0,0,0,0,1,2,6,0,3,3,0
2567,5,18,526,2016,4,7,13,0,1,1,0,0,0,0,2,5,3,0,3,3,0
2568,1,4,109,2016,4,4,18,1,1,1,0,0,0,0,3,5,2,0,3,3,0
2569,1,16,137,2016,4,6,17,0,0,1,0,0,0,1,2,2,6,0,3,3,0
2570,6,2,602,2016,4,5,11,0,1,1,0,0,0,0,2,5,3,0,3,3,0
2571,2,1,204,2016,4,4,14,0,0,0,0,0,0,1,1,4,6,0,3,3,0
2572,3,1,308,2016,4,2,7,0,0,1,0,1,0,0,2,3,6,0,3,2,1
2573,5,7,515,2016,4,5,19,0,1,0,0,0,0,0,1,0,7,1,3,3,0
2574,3,8,320,2016,4,4,10,1,0,1,1,0,0,0,3,6,7,0,3,3,0
2575,1,4,111,2016,4,7,2,0,0,1,1,0,0,0,2,6,5,2,3,3,0
2576,5,7,515,2016,4,7,14,0,1,0,0,0,0,0,1,0,7,0,3,3,0
2577,2,9,221,2016,4,4,8,0,0,1,0,0,0,1,2,1,2,0,3,3,0
2578,4,6,415,2016,4,2,15,0,1,1,0,0,0,0,2,4,3,0,3,2,1
2579,4,13,432,2016,4,5,8,0,1,1,0,0,0,0,2,5,3,0,3,3,0
2580,7,9,710,2016,4,6,13,1,0,1,0,0,0,0,2,1,6,0,3,3,0
2581,2,2,207,2016,4,4,9,0,1,0,1,0,0,0,2,0,4,0,3,2,1
2582,1,12,130,2016,4,2,15,1,0,1,1,0,0,0,3,6,2,0,3,3,0
2583,4,10,427,2016,4,2,17,0,0,1,0,0,0,0,1,2,6,0,3,3,0
2584,1,14,132,2016,4,5,17,0,0,1,0,0,0,0,1,5,2,0,3,3,0
2585,4,13,432,2016,4,7,12,0,1,0,1,0,0,0,2,6,7,0,3,3,0
2586,4,10,428,2016,4,1,12,0,0,1,0,0,0,0,1,2,6,0,3,3,0
2587,1,16,137,2016,4,3,17,1,0,1,1,0,0,0,3,6,4,0,3,2,1
2588,3,6,318,2016,4,5,17,0,0,0,0,0,0,1,1,0,7,0,3,3,0
2589,5,7,515,2016,4,6,16,0,0,1,0,0,0,1,2,1,7,0,3,3,0
2590,5,12,520,2016,4,5,7,0,0,1,0,1,0,0,2,5,2,0,3,3,0
2591,5,18,526,2016,4,3,7,0,1,1,0,0,0,0,2,5,2,0,3,3,0
2592,1,4,110,2016,4,4,16,0,1,1,0,0,0,0,2,3,5,0,3,3,0
2593,1,12,130,2016,4,3,16,0,0,1,0,0,0,1,2,2,6,0,3,3,0
2594,7,7,708,2016,4,1,9,0,0,1,0,0,0,0,1,2,2,0,3,3,0
2595,4,5,408,2016,4,5,8,0,0,1,1,0,0,0,2,6,7,0,3,2,1
2596,2,5,215,2016,4,2,8,0,0,1,0,0,1,0,2,2,2,0,3,3,0
2597,6,5,606,2016,4,6,19,1,0,1,0,0,0,0,2,9,1,1,3,3,0
2598,5,10,518,2016,4,3,21,0,1,1,0,0,0,0,2,5,2,2,3,2,1
2599,2,11,223,2016,4,2,10,1,0,0,0,0,1,1,3,1,7,0,3,3,0
2600,2,5,215,2016,4,2,18,0,0,1,0,1,0,0,2,2,6,0,3,3,0
2601,6,14,615,2016,4,6,12,1,1,0,1,0,0,0,3,6,3,0,3,3,0
2602,5,4,512,2016,4,3,12,0,0,1,0,0,0,0,1,5,3,0,3,3,0
2603,5,17,525,2016,4,2,10,1,0,1,0,0,0,0,2,2,6,0,3,3,0
2604,1,14,132,2016,4,5,10,0,0,1,0,0,0,0,1,5,3,0,3,3,0
2605,4,12,431,2016,4,7,4,0,0,1,0,1,0,0,2,3,6,1,3,3,0
2606,5,1,501,2016,4,1,0,0,0,1,1,0,0,0,2,6,4,2,3,3,0
2607,3,3,314,2016,4,5,19,0,0,1,0,1,0,0,2,2,2,0,3,2,1
2608,4,7,416,2016,4,5,9,0,0,1,0,0,0,0,1,2,6,0,3,3,0
2609,4,8,420,2016,4,3,11,0,0,1,0,0,0,0,1,5,3,0,3,3,0
2610,1,5,114,2016,4,4,16,0,0,1,0,0,0,1,2,5,7,0,3,3,0
2611,4,5,409,2016,4,5,17,1,0,1,0,0,0,0,2,2,6,0,3,3,0
2612,2,8,220,2016,4,2,8,0,1,1,0,0,0,0,2,3,2,0,3,3,0
2613,4,10,428,2016,4,3,15,0,1,0,0,0,0,1,2,0,3,0,3,3,0
2614,1,3,107,2016,4,2,15,1,1,1,0,0,0,0,3,1,6,0,3,3,0
2615,5,18,526,2016,4,5,9,0,1,1,0,0,0,0,2,5,2,0,3,3,0
2616,2,11,223,2016,4,7,7,0,0,1,1,0,0,0,2,6,4,0,3,3,0
2617,5,4,512,2016,4,4,11,0,0,1,0,0,1,0,2,2,6,0,3,3,0
2618,5,5,513,2016,4,5,15,0,0,1,0,0,0,0,1,2,7,0,3,3,0
2619,2,8,220,2016,4,7,4,1,0,0,0,1,0,0,2,0,7,2,3,3,0
2620,7,1,702,2016,4,7,17,1,0,1,0,0,0,1,3,3,6,0,3,3,0
2621,1,17,138,2016,4,5,5,1,0,1,0,0,0,1,3,6,6,1,3,3,0
2622,5,18,526,2016,4,4,18,0,0,1,0,0,0,1,2,1,6,1,3,3,0
2623,1,3,107,2016,4,3,14,0,1,1,0,0,0,0,2,5,3,0,3,3,0
2624,4,8,418,2016,4,5,17,1,0,1,0,0,0,0,2,2,6,0,3,3,0
2625,3,5,317,2016,4,2,19,0,1,1,0,0,0,0,2,1,5,0,3,3,0
2626,5,5,513,2016,4,5,12,0,0,1,0,0,0,0,1,3,6,0,3,3,0
2627,5,14,522,2016,4,1,10,0,1,1,0,0,0,0,2,5,3,0,3,3,0
2628,3,2,312,2016,4,7,18,0,0,1,0,0,0,0,1,5,3,0,3,3,0
2629,2,4,211,2016,4,7,9,0,1,0,0,0,0,0,1,5,7,0,3,3,0
2630,5,12,520,2016,4,4,12,0,0,1,0,0,0,0,1,8,7,0,3,3,0
2631,4,4,407,2016,4,2,6,0,1,1,0,0,0,0,2,5,3,1,3,3,0
2632,2,9,221,2016,4,5,17,1,1,1,0,0,0,0,3,5,3,0,3,3,0
2633,5,5,513,2016,4,6,13,1,0,1,0,0,0,1,3,1,6,0,3,3,0
2634,4,13,432,2016,4,4,11,0,0,1,1,0,0,0,2,6,2,0,3,2,1
2635,4,7,417,2016,4,3,7,1,0,0,0,1,0,0,2,0,1,0,3,3,0
2636,2,4,213,2016,4,2,13,0,1,0,1,0,0,0,2,6,7,0,3,3,0
2637,4,10,429,2016,4,4,13,0,1,0,0,0,1,0,2,3,2,0,3,2,1
2638,2,5,216,2016,4,5,7,0,1,0,0,0,1,0,2,5,3,0,3,3,0
2639,2,1,205,2016,4,2,9,0,0,1,0,1,0,0,2,3,7,0,3,3,0
2640,5,18,526,2016,4,5,12,0,0,0,1,0,0,1,2,6,7,0,3,3,0
2641,3,2,311,2016,4,1,10,1,0,1,1,0,0,0,3,6,7,0,3,3,0
2642,3,2,311,2016,4,7,23,0,0,1,0,0,0,0,1,9,1,2,3,3,0
2643,2,4,212,2016,4,4,16,1,0,0,0,1,0,0,2,0,1,0,3,3,0
2644,7,16,717,2016,4,6,7,0,0,1,0,0,0,0,1,3,6,0,3,3,0
2645,3,3,314,2016,4,7,18,0,0,1,0,1,0,0,2,5,3,0,3,2,1
2646,3,6,318,2016,4,6,15,0,0,1,0,0,0,0,1,1,6,0,3,3,0
2647,2,10,222,2016,4,4,7,0,1,1,0,0,0,0,2,2,6,0,3,3,0
2648,2,8,220,2016,4,2,7,0,0,1,1,0,0,0,2,6,4,0,3,2,1
2649,2,5,215,2016,4,5,14,1,1,1,0,0,0,0,3,5,2,0,3,3,0
2650,2,3,210,2016,4,2,9,0,1,1,0,0,0,0,2,3,6,0,3,3,0
2651,5,6,514,2016,4,6,13,1,0,1,0,0,0,0,2,2,6,0,3,3,0
2652,1,2,103,2016,4,4,13,0,0,1,1,0,0,0,2,6,7,0,3,3,0
2653,1,6,116,2016,4,2,15,1,0,0,0,1,0,0,2,0,1,0,3,3,0
2654,2,4,214,2016,4,2,8,0,0,0,0,1,0,1,2,3,2,0,3,3,0
2655,5,7,515,2016,4,5,8,0,0,1,1,0,0,0,2,6,4,0,3,2,1
2656,2,2,207,2016,4,7,18,0,0,1,0,1,0,0,2,0,2,1,3,3,0
2657,1,16,137,2016,4,7,15,0,0,1,0,0,0,0,1,1,1,0,3,3,0
2658,5,18,526,2016,4,3,14,1,1,1,0,0,0,0,3,3,2,0,3,3,0
2659,4,2,404,2016,4,5,9,0,1,1,0,0,0,1,3,0,2,0,3,3,0
2660,4,7,416,2016,4,6,17,0,1,0,0,0,0,0,1,4,6,0,3,3,0
2661,4,5,408,2016,4,7,13,0,0,1,0,1,0,0,2,3,6,0,3,3,0
2662,1,4,112,2016,4,7,3,0,0,1,1,0,0,0,2,6,4,2,3,2,1
2663,1,17,138,2016,4,4,16,0,0,1,0,0,1,0,2,2,6,0,3,3,0
2664,1,12,130,2016,4,6,12,0,0,1,0,1,0,0,2,0,3,0,3,3,0
2665,1,13,131,2016,4,5,13,0,0,1,0,0,0,0,1,5,3,0,3,2,1
2666,1,6,117,2016,4,3,11,0,0,1,0,1,0,0,2,5,3,0,3,3,0
2667,1,4,111,2016,4,4,23,0,1,1,0,0,0,0,2,5,2,2,3,3,0
2668,1,5,114,2016,4,2,7,1,0,1,0,1,0,0,3,1,7,0,3,3,0
2669,4,3,406,2016,4,5,16,1,1,1,0,0,0,0,3,5,3,0,3,3,0
2670,3,2,311,2016,4,2,11,0,0,1,1,0,0,0,2,6,2,0,3,2,1
2671,5,2,507,2016,4,6,7,0,1,1,0,0,0,0,2,5,3,0,3,3,0
2672,5,2,505,2016,4,3,17,0,0,1,0,0,0,0,1,2,6,0,3,3,0
2673,4,5,408,2016,4,2,15,1,0,1,0,0,0,0,2,3,6,0,3,3,0
2674,4,12,431,2016,4,5,14,0,0,1,0,1,0,0,2,3,6,0,3,3,0
2675,1,5,113,2016,4,7,13,0,0,1,0,0,0,1,2,2,6,0,3,3,0
2676,6,14,615,2016,4,7,19,0,0,1,1,0,0,0,2,6,7,1,3,2,1
2677,3,3,314,2016,4,5,14,0,1,1,0,0,0,0,2,2,6,0,3,3,0
2678,3,9,321,2016,4,5,21,0,1,1,0,0,0,0,2,5,3,2,3,3,0
2679,2,4,214,2016,4,3,9,0,1,1,0,0,0,0,2,3,6,0,3,3,0
2680,1,15,134,2016,4,3,12,1,0,1,0,0,0,1,3,5,7,0,3,3,0
2681,4,2,403,2016,4,5,7,0,0,1,0,0,0,1,2,2,6,0,3,3,0
2682,1,11,129,2016,4,1,20,0,0,1,0,0,0,0,1,2,6,1,3,3,0
2683,2,9,221,2016,4,3,15,0,1,0,0,0,0,0,1,3,2,0,3,3,0
2684,4,13,432,2016,4,5,14,0,0,1,0,0,0,0,1,2,6,0,3,3,0
2685,5,16,524,2016,4,5,8,0,0,1,0,0,0,0,1,2,6,0,3,3,0
2686,5,10,518,2016,4,3,23,0,0,1,0,0,0,0,1,5,3,2,3,3,0
2687,1,16,136,2016,4,3,10,0,0,1,0,0,0,0,1,4,6,0,3,3,0
2688,2,2,207,2016,4,5,9,0,1,0,1,0,0,0,2,6,7,0,3,3,0
2689,1,12,130,2016,4,1,17,0,1,1,0,0,0,0,2,5,3,0,3,3,0
2690,4,9,425,2016,4,6,13,1,0,1,0,0,0,0,2,2,6,0,3,3,0
2691,4,5,409,2016,4,3,14,0,0,1,0,0,0,0,1,1,6,0,3,3,0
2692,2,4,211,2016,4,2,17,1,0,1,0,1,0,0,3,2,6,0,3,3,0
2693,4,5,409,2016,4,5,17,0,0,1,0,0,0,0,1,8,1,0,3,3,0
2694,7,4,705,2016,4,6,17,1,0,1,0,0,0,0,2,1,6,0,3,2,1
2695,1,12,130,2016,4,7,7,1,0,1,0,1,0,0,3,0,3,0,3,3,0
2696,5,4,512,2016,4,4,16,0,0,1,1,0,0,0,2,6,4,0,3,3,0
2697,5,6,514,2016,4,4,7,1,0,1,0,0,0,0,2,5,3,0,3,3,0
2698,7,1,702,2016,4,2,15,0,0,0,1,0,0,1,2,6,4,0,3,3,0
2699,7,14,715,2016,4,4,12,0,1,1,0,0,0,0,2,5,3,0,3,3,0
2700,1,7,119,2016,4,1,17,0,0,1,0,0,0,0,1,2,6,0,3,3,0
2701,3,6,318,2016,4,5,17,0,1,0,0,0,0,0,1,9,7,0,3,2,1
2702,4,5,408,2016,4,1,12,1,0,1,1,0,0,0,3,0,7,0,3,3,0
2703,7,8,709,2016,4,6,7,0,0,1,0,0,0,0,1,5,3,0,3,3,0
2704,4,10,426,2016,4,4,7,1,1,0,0,0,0,1,3,2,7,0,3,3,0
2705,2,2,207,2016,4,7,5,0,0,1,0,0,0,0,1,1,6,1,3,3,0
2706,1,11,128,2016,4,6,9,1,0,1,0,0,0,0,2,3,6,0,3,3,0
2707,6,2,602,2016,4,1,20,1,0,0,0,1,0,0,2,0,1,1,3,3,0
2708,1,3,105,2016,4,5,18,0,1,0,0,0,0,0,1,5,6,0,3,3,0
2709,1,8,123,2016,4,6,12,0,0,1,0,0,0,0,1,1,6,0,3,3,0
2710,1,11,129,2016,4,7,13,0,0,1,0,0,0,1,2,3,6,0,3,3,0
2711,5,7,515,2016,4,4,20,0,0,1,1,0,0,0,2,6,4,1,3,3,0
2712,5,10,518,2016,4,2,7,0,1,1,0,0,0,0,2,5,3,0,3,3,0
2713,7,15,716,2016,4,4,5,1,0,1,0,0,0,0,2,4,2,2,3,3,0
2714,5,11,519,2016,4,4,17,0,0,1,0,0,0,0,1,1,6,0,3,3,0
2715,4,12,431,2016,4,3,8,1,0,1,0,0,0,0,2,1,6,0,3,3,0
2716,1,11,129,2016,4,4,15,0,0,1,1,0,0,0,2,6,2,0,3,3,0
2717,5,18,526,2016,4,1,16,0,0,0,0,1,0,0,1,0,1,0,3,2,1
2718,1,1,101,2016,4,5,12,0,0,1,0,0,0,0,1,5,3,0,3,3,0
2719,1,8,122,2016,4,7,19,0,0,1,0,0,0,0,1,1,6,0,3,3,0
2720,5,5,513,2016,4,6,20,1,0,1,0,0,0,0,2,2,6,2,3,3,0
2721,1,4,111,2016,4,4,11,0,1,0,0,0,0,1,2,3,6,0,3,3,0
2722,7,9,710,2016,4,6,13,0,0,1,0,1,0,0,2,5,2,0,3,2,1
2723,1,5,114,2016,4,6,22,0,1,0,0,0,1,0,2,3,6,2,3,2,1
2724,3,7,319,2016,4,4,12,0,1,1,0,0,0,0,2,3,2,0,3,3,0
2725,3,5,317,2016,4,2,17,0,1,1,0,0,0,0,2,5,3,0,3,3,0
2726,5,5,513,2016,4,4,20,1,0,1,0,0,0,0,2,2,6,2,3,3,0
2727,5,2,509,2016,4,1,22,0,0,1,0,0,0,0,1,5,3,2,3,3,0
2728,5,17,525,2016,4,6,10,1,0,1,0,0,0,0,2,5,3,0,3,3,0
2729,1,8,123,2016,4,3,7,0,0,1,1,0,0,0,2,6,4,0,3,3,0
2730,4,10,429,2016,4,2,19,1,0,1,0,0,0,0,2,5,2,1,3,3,0
2731,2,9,221,2016,4,4,17,0,1,1,0,0,0,0,2,5,2,0,3,3,0
2732,4,8,420,2016,4,2,12,0,0,1,0,0,0,1,2,2,2,0,3,3,0
2733,5,2,505,2016,4,4,15,0,0,1,0,0,0,0,1,2,6,0,3,3,0
2734,4,12,431,2016,4,6,11,1,0,1,0,0,0,0,2,3,6,0,3,3,0
2735,2,8,220,2016,4,4,19,0,0,1,1,0,0,0,2,6,3,1,3,3,0
2736,1,11,129,2016,4,2,11,1,0,1,0,1,0,0,3,5,3,0,3,3,0