SN,District,Imperial_Circle,Community,Year,Month,Weekday,Hour,Road,Cycle,Car,Pedestrians,Motorcycle,Goods Vehicle,Others,Total,Collision Type,Accident Type,Light Condition,Road Condition,Accident_Severity,Tend_to_Death
3945,3,3,314,2016,6,5,18,0,1,1,0,0,0,0,2,3,2,0,3,3,0
3946,7,1,702,2016,6,1,12,0,1,1,0,0,0,0,2,3,2,0,3,2,1
3947,4,11,430,2016,6,3,16,0,0,1,0,0,0,1,2,2,6,0,3,3,0
3948,6,1,601,2016,6,3,9,1,0,1,0,0,0,1,3,5,2,0,3,3,0
3949,4,13,432,2016,6,5,11,0,0,1,0,1,0,0,2,4,2,0,3,2,1
3950,4,11,430,2016,7,7,18,0,0,1,1,0,0,0,2,6,4,0,3,3,0
3951,5,9,517,2016,6,6,13,1,1,1,0,0,0,0,3,5,3,0,3,3,0
3952,3,5,317,2016,6,1,19,0,1,0,0,0,0,1,2,0,7,0,3,3,0
3953,1,6,117,2016,7,1,14,1,0,1,0,0,1,0,3,1,2,0,3,3,0
3954,1,1,102,2016,6,2,10,1,1,0,0,0,0,1,3,5,3,0,3,3,0
3955,5,1,504,2016,6,4,23,0,0,1,0,0,0,0,1,5,3,2,3,3,0
3956,5,18,526,2016,6,3,18,0,1,0,0,0,0,0,1,2,7,0,3,3,0
3957,5,1,501,2016,6,6,14,0,0,1,0,0,0,0,1,2,6,0,3,3,0
3958,2,4,213,2016,6,5,18,0,1,0,1,0,0,0,2,6,6,0,3,3,0
3959,3,9,321,2016,6,7,23,1,0,1,0,0,0,0,2,4,2,2,3,3,0
3960,1,1,101,2016,6,5,11,0,1,0,0,1,0,0,2,5,3,0,3,2,1
3961,7,1,702,2016,6,1,20,0,0,1,0,1,0,0,2,0,7,0,3,3,0
3962,3,9,321,2016,6,5,17,0,1,1,0,0,0,0,2,5,2,0,3,3,0
3963,4,2,403,2016,6,1,13,0,1,0,0,0,0,0,1,4,6,0,3,3,0
3964,3,9,321,2016,6,5,17,1,0,1,0,0,0,0,2,5,3,0,3,3,0
3965,2,1,205,2016,6,7,12,0,0,1,0,0,0,0,1,3,6,0,3,3,0
3966,7,14,715,2016,6,4,14,0,1,1,0,0,0,0,2,5,3,0,3,3,0
3967,1,15,134,2016,6,1,14,0,0,1,0,0,0,1,2,2,6,0,3,3,0
3968,5,17,525,2016,6,3,16,0,0,1,0,0,0,0,1,2,6,0,3,3,0
3969,1,8,126,2016,6,3,16,0,0,1,0,0,0,0,1,2,6,0,3,3,0
3970,2,8,220,2016,6,5,20,0,1,1,0,0,0,0,2,5,2,0,3,3,0
3971,4,8,421,2016,7,7,21,1,0,1,0,0,0,0,2,2,6,1,3,3,0
3972,4,13,432,2016,6,6,13,1,1,1,0,0,0,0,3,5,3,0,3,3,0
3973,2,1,206,2016,6,1,22,0,0,1,0,1,0,0,2,4,3,2,3,3,0
3974,1,15,134,2016,6,1,0,1,1,0,0,0,0,0,2,0,7,2,3,3,0
3975,4,8,422,2016,6,4,20,0,0,1,1,0,0,0,2,6,3,0,3,3,0
3976,5,3,510,2016,6,3,9,0,0,1,0,0,0,0,1,2,6,0,3,3,0
3977,2,5,216,2016,6,6,23,0,1,1,0,0,0,0,2,3,6,2,3,3,0
3978,2,5,217,2016,6,5,4,0,0,1,0,0,0,0,1,7,1,1,3,3,0
3979,1,15,134,2016,6,4,17,1,0,1,1,0,0,0,3,6,4,0,3,2,1
3980,6,5,606,2016,6,1,2,0,0,1,0,0,0,0,1,9,1,2,3,2,1
3981,5,18,526,2016,6,3,7,0,1,1,0,0,0,0,2,0,3,0,3,3,0
3982,1,5,114,2016,6,1,20,0,1,1,0,0,0,0,2,5,3,0,3,3,0
3983,1,11,129,2016,7,6,17,1,1,1,0,0,0,0,3,1,5,0,3,3,0
3984,1,12,130,2016,6,1,11,1,0,1,0,0,0,0,2,5,3,0,3,3,0
3985,4,5,408,2016,6,6,8,0,0,1,0,0,0,0,1,5,3,0,3,3,0
3986,2,5,217,2016,6,6,10,1,0,1,1,0,0,0,3,6,4,0,3,3,0
3987,4,5,413,2016,7,6,8,0,1,1,0,0,0,0,2,0,7,0,3,3,0
3988,1,12,130,2016,6,1,14,1,0,1,0,1,0,0,3,0,7,0,3,3,0
3989,1,4,111,2016,7,7,23,1,0,0,1,1,0,0,3,6,4,2,3,3,0
3990,5,1,501,2016,6,6,17,1,0,1,1,0,0,0,3,6,4,0,3,2,1
3991,1,17,138,2016,6,1,22,0,1,0,0,0,0,0,1,0,7,2,3,3,0
3992,1,6,117,2016,6,1,16,1,0,1,0,0,0,0,2,9,1,0,3,3,0
3993,4,10,428,2016,6,4,15,0,0,1,0,0,0,1,2,5,3,0,3,3,0
3994,5,7,515,2016,6,3,8,1,1,1,0,0,0,0,3,3,2,0,3,3,0
3995,6,6,607,2016,6,2,8,0,0,1,1,0,0,0,2,6,4,0,3,3,0
3996,1,16,137,2016,6,4,10,0,0,1,0,0,0,0,1,2,6,0,3,2,1
3997,3,7,319,2016,6,6,21,1,1,1,0,0,0,0,3,1,5,0,3,3,0
3998,3,1,307,2016,6,5,19,0,0,1,0,0,0,0,1,2,6,0,3,3,0
3999,5,11,519,2016,7,1,15,1,0,1,0,1,0,0,3,5,3,0,3,3,0
4000,1,11,128,2016,6,4,8,0,0,1,0,0,0,1,2,4,2,0,3,3,0
4001,6,2,603,2016,6,1,15,0,1,1,0,0,0,0,2,5,3,0,3,3,0
4002,5,2,505,2016,6,3,15,0,1,1,0,0,0,0,2,5,3,0,3,3,0
4003,1,6,115,2016,6,7,8,1,0,1,0,0,0,0,2,3,2,0,3,3,0
4004,1,14,132,2016,7,6,15,0,0,1,0,0,1,0,2,3,6,0,3,3,0
4005,2,10,222,2016,7,2,14,0,1,1,0,0,0,0,2,5,3,0,3,3,0
4006,5,2,509,2016,6,1,20,0,0,1,0,0,0,0,1,5,3,0,3,3,0
4007,5,1,504,2016,6,6,13,1,0,1,0,0,1,0,3,1,1,0,3,2,1
4008,3,7,319,2016,6,6,12,0,1,1,0,0,0,0,2,5,3,0,3,3,0
4009,2,8,220,2016,7,6,17,1,1,1,0,0,0,0,3,5,3,0,3,3,0
4010,1,8,123,2016,6,5,10,0,0,1,0,0,0,0,1,5,2,0,3,2,1
4011,5,7,515,2016,6,3,17,1,0,1,0,0,0,0,2,2,6,0,3,3,0
4012,5,6,514,2016,6,2,16,0,1,1,0,0,0,0,2,5,3,0,3,3,0
4013,1,7,119,2016,6,4,18,0,0,1,1,0,0,0,2,6,4,0,3,3,0
4014,1,12,130,2016,6,1,17,0,0,1,0,0,0,0,1,5,7,0,3,3,0
4015,4,5,409,2016,6,3,12,0,0,1,0,0,0,1,2,3,6,0,3,3,0
4016,5,2,506,2016,6,3,12,0,1,1,0,0,0,0,2,5,3,0,3,3,0
4017,2,1,205,2016,6,5,1,0,1,0,0,0,0,0,1,0,1,2,3,3,0
4018,1,12,130,2016,7,7,15,1,0,1,0,0,0,0,2,2,6,0,3,3,0
4019,5,14,522,2016,6,3,8,0,1,0,0,0,0,0,1,0,7,0,3,3,0
4020,5,10,518,2016,6,2,14,0,1,1,0,0,0,0,2,5,3,0,3,2,1
4021,1,7,119,2016,6,4,17,0,0,1,0,0,1,0,2,2,6,0,3,3,0
4022,4,4,407,2016,6,3,12,0,0,1,0,0,0,0,1,5,3,0,3,3,0
4023,1,3,108,2016,6,5,7,0,1,0,0,0,0,0,1,4,6,0,3,3,0
4024,7,7,708,2016,7,7,12,0,0,1,1,0,0,0,2,0,7,0,3,3,0
4025,1,8,123,2016,6,1,19,0,1,0,1,0,0,0,2,6,3,0,3,3,0
4026,4,13,432,2016,6,3,8,1,0,0,0,1,0,0,2,0,1,0,3,3,0
4027,1,5,114,2016,7,2,14,0,0,1,0,0,0,1,2,0,7,0,3,3,0
4028,2,4,212,2016,6,1,4,1,0,1,0,1,0,0,3,1,5,1,3,2,1
4029,4,7,416,2016,6,6,12,0,0,1,1,0,0,0,2,6,7,0,3,3,0
4030,4,13,432,2016,6,3,20,0,1,1,0,0,0,0,2,5,2,0,3,3,0
4031,3,1,305,2016,6,6,14,0,1,1,0,0,0,0,2,1,5,0,3,3,0
4032,1,5,113,2016,7,6,12,0,1,1,0,0,0,0,2,0,5,0,3,3,0
4033,4,5,408,2016,6,5,14,0,1,1,0,0,0,0,2,5,2,0,3,3,0
4034,4,13,432,2016,6,3,16,0,0,1,0,0,0,0,1,2,6,0,3,3,0
4035,5,16,524,2016,6,2,14,0,1,1,0,0,0,0,2,1,6,0,3,3,0
4036,1,6,115,2016,6,4,14,0,1,1,0,0,0,0,2,5,3,0,3,3,0
4037,5,10,518,2016,6,1,14,0,0,1,0,0,0,0,1,4,2,0,3,3,0
4038,4,6,415,2016,6,3,14,0,1,1,0,0,0,0,2,5,3,0,3,3,0
4039,4,5,413,2016,6,3,20,0,1,1,0,0,0,0,2,5,3,0,3,3,0
4040,1,5,114,2016,6,5,21,0,0,1,1,0,0,0,2,6,4,2,3,3,0
4041,4,13,432,2016,7,7,14,0,0,1,0,0,0,0,1,3,6,0,3,3,0
4042,4,8,423,2016,6,6,11,1,1,0,0,0,0,0,2,0,6,0,3,3,0
4043,4,10,429,2016,6,7,14,1,0,1,0,1,0,0,3,8,5,0,3,3,0
4044,5,7,515,2016,7,1,21,0,1,1,0,1,0,0,3,5,2,0,3,3,0
4045,2,3,210,2016,6,1,13,1,0,1,1,0,0,0,3,9,4,0,3,3,0
4046,3,8,320,2016,6,4,11,0,0,1,0,0,0,0,1,2,6,0,3,3,0
4047,3,8,320,2016,6,1,17,0,1,1,0,0,0,0,2,1,7,0,3,3,0
4048,4,5,411,2016,6,3,8,0,0,1,0,0,0,0,1,2,6,0,3,3,0
4049,4,6,415,2016,6,6,7,0,0,1,0,1,0,0,2,0,6,0,3,3,0
4050,5,11,519,2016,6,7,0,1,0,1,0,0,0,0,2,8,5,2,3,3,0
4051,6,2,602,2016,7,1,0,1,0,1,0,1,0,0,3,1,5,2,3,2,1
4052,3,2,312,2016,6,1,14,1,0,0,0,1,0,0,2,0,7,0,3,2,1
4053,2,7,219,2016,6,4,8,1,0,1,0,0,0,0,2,2,6,0,3,3,0
4054,4,8,423,2016,6,6,16,1,1,1,0,0,0,0,3,4,2,0,3,3,0
4055,5,1,501,2016,6,3,19,1,0,1,0,0,0,1,3,5,3,0,3,3,0
4056,4,2,403,2016,6,6,13,0,1,1,0,0,0,0,2,4,2,0,3,3,0
4057,2,5,215,2016,6,5,16,0,1,1,0,0,0,0,2,5,3,0,3,3,0
4058,3,2,311,2016,6,7,14,0,0,0,0,1,0,0,1,0,7,0,3,3,0
4059,1,6,115,2016,6,4,10,0,0,1,0,0,0,0,1,9,1,0,3,3,0
4060,4,2,403,2016,6,1,20,0,0,1,1,0,0,0,2,6,2,0,3,3,0
4061,4,7,416,2016,6,3,6,1,0,1,0,0,0,0,2,2,6,0,3,3,0
4062,1,5,113,2016,6,5,16,0,0,1,0,0,0,0,1,1,6,0,3,3,0
4063,5,1,501,2016,7,7,12,0,0,1,0,0,0,0,1,0,2,0,3,3,0
4064,4,7,416,2016,6,6,19,1,1,1,0,0,0,0,3,5,3,0,3,3,0
4065,5,12,520,2016,6,7,11,1,0,1,0,0,0,0,2,9,1,0,3,3,0
4066,3,1,309,2016,6,1,17,1,1,1,0,0,0,0,3,5,3,0,3,3,0
4067,2,8,220,2016,6,4,7,0,1,1,0,0,0,0,2,5,3,0,3,3,0
4068,4,6,414,2016,6,3,11,0,0,0,1,0,0,1,2,6,4,0,3,3,0
4069,2,3,210,2016,6,6,10,1,0,1,0,0,0,0,2,4,2,0,3,3,0
4070,1,16,137,2016,6,4,19,0,0,0,0,1,0,1,2,3,6,0,3,3,0
4071,5,3,510,2016,6,4,16,0,0,1,0,0,1,0,2,3,6,0,3,3,0
4072,2,4,212,2016,6,1,16,0,0,1,0,0,0,0,1,2,6,0,3,3,0
4073,4,7,416,2016,6,3,13,0,0,1,0,0,0,0,1,2,6,0,3,3,0
4074,3,3,314,2016,6,6,12,0,0,1,0,0,0,0,1,2,6,0,3,3,0
4075,5,7,515,2016,6,4,16,0,0,1,1,0,0,0,2,6,4,0,3,2,1
4076,2,8,220,2016,6,3,16,0,0,1,0,0,0,0,1,1,7,0,3,3,0
4077,1,11,129,2016,6,4,11,0,0,1,0,0,0,0,1,4,2,0,3,3,0
4078,5,11,519,2016,6,7,9,1,0,1,0,0,0,1,3,0,5,0,3,3,0
4079,7,10,711,2016,7,7,15,0,0,1,0,0,0,0,1,4,2,0,3,3,0
4080,2,14,227,2016,6,6,15,0,0,1,0,0,0,0,1,2,6,0,3,3,0
4081,4,10,427,2016,6,7,15,1,0,1,0,0,0,0,2,2,6,0,3,3,0
4082,3,3,314,2016,6,6,11,0,0,1,1,0,0,0,2,6,2,0,3,3,0
4083,5,9,517,2016,7,6,19,0,0,1,0,1,0,0,2,4,7,0,3,3,0
4084,1,4,111,2016,6,1,2,1,0,1,0,1,0,0,3,1,5,2,3,3,0
4085,4,8,421,2016,6,3,21,1,0,1,0,0,0,0,2,9,7,0,3,3,0
4086,4,13,432,2016,6,2,16,0,1,0,0,0,0,0,1,4,6,0,3,3,0
4087,5,8,516,2016,6,4,20,0,0,1,0,0,0,0,1,2,6,0,3,3,0
4088,4,8,421,2016,6,3,14,0,0,1,0,0,0,1,2,2,6,0,3,3,0
4089,5,4,512,2016,6,4,18,0,1,1,0,0,0,0,2,5,3,0,3,3,0
4090,4,7,416,2016,7,1,0,1,0,1,0,0,0,0,2,2,6,2,3,3,0
4091,5,16,524,2016,6,4,15,0,0,1,0,0,0,0,1,2,6,0,3,3,0
4092,1,18,139,2016,6,1,14,0,1,0,0,0,0,0,1,0,7,0,3,3,0
4093,3,7,319,2016,6,3,18,0,0,0,0,1,0,1,2,0,7,0,3,3,0
4094,5,5,513,2016,7,6,11,0,0,1,0,0,0,0,1,4,2,0,3,3,0
4095,3,7,319,2016,7,2,7,0,1,1,0,0,0,0,2,3,2,0,3,3,0
4096,6,2,602,2016,6,7,18,0,1,1,0,0,0,0,2,3,6,0,3,3,0
4097,3,1,308,2016,6,6,12,1,1,1,0,0,1,0,4,2,2,0,3,3,0
4098,3,5,317,2016,6,3,12,0,1,0,0,0,1,0,2,3,6,0,3,3,0
4099,4,5,410,2016,6,7,12,1,0,0,0,1,0,1,3,3,7,0,3,3,0
4100,1,12,130,2016,7,6,13,1,0,1,0,0,0,0,2,2,2,0,3,3,0
4101,6,1,601,2016,6,7,21,0,0,1,0,0,0,0,1,5,3,0,3,3,0
4102,3,1,308,2016,6,6,11,1,1,1,0,0,0,0,3,5,3,0,3,3,0
4103,3,2,311,2016,6,6,1,0,0,1,0,0,0,0,1,5,3,2,3,3,0
4104,3,8,320,2016,7,6,8,0,1,1,0,0,0,0,2,5,3,0,3,3,0
4105,5,4,512,2016,6,7,16,0,0,1,1,0,0,0,2,6,4,0,3,2,1
4106,6,1,601,2016,6,5,12,0,1,1,0,0,0,0,2,5,3,0,3,3,0
4107,3,9,321,2016,6,3,15,1,0,1,0,0,0,0,2,3,7,0,3,3,0
4108,4,3,406,2016,6,2,5,0,0,1,0,0,0,0,1,4,2,0,3,2,1
4109,4,13,432,2016,6,4,13,0,1,1,0,0,0,0,2,5,3,0,3,3,0
4110,7,1,702,2016,6,7,11,0,1,1,0,0,0,0,2,5,3,0,3,3,0
4111,4,10,428,2016,6,3,16,0,1,1,0,0,0,0,2,5,3,0,3,3,0
4112,5,18,526,2016,6,4,5,0,1,1,0,0,0,0,2,5,3,0,3,3,0
4113,1,16,137,2016,7,7,9,1,0,1,0,0,0,0,2,1,6,0,3,3,0
4114,1,6,116,2016,6,7,16,0,0,1,0,0,0,0,1,2,6,0,3,3,0
4115,3,1,309,2016,6,3,20,0,0,1,0,0,0,0,1,1,6,0,3,3,0
4116,3,3,314,2016,6,6,21,0,0,1,0,0,0,0,1,5,2,0,3,3,0
4117,4,10,426,2016,6,7,17,1,0,1,0,0,0,0,2,5,3,0,3,3,0
4118,7,10,711,2016,7,2,15,0,0,1,0,0,0,1,2,2,6,0,3,3,0
4119,3,3,313,2016,6,4,13,0,1,1,0,0,0,0,2,5,3,0,3,3,0
4120,1,4,112,2016,6,6,0,1,1,0,0,0,0,0,2,5,3,2,3,3,0
4121,2,5,215,2016,6,3,12,0,1,0,0,0,1,0,2,0,3,0,3,2,1
4122,1,5,113,2016,6,6,19,1,1,1,0,0,0,0,3,3,2,0,3,3,0
4123,1,20,141,2016,6,5,14,0,0,1,0,1,0,0,2,5,3,0,3,3,0
4124,3,8,320,2016,6,5,21,0,0,1,0,0,0,0,1,3,6,2,3,3,0
4125,1,1,102,2016,6,7,19,0,1,1,0,0,0,0,2,3,2,0,3,3,0
4126,1,5,113,2016,7,2,19,0,0,1,0,0,0,0,1,2,6,0,3,3,0
4127,3,1,310,2016,7,4,19,0,1,1,0,0,0,0,2,5,2,0,3,3,0
4128,3,4,315,2016,7,3,10,0,1,1,0,0,0,0,2,1,5,0,3,3,0
4129,2,8,220,2016,7,5,10,0,0,1,1,0,0,0,2,6,2,0,3,3,0
4130,3,5,317,2016,7,6,11,0,1,0,0,0,0,1,2,5,3,0,3,3,0
4131,3,2,312,2016,7,7,16,0,0,1,0,0,0,0,1,2,6,0,3,3,0
4132,2,9,221,2016,7,5,18,1,1,0,0,0,0,1,3,1,1,0,3,3,0
4133,5,10,518,2016,7,7,11,0,0,1,0,0,0,0,1,4,2,0,3,3,0
4134,1,8,126,2016,7,3,19,1,0,1,0,0,0,0,2,2,6,0,3,3,0
4135,6,14,615,2016,7,6,7,1,0,1,0,0,0,1,3,5,3,0,3,3,0
4136,4,9,425,2016,7,5,17,0,0,1,0,0,0,0,1,5,3,0,3,3,0
4137,1,5,114,2016,7,5,17,0,1,1,0,0,0,0,2,3,5,0,3,3,0
4138,3,1,310,2016,7,2,16,0,1,1,0,0,0,0,2,2,2,0,3,3,0
4139,4,11,430,2016,7,3,20,0,0,1,0,0,0,0,1,2,6,0,3,3,0
4140,4,5,408,2016,7,4,7,0,0,1,0,1,0,0,2,3,7,0,3,2,1
4141,5,6,514,2016,7,3,15,0,0,1,0,1,0,0,2,4,2,0,3,3,0
4142,1,19,140,2016,7,1,20,1,0,0,0,1,0,0,2,8,1,0,3,2,1
4143,2,1,202,2016,7,5,23,0,0,0,0,1,0,0,1,0,1,2,3,3,0
4144,5,11,519,2016,8,3,12,0,1,1,0,0,0,0,2,5,3,0,3,3,0
4145,1,15,134,2016,7,6,21,1,0,1,0,0,0,0,2,5,3,2,3,3,0
4146,1,16,136,2016,7,1,20,0,0,1,0,0,0,0,1,2,6,0,3,3,0
4147,5,2,508,2016,7,2,13,0,0,1,0,0,0,0,1,5,3,0,3,3,0
4148,4,5,408,2016,7,2,7,0,0,1,0,1,0,0,2,4,2,0,3,2,1
4149,1,4,112,2016,7,7,23,1,0,1,0,0,0,0,2,2,6,2,3,3,0
4150,3,1,305,2016,7,5,14,1,0,1,0,1,0,0,3,0,7,0,3,3,0
4151,5,6,514,2016,7,3,17,0,0,1,0,1,0,0,2,5,2,0,3,2,1
4152,6,9,610,2016,7,6,16,0,0,1,0,0,0,0,1,4,2,0,3,3,0
4153,5,7,515,2016,7,3,16,0,0,1,0,0,0,0,1,1,7,0,3,3,0
4154,3,1,307,2016,7,5,9,0,1,1,0,0,0,0,2,5,2,0,3,3,0
4155,1,13,131,2016,7,4,20,0,0,1,0,0,0,0,1,3,6,0,3,3,0
4156,3,5,317,2016,7,2,7,0,1,1,0,0,0,0,2,1,7,0,3,3,0
4157,6,11,612,2016,7,1,7,0,0,1,0,0,0,1,2,4,6,0,3,3,0
4158,5,11,519,2016,7,3,18,0,1,1,0,0,0,0,2,5,3,0,3,3,0
4159,1,6,115,2016,7,6,8,1,0,1,0,0,0,0,2,3,2,0,3,3,0
4160,4,8,422,2016,7,5,20,0,1,1,0,0,0,0,2,3,7,0,3,3,0
4161,1,15,134,2016,7,4,11,1,0,0,0,1,0,1,3,0,1,0,3,3,0
4162,2,1,202,2016,7,2,20,0,0,1,0,0,0,0,1,2,2,0,3,3,0
4163,1,4,110,2016,8,2,12,0,0,1,0,0,0,1,2,5,3,0,3,3,0
4164,5,11,519,2016,7,3,8,0,1,1,0,0,0,0,2,3,2,0,3,3,0
4165,5,7,515,2016,7,3,15,1,0,1,0,0,0,0,2,5,3,0,3,3,0
4166,1,16,137,2016,7,1,13,1,0,0,0,1,0,1,3,0,7,0,3,3,0
4167,3,2,312,2016,7,5,11,0,1,0,0,1,0,0,2,5,3,0,3,3,0
4168,1,4,111,2016,8,3,9,0,0,1,0,0,0,0,1,5,3,0,3,3,0
4169,4,11,430,2016,7,6,9,0,0,0,0,0,0,1,1,5,2,0,3,3,0
4170,6,2,603,2016,7,1,20,0,0,1,0,0,0,0,1,5,3,0,3,3,0
4171,5,18,526,2016,7,6,18,0,0,1,0,0,0,0,1,1,6,0,3,3,0
4172,1,3,108,2016,7,7,15,0,0,1,0,1,0,0,2,3,6,0,3,2,1
4173,4,3,406,2016,7,5,11,0,0,1,0,0,0,0,1,1,5,0,3,3,0
4174,5,18,526,2016,7,3,20,0,0,1,0,0,0,0,1,5,3,0,3,3,0
4175,4,5,410,2016,7,3,11,0,1,1,0,0,0,0,2,5,2,0,3,3,0
4176,1,5,113,2016,7,5,9,0,0,1,0,0,0,0,1,1,6,0,3,3,0
4177,4,5,409,2016,7,4,9,0,0,1,0,0,1,0,2,2,6,0,3,3,0
4178,3,1,305,2016,7,1,11,0,1,1,1,0,0,0,3,1,4,0,3,3,0
4179,5,6,514,2016,7,1,14,0,0,1,0,0,0,0,1,5,3,0,3,3,0
4180,3,8,320,2016,7,4,18,0,1,1,0,0,0,0,2,5,2,0,3,3,0
4181,5,7,515,2016,7,3,16,1,0,1,0,0,0,0,2,2,6,0,3,3,0
4182,7,7,708,2016,7,4,12,1,0,1,0,1,0,0,3,0,7,0,3,2,1
4183,4,12,431,2016,8,2,10,0,0,1,0,0,0,0,1,5,3,0,3,3,0
4184,2,3,208,2016,7,6,20,0,1,1,0,0,0,0,2,5,2,0,3,3,0
4185,1,17,138,2016,7,7,18,0,0,1,0,0,0,0,1,5,3,0,3,3,0
4186,5,10,518,2016,7,7,11,0,1,0,0,0,0,0,1,4,6,0,3,3,0
4187,4,10,429,2016,7,6,16,0,0,1,0,0,0,0,1,1,6,0,3,3,0
4188,5,10,518,2016,7,3,15,1,1,1,0,0,0,0,3,5,3,0,3,3,0
4189,7,1,702,2016,7,4,9,1,0,1,0,0,0,0,2,2,6,0,3,3,0
4190,1,12,130,2016,8,2,16,0,0,1,1,0,0,0,2,6,4,0,3,3,0
4191,7,7,708,2016,7,6,16,0,0,1,0,1,0,0,2,5,3,0,3,3,0
4192,5,2,509,2016,7,1,15,0,0,1,1,0,0,0,2,6,3,0,3,3,0
4193,5,11,519,2016,7,6,5,1,0,1,1,0,0,0,3,6,2,0,3,3,0
4194,5,10,518,2016,7,2,21,0,0,1,0,0,0,0,1,8,1,2,3,3,0
4195,1,15,134,2016,7,6,15,1,0,0,0,0,0,1,2,4,6,0,3,2,1
4196,2,1,202,2016,7,5,19,1,0,1,0,0,0,0,2,0,7,0,3,3,0
4197,5,3,511,2016,7,3,16,0,0,1,0,0,0,0,1,2,6,0,3,3,0
4198,3,8,320,2016,7,3,15,0,0,1,0,1,0,0,2,5,2,0,3,3,0
4199,1,11,128,2016,7,4,12,0,0,1,0,0,0,1,2,1,5,0,3,3,0
4200,5,11,519,2016,7,3,11,0,1,1,0,0,0,0,2,4,2,0,3,3,0
4201,2,3,210,2016,7,2,16,0,1,1,0,0,0,0,2,2,6,0,3,3,0
4202,1,12,130,2016,7,7,10,0,0,1,0,0,0,0,1,4,7,0,3,3,0
4203,5,16,524,2016,7,1,21,0,0,1,0,0,0,0,1,4,6,2,3,3,0
4204,3,1,303,2016,7,4,18,0,1,1,0,0,0,0,2,0,6,0,3,3,0
4205,2,7,219,2016,7,3,18,0,0,1,0,1,0,0,2,3,2,0,3,3,0
4206,1,16,136,2016,7,4,13,0,0,1,0,1,0,0,2,4,6,0,3,2,1
4207,3,8,320,2016,8,2,16,0,1,0,0,0,0,0,1,5,3,0,3,3,0
4208,2,4,213,2016,7,6,15,0,1,1,0,0,0,0,2,0,7,0,3,3,0
4209,1,16,136,2016,7,6,11,0,0,1,0,0,0,0,1,5,3,0,3,3,0
4210,3,2,311,2016,7,5,9,0,0,1,0,0,0,0,1,1,3,0,3,3,0
4211,5,10,518,2016,7,7,11,0,1,1,0,0,0,0,2,5,3,0,3,3,0
4212,4,9,424,2016,7,3,7,0,0,1,0,0,0,0,1,5,3,0,3,3,0
4213,5,10,518,2016,7,6,8,0,1,0,0,0,1,0,2,4,2,0,3,3,0
4214,1,16,136,2016,7,5,21,1,0,1,0,0,0,0,2,5,3,2,3,3,0
4215,1,4,111,2016,7,5,19,0,1,1,0,0,0,0,2,3,6,0,3,3,0
4216,5,3,510,2016,7,3,16,1,0,1,0,0,0,0,2,9,1,0,3,3,0
4217,2,1,203,2016,7,2,11,0,0,0,1,0,0,1,2,6,4,0,3,3,0
4218,2,5,216,2016,7,3,14,0,1,1,0,0,0,0,2,5,3,0,3,3,0
4219,4,8,423,2016,7,4,19,0,1,1,0,0,0,0,2,5,2,0,3,3,0
4220,2,7,219,2016,7,6,11,0,0,1,0,0,0,0,1,1,6,0,3,3,0
4221,1,3,105,2016,7,5,17,0,0,1,0,0,0,1,2,5,3,0,3,3,0
4222,5,7,515,2016,7,3,16,1,0,1,0,0,0,0,2,1,6,0,3,3,0
4223,2,4,212,2016,7,4,13,0,1,1,0,0,0,0,2,5,2,0,3,2,1
4224,5,10,518,2016,7,3,8,0,0,1,0,0,0,0,1,2,6,0,3,3,0
4225,2,1,202,2016,7,2,20,0,0,1,0,0,0,0,1,5,7,0,3,3,0
4226,6,14,615,2016,7,4,19,0,0,1,0,0,0,0,1,5,3,0,3,3,0
4227,7,1,702,2016,8,3,10,1,1,0,1,0,0,0,3,6,3,0,3,2,1
4228,4,10,427,2016,7,7,15,0,0,1,0,1,0,0,2,8,5,0,3,3,0
4229,4,12,431,2016,7,1,9,0,0,0,1,0,0,1,2,6,4,0,3,3,0
4230,7,13,714,2016,7,3,16,0,0,1,0,0,0,1,2,2,6,0,3,3,0
4231,3,1,307,2016,7,3,8,0,1,0,0,0,0,0,1,4,6,0,3,2,1
4232,6,2,602,2016,7,4,17,0,1,1,0,0,0,0,2,5,3,0,3,3,0
4233,2,4,211,2016,7,6,0,0,0,1,0,0,0,0,1,1,6,2,3,3,0
4234,1,12,130,2016,7,6,16,1,0,1,0,0,0,0,2,2,6,0,3,3,0
4235,1,1,102,2016,7,5,14,1,1,0,0,0,0,1,3,5,2,0,3,3,0
4236,4,8,421,2016,7,7,23,0,0,1,0,0,0,0,1,5,3,2,3,3,0
4237,5,8,516,2016,7,3,14,0,0,1,0,0,0,0,1,8,7,0,3,3,0
4238,4,5,409,2016,7,6,19,0,1,1,0,0,0,0,2,5,3,0,3,3,0
4239,5,11,519,2016,7,5,17,0,1,1,0,0,0,0,2,5,3,0,3,3,0
4240,7,14,715,2016,7,4,7,0,0,1,0,0,0,0,1,2,6,0,3,3,0
4241,1,4,112,2016,7,2,8,0,0,1,0,0,0,0,1,2,6,0,3,3,0
4242,4,2,405,2016,7,3,6,0,0,1,0,0,0,0,1,5,3,0,3,3,0
4243,3,8,320,2016,7,4,6,0,0,0,0,0,1,0,1,4,6,0,3,3,0
4244,4,5,410,2016,7,3,11,1,1,1,0,0,0,0,3,5,3,0,3,3,0
4245,6,9,610,2016,7,1,15,0,0,1,0,1,0,0,2,3,5,0,3,3,0
4246,1,11,129,2016,7,4,17,0,0,1,0,0,1,0,2,2,6,0,3,3,0