SN,District,Imperial_Circle,Community,Year,Month,Weekday,Hour,Road,Cycle,Car,Pedestrians,Motorcycle,Goods Vehicle,Others,Total,Collision Type,Accident Type,Light Condition,Road Condition,Accident_Severity,Tend_to_Death
4247,2,9,221,2016,8,3,15,0,0,0,1,0,0,1,2,0,3,0,3,3,0
4248,1,11,128,2016,7,6,18,0,1,1,0,0,0,0,2,5,3,0,3,3,0
4249,4,10,426,2016,7,1,23,0,0,1,1,0,0,0,2,0,7,2,3,3,0
4250,5,7,515,2016,7,2,18,0,0,1,1,0,0,0,2,6,4,0,3,3,0
4251,4,5,409,2016,7,2,16,0,0,1,0,0,0,0,1,3,6,0,3,3,0
4252,4,8,423,2016,7,3,10,0,1,1,0,0,0,0,2,5,2,0,3,3,0
4253,5,4,512,2016,7,1,10,0,0,1,0,1,0,0,2,0,3,0,3,3,0
4254,1,1,102,2016,7,2,10,0,0,1,0,0,0,0,1,5,7,0,3,3,0
4255,5,6,514,2016,7,4,17,1,1,1,0,0,0,0,3,4,2,0,3,3,0
4256,4,10,429,2016,8,3,17,0,0,1,0,0,0,0,1,2,6,0,3,3,0
4257,7,16,717,2016,7,6,15,0,0,1,0,0,0,0,1,1,2,0,3,3,0
4258,2,7,219,2016,7,1,4,1,0,0,0,1,0,0,2,0,7,2,3,3,0
4259,5,17,525,2016,7,3,9,0,0,1,0,0,1,0,2,3,2,0,3,3,0
4260,1,12,130,2016,7,2,16,0,1,1,0,0,0,0,2,5,2,0,3,3,0
4261,4,10,426,2016,7,2,19,0,0,1,0,0,0,0,1,5,3,0,3,3,0
4262,1,11,129,2016,7,6,16,1,0,1,0,0,0,0,2,5,3,0,3,3,0
4263,1,16,137,2016,7,5,7,0,1,0,0,0,0,1,2,4,6,0,3,3,0
4264,5,12,520,2016,7,3,9,0,0,1,0,1,0,0,2,5,3,0,3,1,1
4265,4,5,411,2016,7,6,16,0,1,1,0,0,0,0,2,3,6,0,3,3,0
4266,4,7,416,2016,7,5,16,0,1,0,1,0,0,0,2,6,4,0,3,3,0
4267,6,2,602,2016,7,4,18,0,1,1,0,0,0,0,2,1,5,0,3,3,0
4268,7,4,705,2016,7,1,6,0,1,1,0,0,0,0,2,1,5,0,3,3,0
4269,1,1,101,2016,8,2,16,0,1,0,1,0,0,0,2,6,2,0,3,3,0
4270,3,2,312,2016,7,3,10,0,1,0,0,0,0,1,2,5,3,0,3,3,0
4271,3,9,321,2016,7,3,6,0,1,1,0,0,0,0,2,5,2,0,3,3,0
4272,5,7,515,2016,7,1,18,0,0,1,0,0,0,0,1,8,1,0,3,3,0
4273,5,18,526,2016,7,4,7,1,1,1,0,0,0,0,3,5,3,0,3,3,0
4274,7,1,701,2016,8,2,12,1,0,1,0,1,0,0,3,0,7,0,3,3,0
4275,3,7,319,2016,7,1,16,0,1,0,1,0,0,0,2,6,6,0,3,3,0
4276,5,1,502,2016,7,6,17,0,0,1,0,0,0,0,1,4,2,0,3,3,0
4277,5,14,522,2016,7,2,17,1,0,1,1,0,0,0,3,6,4,0,3,3,0
4278,1,12,130,2016,7,6,21,1,0,1,0,0,0,0,2,5,3,1,3,3,0
4279,1,11,128,2016,7,4,22,0,0,0,0,0,0,1,1,5,3,2,3,3,0
4280,4,5,410,2016,7,3,11,0,0,1,0,0,0,0,1,5,2,0,3,3,0
4281,4,10,426,2016,7,6,18,0,1,0,1,0,0,0,2,6,4,0,3,3,0
4282,3,1,310,2016,7,3,18,0,0,1,0,0,0,0,1,2,6,0,3,3,0
4283,6,14,615,2016,7,4,16,0,1,1,0,0,0,0,2,5,3,0,3,3,0
4284,2,5,215,2016,7,3,17,0,0,1,0,1,0,0,2,5,3,0,3,3,0
4285,1,8,122,2016,7,6,14,1,0,1,1,0,0,0,3,6,4,0,3,3,0
4286,4,10,428,2016,7,6,15,0,0,1,0,0,0,0,1,3,6,0,3,3,0
4287,1,1,102,2016,7,3,20,0,1,1,0,0,0,0,2,5,2,0,3,3,0
4288,3,2,312,2016,7,5,19,0,0,0,1,0,0,1,2,6,4,0,3,3,0
4289,5,5,513,2016,7,4,19,0,1,1,0,0,0,0,2,3,2,0,3,3,0
4290,1,11,129,2016,7,1,13,0,0,1,0,1,0,0,2,3,3,0,3,3,0
4291,4,10,429,2016,7,1,18,0,0,1,0,0,0,0,1,1,6,0,3,3,0
4292,1,5,114,2016,7,3,17,0,1,0,0,0,0,1,2,0,7,0,3,3,0
4293,5,6,514,2016,7,4,16,0,0,0,0,1,0,1,2,4,2,0,3,3,0
4294,2,8,220,2016,7,3,11,0,0,1,0,0,0,0,1,2,2,0,3,3,0
4295,5,2,507,2016,7,4,17,0,0,1,0,0,0,0,1,5,3,0,3,3,0
4296,5,2,507,2016,8,2,13,0,0,1,0,0,1,0,2,4,2,0,3,2,1
4297,1,20,141,2016,7,5,5,0,0,0,0,0,0,1,1,4,6,0,3,3,0
4298,5,18,526,2016,7,6,14,1,1,0,1,0,0,0,3,6,7,0,3,3,0
4299,2,4,214,2016,7,1,20,0,0,1,1,0,0,0,2,6,7,0,3,3,0
4300,4,2,405,2016,7,7,14,0,1,1,0,0,0,0,2,4,2,0,3,3,0
4301,3,8,320,2016,7,6,13,1,0,1,1,0,0,0,3,6,4,0,3,3,0
4302,5,1,503,2016,7,6,6,0,1,1,0,0,0,0,2,5,3,0,3,3,0
4303,5,14,522,2016,7,6,16,1,0,1,0,0,0,0,2,4,6,0,3,3,0
4304,1,11,128,2016,7,4,12,1,0,1,0,0,0,0,2,2,6,0,3,3,0
4305,4,5,408,2016,7,3,11,0,1,1,0,0,0,0,2,0,3,0,3,3,0
4306,1,7,120,2016,7,4,18,0,0,1,0,0,0,0,1,2,6,0,3,3,0
4307,3,6,318,2016,7,4,8,0,1,1,0,0,0,0,2,5,3,0,3,3,0
4308,2,8,220,2016,7,3,8,0,0,0,0,1,1,0,2,2,6,0,3,3,0
4309,5,12,520,2016,7,1,7,0,0,1,0,0,0,0,1,8,1,0,3,3,0
4310,1,5,114,2016,8,4,15,0,0,1,1,0,0,0,2,6,4,0,3,2,1
4311,4,9,425,2016,7,7,14,1,0,0,0,1,0,0,2,0,7,0,3,3,0
4312,3,2,312,2016,7,1,12,0,1,1,0,0,0,0,2,3,7,0,3,3,0
4313,3,1,308,2016,7,4,9,0,1,1,0,0,0,0,2,1,5,0,3,3,0
4314,3,6,318,2016,7,3,15,0,1,1,0,0,0,0,2,5,2,0,3,3,0
4315,5,2,505,2016,7,4,8,1,0,1,0,0,0,0,2,2,6,0,3,3,0
4316,1,13,131,2016,7,5,17,0,1,1,0,0,0,0,2,3,2,0,3,3,0
4317,5,9,517,2016,7,6,14,1,0,1,0,0,0,0,2,2,6,0,3,3,0
4318,4,11,430,2016,7,1,16,0,0,1,0,0,0,0,1,1,1,0,3,3,0
4319,1,4,109,2016,7,1,2,0,0,1,0,0,0,1,2,0,7,2,3,3,0
4320,1,3,108,2016,7,1,11,0,1,0,1,0,0,0,2,6,4,0,3,3,0
4321,2,6,218,2016,7,4,11,0,1,1,0,0,0,0,2,5,3,0,3,3,0
4322,2,5,215,2016,7,3,9,0,0,0,0,0,1,0,1,0,5,0,3,3,0
4323,5,9,517,2016,7,4,8,1,0,1,0,0,0,0,2,2,7,0,3,3,0
4324,4,5,410,2016,8,2,15,0,0,1,0,1,0,0,2,3,2,0,3,2,1
4325,1,11,128,2016,7,5,10,0,1,1,0,0,0,0,2,1,5,0,3,3,0
4326,4,13,432,2016,7,6,20,0,0,1,0,0,0,0,1,4,2,0,3,3,0
4327,1,3,108,2016,7,7,17,0,0,1,1,0,0,0,2,6,2,0,3,3,0
4328,3,8,320,2016,7,6,12,1,1,1,0,0,0,0,3,5,3,0,3,3,0
4329,1,5,114,2016,7,6,12,0,1,1,0,0,0,0,2,0,7,0,3,3,0
4330,1,8,126,2016,7,4,7,0,0,1,0,1,0,0,2,0,7,0,3,3,0
4331,4,7,416,2016,7,3,16,1,0,1,0,0,0,0,2,2,6,0,3,3,0
4332,7,9,710,2016,7,2,22,0,0,1,0,0,0,1,2,5,7,2,3,3,0
4333,3,1,304,2016,7,4,14,0,1,0,0,1,0,0,2,3,6,0,3,2,1
4334,3,1,310,2016,7,3,18,1,1,1,0,0,0,0,3,5,3,0,3,2,1
4335,3,7,319,2016,7,1,18,0,0,1,0,0,0,0,1,1,6,0,3,3,0
4336,4,13,432,2016,7,1,13,0,0,1,0,0,0,0,1,1,6,0,3,3,0
4337,4,3,406,2016,7,4,17,0,1,0,0,0,0,1,2,5,3,0,3,3,0
4338,1,8,123,2016,8,3,14,0,0,0,1,0,0,1,2,6,7,0,3,2,1
4339,1,1,101,2016,7,7,18,0,0,1,0,1,0,0,2,5,7,0,3,3,0
4340,1,3,105,2016,7,1,12,0,1,0,0,0,0,0,1,0,7,0,3,2,1
4341,5,4,512,2016,7,3,11,0,0,1,0,0,0,1,2,1,6,0,3,3,0
4342,1,1,101,2016,7,3,10,0,0,0,1,0,0,1,2,6,4,0,3,3,0
4343,4,10,429,2016,7,2,11,0,0,1,0,0,0,1,2,4,2,0,3,3,0
4344,4,11,430,2016,7,4,11,1,0,1,0,0,0,0,2,0,7,0,3,3,0
4345,5,6,514,2016,7,5,22,0,0,1,0,0,0,0,1,4,2,2,3,2,1
4346,5,1,504,2016,7,6,21,1,0,1,0,0,0,0,2,3,6,0,3,3,0
4347,5,4,512,2016,7,4,17,0,1,0,0,0,0,1,2,5,3,0,3,3,0
4348,7,14,715,2016,7,6,20,0,1,1,0,0,0,0,2,5,3,0,3,3,0
4349,4,8,421,2016,7,3,15,0,1,1,0,0,0,0,2,0,5,0,3,3,0
4350,2,11,223,2016,7,6,8,1,1,1,0,0,0,0,3,5,3,0,3,3,0
4351,5,11,519,2016,7,5,16,0,0,0,0,0,0,1,1,2,6,0,3,3,0
4352,7,1,701,2016,7,4,22,0,0,1,0,0,0,0,1,5,3,2,3,3,0
4353,4,13,432,2016,7,1,16,0,0,1,0,0,0,0,1,5,3,0,3,3,0
4354,5,18,526,2016,7,4,8,1,1,1,0,0,0,0,3,5,3,0,3,3,0
4355,1,12,130,2016,7,6,11,0,0,1,0,0,0,0,1,2,6,0,3,3,0
4356,4,8,420,2016,7,3,11,0,0,1,0,0,0,0,1,2,6,0,3,3,0
4357,4,1,401,2016,7,6,19,0,0,1,0,0,0,0,1,5,2,0,3,2,1
4358,5,3,511,2016,7,5,14,0,1,0,0,0,1,0,2,3,2,0,3,3,0
4359,3,9,321,2016,7,3,18,1,1,1,0,0,0,0,3,5,3,0,3,3,0
4360,4,4,407,2016,7,1,10,0,0,1,0,0,0,1,2,5,3,0,3,2,1
4361,7,8,709,2016,7,2,7,0,1,1,0,0,0,0,2,5,3,0,3,2,1
4362,3,2,312,2016,7,4,15,0,0,1,0,0,0,0,1,1,6,0,3,3,0
4363,2,1,205,2016,7,3,3,0,0,1,0,0,0,0,1,5,3,2,3,3,0
4364,3,1,307,2016,7,1,13,0,1,1,0,0,0,0,2,5,7,0,3,3,0
4365,4,13,432,2016,7,4,6,1,0,1,0,0,0,0,2,5,2,0,3,3,0
4366,5,9,517,2016,8,3,16,0,0,1,0,0,0,0,1,5,2,0,3,3,0
4367,7,9,710,2016,7,6,18,0,1,1,0,0,0,0,2,0,7,0,3,3,0
4368,1,16,137,2016,7,7,20,1,0,1,0,0,0,0,2,5,3,0,3,3,0
4369,1,8,121,2016,7,2,8,0,1,1,0,0,0,0,2,5,3,0,3,3,0
4370,3,8,320,2016,7,2,13,0,0,1,0,1,0,0,2,5,3,0,3,3,0
4371,5,1,502,2016,7,6,9,0,0,1,0,0,0,0,1,4,2,0,3,3,0
4372,5,18,526,2016,7,4,15,1,1,1,0,0,0,0,3,5,3,0,3,3,0
4373,3,6,318,2016,7,3,18,1,1,1,0,0,0,0,3,0,3,0,3,3,0
4374,4,3,406,2016,7,6,14,0,0,1,0,0,1,0,2,2,6,0,3,3,0
4375,3,6,318,2016,7,5,15,0,1,0,1,0,0,0,2,6,7,0,3,3,0
4376,1,12,130,2016,7,4,22,0,0,1,0,0,0,1,2,0,3,1,3,3,0
4377,2,8,220,2016,7,1,17,0,1,1,0,0,0,0,2,0,2,0,3,3,0
4378,6,1,601,2016,7,1,19,0,1,1,0,0,0,0,2,5,2,0,3,2,1
4379,6,1,601,2016,7,2,7,0,0,1,0,0,0,1,2,5,3,0,3,3,0
4380,3,2,311,2016,7,3,17,1,1,1,0,0,0,0,3,5,3,0,3,3,0
4381,4,13,432,2016,7,4,8,1,0,1,0,0,0,0,2,2,6,0,3,3,0
4382,1,12,130,2016,8,2,17,0,0,1,0,0,0,0,1,5,3,0,3,3,0
4383,6,2,602,2016,7,7,12,0,1,1,0,0,0,0,2,5,3,0,3,3,0
4384,3,6,318,2016,8,2,17,0,1,1,0,0,0,0,2,4,2,0,3,3,0
4385,1,8,121,2016,7,2,16,0,1,1,0,0,0,0,2,5,3,0,3,3,0
4386,7,13,714,2016,7,2,23,0,0,1,0,0,0,1,2,0,3,2,3,3,0
4387,2,1,202,2016,7,1,16,0,1,1,0,0,0,0,2,3,6,0,3,3,0
4388,4,5,408,2016,7,4,8,1,1,1,0,0,0,0,3,3,2,0,3,3,0
4389,3,5,317,2016,8,3,17,0,0,1,0,0,0,0,1,5,7,0,3,3,0
4390,5,18,526,2016,7,6,15,0,0,1,0,0,0,0,1,2,6,0,3,3,0
4391,5,4,512,2016,7,7,9,0,1,1,0,0,0,0,2,0,2,0,3,3,0
4392,2,4,213,2016,7,6,13,0,1,0,0,0,0,1,2,3,7,0,3,3,0
4393,4,10,426,2016,7,6,16,1,0,1,0,0,0,0,2,5,3,0,3,3,0
4394,5,2,506,2016,7,4,9,1,0,1,0,0,0,1,3,2,6,0,3,3,0
4395,2,1,205,2016,7,3,15,1,1,1,0,0,0,0,3,5,2,0,3,3,0
4396,5,7,515,2016,7,2,18,0,1,1,0,0,0,0,2,5,3,0,3,3,0
4397,1,4,112,2016,7,5,15,0,1,1,0,0,0,0,2,3,2,0,3,3,0
4398,4,11,430,2016,7,4,13,0,0,1,1,0,0,0,2,1,5,0,3,3,0
4399,4,6,415,2016,7,1,16,0,0,1,0,1,0,0,2,3,6,0,3,3,0
4400,5,3,511,2016,7,7,17,0,0,1,0,0,0,0,1,2,6,0,3,3,0
4401,5,7,515,2016,7,4,10,0,0,1,0,0,0,0,1,4,2,0,3,3,0
4402,7,15,716,2016,7,2,19,0,0,0,0,1,0,0,1,9,1,0,3,2,1
4403,4,5,413,2016,7,4,18,0,1,1,0,0,0,0,2,5,3,0,3,3,0
4404,4,13,432,2016,8,2,15,0,0,1,0,0,0,0,1,2,6,0,3,3,0
4405,5,7,515,2016,7,5,12,0,1,1,0,0,0,0,2,0,7,0,3,3,0
4406,4,7,417,2016,7,6,7,0,0,1,0,1,0,0,2,4,3,0,3,3,0
4407,5,18,526,2016,7,6,6,0,1,0,0,0,0,1,2,5,3,0,3,3,0
4408,1,3,108,2016,7,6,9,1,1,1,0,0,0,0,3,0,2,0,3,3,0
4409,2,7,219,2016,7,6,13,0,0,1,0,0,0,0,1,2,6,0,3,3,0
4410,4,9,425,2016,7,4,15,1,0,1,0,0,0,0,2,3,6,0,3,3,0
4411,2,3,209,2016,7,3,13,0,1,0,0,0,0,1,2,5,2,0,3,3,0
4412,1,1,102,2016,7,6,10,1,0,1,0,1,0,0,3,5,7,0,3,3,0
4413,3,8,320,2016,7,6,14,1,1,0,0,0,0,1,3,3,2,0,3,3,0
4414,5,17,525,2016,7,4,17,1,0,0,0,1,0,0,2,0,1,0,3,3,0
4415,2,3,208,2016,7,3,16,1,1,1,0,0,0,0,3,5,2,0,3,3,0
4416,5,7,515,2016,7,2,17,0,0,1,0,0,0,0,1,1,6,0,3,3,0
4417,1,11,129,2016,7,4,9,0,0,1,0,0,0,1,2,0,7,0,3,3,0
4418,1,20,141,2016,7,2,17,0,1,1,0,0,0,0,2,5,7,0,3,3,0
4419,3,2,312,2016,7,1,11,0,0,1,0,1,0,0,2,3,6,0,3,3,0
4420,6,2,602,2016,7,7,14,1,0,1,0,0,0,0,2,2,6,0,3,3,0
4421,5,7,515,2016,7,7,11,0,1,1,0,0,0,0,2,5,3,0,3,3,0
4422,2,5,215,2016,7,4,17,0,1,1,0,0,0,0,2,5,3,0,3,3,0
4423,7,7,708,2016,7,2,15,0,0,1,0,0,0,0,1,5,3,0,3,3,0
4424,4,7,417,2016,7,3,14,0,1,0,0,0,0,1,2,5,2,0,3,3,0
4425,4,7,417,2016,7,4,20,0,1,1,0,0,0,0,2,5,3,0,3,3,0
4426,4,6,414,2016,8,2,21,0,1,0,0,0,0,0,1,5,3,1,3,3,0
4427,5,12,520,2016,7,5,20,0,1,0,0,0,0,0,1,0,7,0,3,3,0
4428,2,8,220,2016,7,6,14,1,0,1,0,0,0,0,2,1,6,0,3,3,0
4429,5,12,520,2016,7,4,21,1,0,0,0,1,0,0,2,0,1,1,3,3,0
4430,5,6,514,2016,7,6,17,1,1,1,0,0,0,0,3,5,3,0,3,3,0
4431,1,4,112,2016,7,3,16,0,0,1,1,0,0,0,2,6,7,0,3,3,0
4432,1,5,114,2016,7,6,13,0,1,1,0,0,0,0,2,0,7,0,3,3,0
4433,1,16,137,2016,7,5,15,0,0,0,1,0,0,1,2,6,7,0,3,3,0
4434,4,12,431,2016,7,4,21,1,0,1,0,0,0,0,2,3,7,1,3,3,0
4435,1,2,103,2016,7,3,12,0,0,1,0,0,1,0,2,2,7,0,3,3,0
4436,1,1,101,2016,7,1,0,1,0,1,0,0,0,0,2,5,2,0,3,3,0
4437,5,11,519,2016,7,2,20,0,0,1,0,0,0,0,1,5,2,0,3,3,0
4438,1,4,110,2016,7,4,10,0,1,1,0,0,0,0,2,5,3,0,3,3,0
4439,1,15,134,2016,7,2,6,0,0,1,0,0,1,0,2,3,6,0,3,3,0
4440,2,1,201,2016,7,1,5,0,0,1,1,0,0,0,2,6,7,0,3,3,0
4441,1,5,114,2016,7,1,23,0,0,1,1,0,0,0,2,6,4,2,3,3,0
4442,4,10,427,2016,7,4,17,0,0,1,1,0,0,0,2,6,7,0,3,3,0
4443,4,11,430,2016,8,3,16,0,0,1,0,0,0,0,1,5,3,0,3,3,0
4444,1,20,141,2016,7,6,6,0,0,1,0,1,0,0,2,4,6,0,3,2,1
4445,5,15,523,2016,7,7,3,0,0,0,1,0,0,1,2,6,3,2,3,3,0
4446,5,10,518,2016,7,3,21,0,0,1,0,0,0,0,1,5,3,0,3,3,0
4447,1,7,119,2016,7,4,15,0,0,1,0,0,1,0,2,5,3,0,3,3,0
4448,2,1,201,2016,7,4,6,0,1,1,0,0,0,0,2,5,3,0,3,3,0
4449,6,1,601,2016,7,2,19,0,0,1,1,0,0,0,2,6,4,0,3,3,0
4450,7,1,702,2016,7,1,14,0,0,0,0,1,0,0,1,9,1,0,3,2,1
4451,7,12,713,2016,8,3,6,0,0,1,0,0,1,0,2,3,6,0,3,3,0
4452,5,17,525,2016,7,7,11,0,0,1,0,0,0,0,1,2,6,0,3,3,0
4453,4,4,407,2016,7,7,19,1,0,1,0,0,0,0,2,2,6,0,3,3,0
4454,1,3,108,2016,7,4,16,0,1,1,0,0,0,0,2,3,6,0,3,3,0
4455,4,2,404,2016,7,3,8,0,1,1,0,0,0,0,2,3,7,0,3,3,0
4456,4,8,423,2016,7,4,17,0,1,0,0,0,0,0,1,4,6,0,3,3,0
4457,4,13,432,2016,7,5,18,0,0,1,0,0,0,0,1,2,6,0,3,3,0
4458,3,6,318,2016,7,6,8,0,0,1,0,0,0,0,1,2,6,0,3,3,0
4459,4,13,432,2016,7,4,18,0,0,1,1,0,0,0,2,6,4,0,3,2,1
4460,5,18,526,2016,7,6,15,0,1,1,0,0,0,0,2,5,3,0,3,3,0
4461,1,1,101,2016,7,3,9,0,0,1,0,0,0,0,1,2,6,0,3,3,0
4462,6,13,614,2016,7,5,20,1,0,1,0,1,0,0,3,5,3,0,3,2,1
4463,4,9,424,2016,7,5,18,0,1,1,0,0,0,0,2,1,5,0,3,3,0
4464,1,5,113,2016,7,5,16,0,1,1,0,0,0,0,2,5,3,0,3,3,0
4465,1,20,141,2016,7,7,3,0,0,1,0,1,0,0,2,2,3,2,3,3,0
4466,4,13,432,2016,7,2,8,1,1,1,0,0,0,0,3,5,3,0,3,3,0
4467,1,1,102,2016,7,4,15,0,0,0,1,0,0,1,2,0,4,0,3,3,0
4468,6,9,610,2016,7,2,16,0,0,0,1,1,0,0,2,0,6,0,3,3,0
4469,2,3,208,2016,7,1,2,0,0,1,0,0,0,0,1,5,7,2,3,3,0
4470,5,1,501,2016,7,4,12,0,0,1,0,0,0,0,1,2,6,0,3,3,0
4471,4,8,421,2016,8,3,18,0,0,1,0,1,0,0,2,5,3,0,3,3,0
4472,1,12,130,2016,7,6,18,0,1,1,0,0,0,0,2,5,2,0,3,2,1
4473,4,10,428,2016,7,7,23,1,0,1,0,0,0,0,2,3,7,2,3,3,0
4474,5,18,526,2016,7,2,16,0,1,0,0,0,0,0,1,0,7,0,3,3,0
4475,4,2,405,2016,7,2,21,0,0,1,0,0,0,0,1,3,7,1,3,3,0
4476,2,4,213,2016,7,6,20,1,1,0,0,0,1,0,3,5,3,0,3,3,0
4477,3,7,319,2016,7,4,14,1,0,1,0,0,0,0,2,5,3,0,3,3,0
4478,6,11,612,2016,7,5,7,0,0,1,0,0,0,0,1,1,6,0,3,3,0
4479,4,5,408,2016,7,2,9,0,0,0,0,0,0,1,1,0,7,0,3,3,0
4480,1,12,130,2016,7,2,16,0,0,1,1,0,0,0,2,6,4,0,3,2,1
4481,2,1,203,2016,7,2,9,0,1,1,0,0,0,0,2,5,2,0,3,3,0
4482,3,3,314,2016,7,6,7,0,1,1,0,0,0,0,2,4,2,0,3,3,0
4483,4,1,401,2016,7,4,20,0,1,1,0,0,0,0,2,1,5,1,3,3,0
4484,4,13,432,2016,7,6,13,0,0,1,0,0,0,1,2,4,2,0,3,3,0
4485,7,3,704,2016,7,2,0,0,0,0,0,1,0,0,1,8,1,2,3,3,0
4486,6,10,611,2016,7,5,18,1,0,1,0,0,0,0,2,8,1,1,3,3,0
4487,5,1,501,2016,7,5,14,0,1,1,0,0,0,0,2,4,2,0,3,3,0
4488,6,3,604,2016,7,4,20,0,0,1,0,0,0,0,1,5,3,0,3,3,0
4489,7,4,705,2016,7,7,11,0,0,1,0,1,0,0,2,2,7,0,3,3,0
4490,1,1,101,2016,8,2,16,0,0,1,0,1,0,0,2,4,2,0,3,3,0
4491,4,8,419,2016,7,2,17,0,0,1,0,1,0,0,2,3,7,0,3,3,0
4492,1,11,128,2016,7,2,8,0,0,0,1,0,0,1,2,6,4,0,3,3,0
4493,1,1,101,2016,7,1,13,0,0,1,0,0,0,1,2,3,6,0,3,3,0
4494,2,10,222,2016,7,4,13,0,0,1,0,0,0,0,1,5,6,0,3,3,0
4495,1,1,102,2016,8,3,8,1,1,0,0,0,0,0,2,5,3,0,3,3,0
4496,5,8,516,2016,7,6,21,1,1,1,0,0,0,0,3,1,5,2,3,3,0
4497,4,10,426,2016,7,7,14,0,1,1,0,0,0,0,2,0,2,0,3,3,0
4498,1,12,130,2016,7,5,17,1,0,0,1,0,0,1,3,6,2,0,3,1,1
4499,1,1,102,2016,7,6,11,0,0,0,1,0,0,1,2,6,4,0,3,3,0
4500,3,5,317,2016,7,4,9,1,0,1,0,1,0,0,3,0,1,0,3,2,1
4501,7,1,702,2016,7,2,9,0,1,0,0,0,0,0,1,4,6,0,3,3,0
4502,3,8,320,2016,7,2,15,0,0,1,0,0,0,0,1,2,2,0,3,3,0
4503,7,13,714,2016,7,4,19,0,1,1,0,0,0,0,2,5,3,0,3,3,0
4504,1,8,123,2016,7,2,22,0,0,1,0,0,0,0,1,1,2,2,3,3,0
4505,6,5,606,2016,7,7,13,0,0,1,1,0,0,0,2,6,3,0,3,3,0
4506,3,2,312,2016,7,1,11,0,0,1,0,0,0,0,1,5,3,0,3,3,0
4507,4,6,415,2016,7,7,11,0,0,1,0,1,0,0,2,3,6,0,3,3,0
4508,2,9,221,2016,7,4,16,0,1,1,0,0,0,0,2,5,3,0,3,3,0
4509,5,5,513,2016,7,2,10,0,0,1,0,0,0,0,1,5,3,0,3,3,0
4510,3,2,311,2016,7,5,22,1,1,0,0,0,0,0,2,7,7,2,3,3,0
4511,5,4,512,2016,7,4,14,0,1,1,0,0,0,0,2,3,2,0,3,3,0
4512,1,12,130,2016,7,7,20,1,0,1,0,0,0,0,2,8,7,0,3,3,0
4513,1,12,130,2016,7,1,15,0,0,1,0,0,0,0,1,2,6,0,3,3,0
4514,2,9,221,2016,7,2,7,0,0,1,0,0,0,0,1,5,3,0,3,3,0
4515,5,18,526,2016,7,2,11,0,1,1,0,0,0,0,2,1,3,0,3,3,0
4516,6,1,601,2016,7,7,23,0,0,1,0,0,0,0,1,5,3,2,3,3,0
4517,2,8,220,2016,7,4,15,0,0,1,0,0,0,0,1,1,6,0,3,3,0
4518,1,8,122,2016,8,2,6,0,0,0,0,1,0,0,1,0,1,0,3,3,0
4519,4,13,432,2016,7,5,13,0,0,1,0,0,0,0,1,1,6,0,3,3,0
4520,1,5,113,2016,7,6,8,0,1,0,0,0,0,1,2,3,2,0,3,3,0
4521,3,8,320,2016,7,7,20,1,0,1,0,1,0,0,3,4,2,1,3,3,0
4522,5,4,512,2016,7,5,10,0,0,1,0,0,0,1,2,5,2,0,3,3,0
4523,4,8,423,2016,7,6,13,0,0,0,1,0,1,0,2,6,4,0,3,3,0
4524,7,14,715,2016,7,5,15,0,0,0,1,0,0,1,2,0,7,0,3,3,0
4525,4,3,406,2016,7,4,7,1,0,1,0,0,0,0,2,3,2,0,3,3,0
4526,1,16,137,2016,7,2,16,0,0,1,1,0,0,0,2,6,4,0,3,2,1
4527,2,5,216,2016,7,2,18,0,1,1,0,0,0,0,2,4,2,0,3,3,0
4528,1,7,120,2016,7,4,18,1,0,1,0,0,0,0,2,2,6,0,3,3,0
4529,1,3,106,2016,7,4,23,0,1,0,0,0,0,0,1,0,7,2,3,3,0
4530,5,2,505,2016,7,2,14,0,0,1,0,0,0,0,1,2,6,0,3,3,0
4531,1,8,121,2016,7,7,12,0,0,1,0,0,0,0,1,3,6,0,3,3,0
4532,3,4,316,2016,8,4,8,1,0,1,0,0,0,0,2,5,3,0,3,3,0
4533,5,18,526,2016,7,7,10,0,0,1,0,0,0,1,2,2,6,0,3,2,1
4534,2,14,227,2016,7,7,22,1,0,1,0,0,0,1,3,5,3,2,3,3,0
4535,3,3,313,2016,7,4,20,0,0,1,0,0,0,0,1,2,7,0,3,3,0
4536,3,6,318,2016,7,3,18,0,1,0,0,0,0,0,1,0,7,0,3,3,0
4537,2,5,217,2016,7,4,12,0,0,1,0,0,0,0,1,5,3,0,3,3,0
4538,2,10,222,2016,8,2,12,1,0,1,0,1,0,0,3,4,2,0,3,3,0
4539,3,7,319,2016,7,5,21,0,1,1,0,0,0,0,2,1,5,0,3,3,0
4540,1,16,137,2016,7,5,14,0,1,0,0,0,1,0,2,5,2,0,3,3,0
4541,2,1,205,2016,7,4,22,0,0,1,0,0,0,0,1,5,2,2,3,3,0
4542,4,6,415,2016,7,6,17,0,1,1,0,0,0,0,2,3,2,0,3,3,0
4543,1,16,135,2016,7,2,16,0,1,1,0,0,0,0,2,5,3,0,3,2,1
4544,5,5,513,2016,7,5,7,0,1,0,0,0,0,1,2,0,2,0,3,3,0
4545,1,8,123,2016,7,5,7,0,0,1,0,0,0,0,1,2,6,0,3,3,0
4546,3,8,320,2016,7,4,16,0,1,1,0,0,0,0,2,5,3,0,3,3,0
4547,4,13,432,2016,8,2,15,0,0,1,0,0,0,0,1,5,3,0,3,3,0
4548,3,1,304,2016,7,5,13,0,1,1,0,0,0,0,2,5,3,0,3,3,0