SN,District,Imperial_Circle,Community,Year,Month,Weekday,Hour,Road,Cycle,Car,Pedestrians,Motorcycle,Goods Vehicle,Others,Total,Collision Type,Accident Type,Light Condition,Road Condition,Accident_Severity,Tend_to_Death
5456,5,2,508,2016,9,2,15,0,1,0,0,0,0,0,1,4,3,0,3,3,0
5457,6,9,610,2016,9,2,17,0,0,1,0,0,0,0,1,5,3,0,3,3,0
5458,5,2,508,2016,9,6,15,0,0,1,1,0,0,0,2,5,7,0,3,3,0
5459,7,10,711,2016,9,5,16,1,0,0,0,1,1,0,3,0,7,0,3,3,0
5460,1,2,104,2016,9,3,17,0,1,1,0,0,0,0,2,5,3,0,3,3,0
5461,2,3,209,2016,9,5,18,0,1,1,0,0,0,0,2,1,5,0,3,3,0
5462,1,1,102,2016,9,7,15,0,1,0,1,0,0,0,2,6,4,0,3,3,0
5463,6,2,602,2016,9,6,13,0,0,1,0,0,0,0,1,2,6,0,3,3,0
5464,3,1,309,2016,9,4,9,0,1,1,0,0,0,0,2,5,5,0,3,3,0
5465,2,7,219,2016,9,5,19,0,1,1,0,0,0,0,2,5,3,0,3,3,0
5466,3,4,315,2016,9,7,7,0,1,1,0,0,0,0,2,5,3,0,3,3,0
5467,3,1,303,2016,9,3,18,0,0,1,0,1,0,0,2,5,3,0,3,3,0
5468,1,12,130,2016,9,7,21,0,0,1,0,1,0,0,2,0,3,2,3,3,0
5469,1,3,106,2016,9,1,5,1,0,1,0,0,0,0,2,2,7,2,3,3,0
5470,5,13,521,2016,9,6,9,0,0,1,0,0,0,0,1,5,7,0,3,3,0
5471,1,11,128,2016,9,4,9,0,0,1,0,0,0,0,1,5,3,0,3,3,0
5472,1,20,141,2016,9,3,13,0,0,1,0,0,0,0,1,5,3,0,3,3,0
5473,2,5,216,2016,9,6,19,0,0,0,1,0,0,1,2,6,3,1,3,3,0
5474,4,4,407,2016,9,2,12,0,0,1,0,0,0,0,1,1,6,0,3,3,0
5475,3,1,309,2016,9,4,16,0,0,1,0,1,0,0,2,3,6,0,3,3,0
5476,4,10,428,2016,9,6,16,0,0,0,0,0,0,1,1,3,6,0,3,2,1
5477,1,5,114,2016,9,1,21,1,0,1,0,0,0,0,2,5,3,2,3,3,0
5478,1,15,134,2016,9,7,18,0,0,1,0,0,0,1,2,0,7,0,3,3,0
5479,4,13,432,2016,9,4,5,0,0,1,0,0,0,0,1,4,2,2,3,3,0
5480,2,1,206,2016,9,3,13,0,0,1,0,0,0,0,1,2,6,0,3,3,0
5481,1,7,119,2016,9,3,18,0,0,1,0,0,0,0,1,2,6,0,3,3,0
5482,1,17,138,2016,9,6,14,0,0,0,0,0,1,1,2,1,7,0,3,3,0
5483,2,5,215,2016,9,2,9,0,0,1,0,1,0,0,2,2,2,0,3,3,0
5484,1,11,129,2016,9,2,17,0,0,1,0,0,0,0,1,3,6,0,3,3,0
5485,3,1,304,2016,9,4,8,0,1,1,0,0,0,0,2,5,3,0,3,3,0
5486,4,11,430,2016,9,5,18,0,1,0,1,0,0,0,2,6,6,0,3,3,0
5487,1,15,134,2016,9,7,17,0,0,1,0,0,0,0,1,2,6,0,3,3,0
5488,5,18,526,2016,9,7,17,0,0,0,0,1,0,0,1,8,7,0,3,3,0
5489,4,8,422,2016,9,3,16,0,0,1,0,0,0,1,2,2,6,0,3,3,0
5490,4,6,414,2016,9,3,16,0,1,1,0,0,0,0,2,4,2,0,3,3,0
5491,3,2,311,2016,9,1,19,0,0,1,0,0,0,0,1,2,6,0,3,3,0
5492,1,3,106,2016,9,6,14,0,0,1,0,0,0,0,1,2,6,0,3,3,0
5493,1,1,101,2016,9,6,12,0,0,0,0,1,0,1,2,3,7,0,3,2,1
5494,1,1,101,2016,9,2,15,0,1,1,0,0,0,0,2,5,3,0,3,2,1
5495,6,1,601,2016,9,2,16,0,1,1,0,0,0,0,2,5,3,0,3,3,0
5496,5,8,516,2016,9,2,22,1,1,1,0,0,0,0,3,5,3,2,3,3,0
5497,5,1,504,2016,9,6,19,0,0,1,1,0,0,0,2,0,4,2,3,3,0
5498,5,2,509,2016,9,4,19,0,0,1,0,1,0,0,2,5,3,2,3,3,0
5499,4,5,409,2016,9,5,13,0,1,1,0,0,0,0,2,0,7,0,3,3,0
5500,5,4,512,2016,9,7,16,0,0,1,1,0,0,0,2,6,7,0,3,3,0
5501,5,12,520,2016,9,2,13,0,0,1,0,0,0,1,2,0,3,0,3,3,0
5502,5,5,513,2016,9,4,17,0,0,1,1,0,0,0,2,6,2,0,3,2,1
5503,3,5,317,2016,9,4,7,0,1,0,0,0,0,0,1,5,3,0,3,3,0
5504,1,1,101,2016,9,6,8,0,0,1,0,0,0,1,2,5,7,0,3,3,0
5505,1,1,101,2016,9,3,18,0,0,1,0,0,0,0,1,2,2,0,3,3,0
5506,5,2,507,2016,9,4,16,0,1,0,1,0,0,0,2,6,4,0,3,2,1
5507,1,1,101,2016,9,2,18,0,1,0,0,0,0,0,1,0,7,0,3,2,1
5508,2,5,217,2016,9,2,13,0,0,1,0,0,1,0,2,4,2,0,3,3,0
5509,4,8,421,2016,9,5,20,1,0,1,1,0,0,0,3,6,2,2,3,3,0
5510,2,5,216,2016,9,4,18,0,1,1,0,0,0,0,2,5,3,1,3,3,0
5511,5,10,518,2016,9,2,7,0,1,0,0,0,0,0,1,2,6,0,3,3,0
5512,5,11,519,2016,9,4,16,0,1,1,0,0,0,0,2,5,2,0,3,3,0
5513,4,7,417,2016,9,7,15,0,0,1,0,1,0,0,2,0,7,0,3,2,1
5514,4,12,431,2016,9,2,13,0,0,1,0,0,0,1,2,5,3,0,3,3,0
5515,4,10,429,2016,9,4,9,0,1,0,0,0,0,0,1,5,3,0,3,3,0
5516,1,3,106,2016,9,4,13,0,0,1,0,0,0,0,1,1,6,0,3,3,0
5517,7,1,702,2016,9,2,15,0,0,1,0,1,0,0,2,2,6,0,3,2,1
5518,7,13,714,2016,9,1,12,0,0,1,0,0,0,0,1,2,6,0,3,3,0
5519,1,1,102,2016,9,4,17,0,1,1,0,0,0,0,2,5,3,0,3,3,0
5520,7,1,702,2016,9,5,14,0,0,1,0,0,0,0,1,3,7,0,3,3,0
5521,1,12,130,2016,9,6,10,0,0,1,0,0,0,0,1,5,2,0,3,3,0
5522,4,2,403,2016,9,3,6,1,0,1,0,1,0,0,3,5,2,2,3,3,0
5523,7,1,701,2016,9,6,21,1,1,0,0,1,0,0,3,2,6,2,3,3,0
5524,4,5,413,2016,9,3,9,1,0,1,0,0,0,0,2,2,6,0,3,3,0
5525,5,12,520,2016,9,2,11,0,1,1,0,0,0,0,2,5,3,0,3,2,1
5526,6,14,615,2016,9,3,17,0,0,1,1,0,0,0,2,6,4,0,3,2,1
5527,4,6,415,2016,9,1,15,0,1,1,0,0,0,0,2,0,7,0,3,3,0
5528,4,2,404,2016,9,7,20,0,0,0,0,0,0,1,1,0,7,2,3,3,0
5529,3,6,318,2016,9,6,13,0,1,1,0,0,0,0,2,1,5,0,3,3,0
5530,1,7,119,2016,9,3,17,0,0,1,0,0,0,0,1,3,3,0,3,3,0
5531,6,2,602,2016,9,5,18,0,0,1,0,0,0,0,1,2,6,0,3,3,0
5532,5,2,507,2016,9,6,14,0,1,1,0,0,0,0,2,1,7,0,3,3,0
5533,1,13,131,2016,9,5,7,0,1,0,0,0,0,1,2,3,2,0,3,3,0
5534,7,10,711,2016,9,1,14,0,0,1,0,1,0,0,2,5,3,0,3,2,1
5535,1,3,106,2016,9,3,15,0,0,1,0,0,0,0,1,3,6,0,3,3,0
5536,5,2,505,2016,9,2,16,0,0,1,0,0,0,0,1,2,6,0,3,3,0
5537,4,13,432,2016,9,7,12,0,0,0,0,1,0,0,1,0,1,0,3,3,0
5538,4,6,415,2016,9,6,11,0,0,1,0,0,0,0,1,5,7,0,3,2,1
5539,1,14,132,2016,9,4,7,0,0,1,0,0,0,0,1,2,6,1,3,3,0
5540,5,7,515,2016,9,5,17,0,1,1,0,0,0,0,2,3,2,0,3,3,0
5541,6,1,601,2016,9,7,14,0,0,1,0,0,0,1,2,5,2,0,3,3,0
5542,6,1,601,2016,9,6,12,0,0,1,0,0,0,0,1,5,3,0,3,3,0
5543,1,3,108,2016,9,5,14,0,0,1,0,0,0,0,1,2,6,0,3,3,0
5544,3,2,311,2016,9,6,15,0,1,0,0,0,0,0,1,3,6,0,3,3,0
5545,5,8,516,2016,9,3,6,0,1,1,0,0,0,0,2,5,3,1,3,3,0
5546,5,4,512,2016,9,5,10,0,0,1,0,0,0,0,1,2,6,0,3,3,0
5547,2,8,220,2016,9,5,15,0,0,1,0,0,0,0,1,1,2,0,3,3,0
5548,5,6,514,2016,9,5,19,0,0,1,0,0,0,0,1,5,3,0,3,3,0
5549,5,18,526,2016,9,3,10,0,1,1,0,0,0,0,2,5,3,0,3,3,0
5550,1,12,130,2016,9,1,10,0,0,1,1,0,0,0,2,6,2,0,3,3,0
5551,5,7,515,2016,9,2,8,0,0,1,0,0,0,0,1,5,3,0,3,3,0
5552,5,2,505,2016,9,4,17,0,1,1,0,0,0,0,2,5,3,0,3,3,0
5553,4,8,421,2016,9,5,8,0,1,1,0,0,0,0,2,5,2,0,3,3,0
5554,5,7,515,2016,9,7,16,0,0,1,1,0,0,0,2,6,4,0,3,3,0
5555,4,12,431,2016,9,2,8,0,0,1,1,0,0,0,2,6,2,0,3,3,0
5556,5,11,519,2016,9,4,8,0,1,1,0,0,0,0,2,5,3,0,3,3,0
5557,2,1,204,2016,9,4,11,0,1,0,1,0,0,0,2,6,4,0,3,3,0
5558,5,2,505,2016,9,5,9,0,0,1,0,0,0,0,1,2,6,0,3,3,0
5559,1,5,114,2016,9,3,12,0,1,0,0,0,1,0,2,1,5,0,3,2,1
5560,5,2,509,2016,9,4,13,0,0,1,1,0,0,0,2,6,4,0,3,2,1
5561,1,12,130,2016,9,7,14,0,0,1,0,0,0,1,2,1,5,0,3,3,0
5562,4,13,432,2016,9,2,16,0,1,0,0,0,0,1,2,0,3,0,3,3,0
5563,5,2,508,2016,9,5,9,0,0,1,0,0,0,1,2,1,6,0,3,3,0
5564,1,1,101,2016,9,5,18,0,0,1,0,0,0,0,1,4,2,0,3,3,0
5565,4,8,423,2016,9,6,14,0,0,1,0,0,0,0,1,3,6,0,3,3,0
5566,3,6,318,2016,9,4,23,0,1,0,0,0,0,0,1,0,7,2,3,3,0
5567,5,2,505,2016,9,5,8,0,1,1,1,0,0,0,3,5,3,0,3,3,0
5568,4,8,421,2016,9,3,9,0,1,1,0,0,0,0,2,5,2,0,3,3,0
5569,5,7,515,2016,9,4,11,0,0,1,0,0,0,0,1,5,3,0,3,3,0
5570,5,4,512,2016,9,1,5,0,0,1,0,0,0,0,1,9,5,2,3,2,1
5571,3,9,321,2016,9,2,0,0,0,1,0,0,0,0,1,4,2,2,3,3,0
5572,4,13,432,2016,9,4,15,0,1,1,0,0,0,0,2,5,2,0,3,2,1
5573,3,6,318,2016,9,7,0,1,1,1,0,0,0,0,3,5,2,2,3,3,0
5574,4,13,432,2016,9,2,15,0,0,0,0,1,0,0,1,0,7,0,3,3,0
5575,5,17,525,2016,9,3,8,0,0,1,0,0,0,0,1,5,3,0,3,3,0
5576,5,1,502,2016,9,4,8,0,1,1,0,0,0,0,2,4,3,0,3,3,0
5577,5,10,518,2016,9,2,17,0,1,1,0,0,0,0,2,5,3,0,3,3,0
5578,6,2,602,2016,9,3,16,0,1,1,0,0,0,0,2,5,3,0,3,3,0
5579,5,3,510,2016,9,2,18,0,1,1,0,0,0,0,2,5,2,0,3,3,0
5580,4,13,432,2016,9,1,10,0,0,1,0,1,0,0,2,2,7,0,3,2,1
5581,4,8,423,2016,9,7,16,0,1,1,0,0,0,0,2,5,3,0,3,3,0
5582,5,18,526,2016,9,1,17,0,0,0,0,1,0,0,1,0,7,0,3,3,0
5583,3,7,319,2016,9,5,6,0,0,1,0,0,0,1,2,5,3,1,3,3,0
5584,2,1,202,2016,9,4,11,0,1,1,0,0,0,0,2,5,3,0,3,3,0
5585,5,2,505,2016,9,5,8,0,1,1,0,0,0,0,2,5,3,0,3,3,0
5586,6,9,610,2016,9,6,18,1,0,1,0,1,0,0,3,5,7,1,3,3,0
5587,2,8,220,2016,9,3,20,0,0,1,0,0,0,0,1,5,3,2,3,3,0
5588,1,1,102,2016,9,1,15,0,0,1,0,0,0,0,1,2,6,0,3,3,0
5589,7,1,702,2016,9,6,12,0,0,1,0,0,0,1,2,5,3,0,3,3,0
5590,3,1,303,2016,9,5,7,0,0,1,0,1,0,0,2,1,5,0,3,3,0
5591,2,4,211,2016,9,6,0,0,1,1,0,0,0,0,2,1,5,2,3,3,0
5592,5,2,506,2016,9,3,7,0,0,1,0,1,0,0,2,4,2,0,3,3,0
5593,5,17,525,2016,9,5,19,0,1,1,0,0,0,0,2,0,6,1,3,3,0
5594,5,10,518,2016,9,5,14,0,0,1,0,0,0,0,1,5,3,0,3,3,0
5595,7,1,701,2016,9,3,8,0,0,1,0,0,0,1,2,3,6,0,3,3,0
5596,5,11,519,2016,9,5,17,0,1,1,0,0,0,0,2,1,6,0,3,3,0
5597,1,12,130,2016,9,6,7,0,0,1,1,0,0,0,2,6,4,0,3,3,0
5598,3,3,314,2016,9,3,9,0,1,1,0,0,0,0,2,4,6,0,3,3,0
5599,6,2,602,2016,9,2,9,1,1,0,0,0,0,0,2,0,7,0,3,3,0
5600,1,11,129,2016,9,7,17,0,0,1,0,0,0,1,2,0,6,0,3,3,0
5601,5,6,514,2016,9,6,14,0,0,1,1,0,0,0,2,6,4,0,3,3,0
5602,1,16,137,2016,9,4,19,0,0,0,1,0,0,1,2,6,4,1,3,3,0
5603,1,4,112,2016,9,6,1,0,0,1,0,1,0,0,2,1,1,2,3,3,0
5604,4,10,429,2016,9,2,10,0,0,1,0,0,1,0,2,3,6,0,3,3,0
5605,4,10,426,2016,9,5,9,0,1,1,0,0,0,0,2,0,7,0,3,3,0
5606,3,1,307,2016,9,5,19,0,0,1,1,0,0,0,2,6,4,2,3,2,1
5607,2,7,219,2016,9,4,13,0,1,0,0,1,0,0,2,5,3,0,3,3,0
5608,3,9,321,2016,9,5,10,0,0,1,0,0,0,0,1,2,6,0,3,3,0
5609,5,10,518,2016,9,3,9,0,1,1,0,0,0,0,2,5,3,0,3,3,0
5610,5,14,522,2016,9,4,11,0,1,1,0,0,0,0,2,1,5,0,3,3,0
5611,5,3,510,2016,9,1,12,0,0,1,0,0,0,1,2,1,3,0,3,3,0
5612,5,11,519,2016,9,2,14,0,0,1,0,0,0,0,1,4,2,0,3,3,0
5613,5,15,523,2016,9,1,16,0,0,1,0,0,0,0,1,5,3,0,3,3,0
5614,7,9,710,2016,9,2,12,0,0,0,1,0,0,1,2,6,4,0,3,3,0
5615,4,9,424,2016,9,2,15,0,0,1,0,0,0,0,1,4,2,0,3,3,0
5616,4,6,415,2016,9,7,21,0,0,1,0,0,0,0,1,5,3,2,3,3,0
5617,4,10,428,2016,9,6,17,0,1,1,0,0,0,0,2,5,3,0,3,3,0
5618,5,18,526,2016,9,4,19,0,0,1,0,0,0,0,1,5,2,2,3,3,0
5619,4,13,432,2016,9,5,16,0,1,1,0,0,0,0,2,5,2,0,3,3,0
5620,5,5,513,2016,9,7,19,0,0,1,0,0,0,0,1,5,2,2,3,3,0
5621,4,4,407,2016,9,2,19,0,1,1,0,0,0,0,2,4,3,1,3,3,0
5622,1,8,121,2016,9,4,11,0,0,1,0,0,0,0,1,2,6,0,3,3,0
5623,2,5,215,2016,9,6,18,1,1,1,0,0,0,0,3,5,3,1,3,3,0
5624,4,2,405,2016,9,4,11,0,0,1,1,0,0,0,2,6,7,0,3,3,0
5625,2,11,223,2016,9,5,13,0,1,1,0,0,0,0,2,5,3,0,3,3,0
5626,4,2,404,2016,9,3,15,0,1,1,0,0,0,1,3,5,3,0,3,3,0
5627,4,6,415,2016,9,4,18,0,1,0,1,0,0,0,2,4,6,0,3,3,0
5628,4,6,415,2016,9,1,19,0,0,1,0,1,0,0,2,2,2,0,3,3,0
5629,2,11,224,2016,9,2,7,1,1,1,0,0,0,0,3,1,5,0,3,3,0
5630,4,5,409,2016,9,5,6,0,1,1,0,0,0,0,2,3,2,1,3,3,0
5631,2,11,223,2016,9,4,8,0,0,1,0,0,0,1,2,5,2,0,3,3,0
5632,1,3,108,2016,9,7,20,0,1,1,0,0,0,0,2,5,3,2,3,2,1
5633,5,10,518,2016,9,4,14,0,1,0,0,0,0,1,2,5,3,0,3,3,0
5634,4,4,407,2016,9,7,9,1,1,1,0,0,0,0,3,5,2,0,3,3,0
5635,4,6,415,2016,9,2,18,0,1,1,0,0,0,0,2,5,2,0,3,3,0
5636,4,6,415,2016,9,4,16,0,0,1,0,0,0,0,1,1,6,0,3,3,0
5637,3,1,309,2016,9,4,9,0,1,1,0,0,0,0,2,5,3,0,3,3,0
5638,7,9,710,2016,9,2,7,0,0,1,1,0,0,0,2,6,4,0,3,2,1
5639,3,5,317,2016,9,5,15,0,1,1,0,0,0,0,2,5,2,0,3,3,0
5640,1,3,108,2016,9,4,9,0,1,0,0,0,0,1,2,5,3,0,3,3,0
5641,2,8,220,2016,9,5,13,0,0,1,1,0,0,0,2,6,2,0,3,3,0
5642,6,2,603,2016,9,6,7,0,1,0,0,0,0,0,1,0,7,0,3,3,0
5643,3,5,317,2016,9,3,18,0,1,1,0,0,0,0,2,1,7,0,3,3,0
5644,6,1,601,2016,9,7,20,0,0,1,0,0,0,0,1,8,1,2,3,3,0
5645,1,16,136,2016,9,6,18,0,0,0,0,0,0,1,1,5,3,0,3,3,0
5646,1,4,112,2016,9,5,19,1,0,1,0,0,0,0,2,4,7,2,3,3,0
5647,4,12,431,2016,9,3,19,0,0,1,0,0,0,0,1,2,6,0,3,3,0
5648,6,2,602,2016,9,3,9,0,0,1,0,0,0,0,1,5,3,0,3,2,1
5649,4,6,414,2016,9,1,18,0,1,1,0,0,0,0,2,4,2,0,3,3,0
5650,2,5,216,2016,9,7,19,0,1,1,0,0,0,0,2,1,5,2,3,3,0
5651,2,11,223,2016,9,6,11,0,0,1,0,0,0,1,2,5,5,0,3,3,0
5652,1,11,128,2016,9,3,22,0,1,0,0,1,0,0,2,5,3,2,3,3,0
5653,2,3,209,2016,9,5,17,0,1,1,0,0,0,0,2,5,3,0,3,3,0
5654,5,3,511,2016,9,6,16,0,0,1,0,1,0,0,2,5,2,0,3,3,0
5655,3,1,309,2016,9,5,17,0,1,0,0,0,0,0,1,5,5,0,3,3,0
5656,3,9,321,2016,9,1,14,0,0,1,0,0,0,0,1,2,6,0,3,3,0
5657,1,4,111,2016,9,3,16,0,0,1,0,1,0,0,2,4,7,0,3,3,0
5658,5,18,526,2016,9,2,7,0,1,1,0,0,0,0,2,5,3,1,3,2,1
5659,5,2,507,2016,9,7,23,0,0,1,0,0,0,0,1,5,2,2,3,3,0
5660,4,10,429,2016,9,6,7,0,1,1,0,0,0,0,2,5,3,0,3,3,0
5661,1,12,130,2016,9,4,19,0,0,1,0,0,0,0,1,9,7,2,3,3,0
5662,1,5,114,2016,9,6,14,0,1,1,0,0,0,0,2,5,3,0,3,3,0
5663,7,13,714,2016,9,7,2,1,0,1,1,0,0,0,3,6,4,2,3,2,1
5664,3,9,321,2016,9,2,11,0,0,1,0,0,0,0,1,8,1,0,3,3,0
5665,3,2,311,2016,9,5,11,0,0,1,0,0,0,0,1,3,6,0,3,3,0
5666,1,1,102,2016,9,5,7,0,0,1,1,0,0,0,2,0,7,0,3,3,0
5667,2,3,210,2016,9,6,10,0,1,1,0,0,0,0,2,5,3,0,3,3,0
5668,5,7,515,2016,9,3,16,0,0,1,1,0,0,0,2,6,7,0,3,3,0
5669,1,3,108,2016,9,5,23,0,1,1,0,0,0,0,2,1,5,2,3,3,0
5670,2,14,227,2016,9,5,15,0,1,1,0,0,0,0,2,5,3,0,3,3,0
5671,1,1,101,2016,9,5,18,0,0,1,0,0,0,0,1,5,3,0,3,3,0
5672,5,5,513,2016,9,3,22,0,0,0,0,1,0,1,2,4,2,2,3,1,1
5673,2,8,220,2016,9,1,14,0,0,1,0,0,0,0,1,2,6,0,3,3,0
5674,4,11,430,2016,9,2,19,1,0,1,0,0,0,1,3,1,6,2,3,3,0
5675,2,9,221,2016,9,6,13,0,1,1,0,0,0,0,2,5,3,0,3,3,0
5676,5,3,510,2016,9,4,19,0,0,1,0,1,0,0,2,5,3,2,3,3,0
5677,4,4,407,2016,9,5,16,0,1,0,0,0,0,0,1,0,7,0,3,3,0
5678,5,3,510,2016,9,7,14,0,1,0,0,0,0,1,2,3,6,0,3,3,0
5679,2,7,219,2016,9,2,10,0,0,1,0,0,1,0,2,1,5,0,3,3,0
5680,5,7,515,2016,9,4,20,0,0,1,0,1,0,0,2,5,3,2,3,3,0
5681,2,3,210,2016,9,4,12,0,0,0,0,0,0,1,1,0,6,0,3,3,0
5682,1,1,101,2016,9,5,17,0,1,0,1,0,0,0,2,6,7,0,3,3,0
5683,1,4,109,2016,9,3,17,0,1,0,1,0,0,0,2,6,6,0,3,3,0
5684,4,10,426,2016,9,4,19,0,0,1,0,0,0,0,1,5,3,1,3,3,0
5685,3,7,319,2016,9,1,13,0,1,1,0,1,0,0,3,5,3,0,3,2,1
5686,1,5,114,2016,9,2,9,0,0,1,0,0,0,1,2,3,6,0,3,3,0
5687,4,10,426,2016,9,5,7,0,0,1,0,0,0,0,1,1,6,0,3,3,0
5688,3,2,312,2016,9,6,17,0,1,0,1,0,0,0,2,6,7,0,3,3,0
5689,3,6,318,2016,9,4,7,0,1,1,0,0,0,0,2,3,6,0,3,3,0
5690,1,3,107,2016,9,5,15,0,1,1,0,0,0,0,2,5,3,0,3,3,0
5691,4,5,408,2016,9,3,8,0,0,1,0,0,1,0,2,3,6,0,3,3,0
5692,3,9,321,2016,9,4,15,0,1,1,0,0,0,0,2,0,3,0,3,3,0
5693,3,3,313,2016,9,1,21,0,1,0,0,0,0,0,1,0,7,2,3,3,0
5694,4,10,426,2016,9,2,22,1,0,1,0,0,0,0,2,4,2,2,3,3,0
5695,4,12,431,2016,9,4,11,0,1,0,0,0,0,1,2,0,7,0,3,3,0
5696,3,9,321,2016,9,7,17,0,0,1,0,0,0,0,1,5,2,0,3,3,0
5697,2,5,216,2016,9,2,7,0,1,1,0,0,0,0,2,5,3,0,3,3,0
5698,5,9,517,2016,9,3,12,0,0,1,0,0,0,0,1,5,3,0,3,3,0
5699,4,7,416,2016,9,4,11,1,1,1,0,0,0,0,3,5,3,0,3,2,1
5700,1,18,139,2016,9,4,9,0,0,1,1,0,0,0,2,6,7,0,3,3,0
5701,1,11,129,2016,9,2,14,0,1,0,0,0,0,1,2,5,3,0,3,3,0
5702,1,8,121,2016,9,1,17,0,0,1,0,0,0,0,1,4,2,0,3,3,0
5703,7,14,715,2016,9,3,7,1,1,1,0,0,0,0,3,5,3,0,3,3,0
5704,1,1,101,2016,9,5,12,0,0,1,0,1,0,0,2,3,6,0,3,3,0
5705,1,12,130,2016,9,6,9,0,1,1,0,0,0,0,2,5,3,0,3,3,0
5706,2,1,203,2016,9,4,14,1,0,0,0,1,0,1,3,0,7,0,3,3,0
5707,7,7,708,2016,9,6,13,0,0,1,0,0,0,0,1,2,6,0,3,3,0
5708,3,6,318,2016,9,2,11,0,0,1,0,0,0,0,1,5,3,0,3,3,0
5709,4,7,417,2016,9,3,6,0,0,1,0,0,0,0,1,5,3,0,3,3,0
5710,2,1,206,2016,9,1,7,1,0,1,0,0,0,0,2,7,1,0,3,2,1
5711,1,1,101,2016,9,7,14,0,0,0,0,0,0,1,1,0,7,0,3,3,0
5712,2,1,203,2016,9,6,22,0,0,1,0,1,0,0,2,2,6,2,3,2,1
5713,5,6,514,2016,9,3,7,0,0,1,1,0,0,0,2,6,4,0,3,3,0
5714,1,19,140,2016,9,5,20,1,0,0,0,1,0,0,2,8,1,1,3,3,0
5715,5,17,525,2016,9,6,21,1,0,0,0,1,0,0,2,9,1,2,3,3,0
5716,7,4,705,2016,9,4,8,0,1,1,0,0,0,0,2,3,2,0,3,3,0
5717,1,1,101,2016,9,1,19,0,0,1,0,0,0,0,1,2,6,1,3,3,0
5718,7,10,711,2016,9,2,18,1,0,1,0,0,0,0,2,5,3,2,3,3,0
5719,5,2,509,2016,9,2,7,1,0,1,1,0,0,0,3,6,2,0,3,2,1
5720,2,4,214,2016,9,3,17,0,1,1,0,0,0,0,2,1,5,0,3,3,0
5721,6,2,602,2016,9,7,11,0,0,1,0,0,0,0,1,5,3,0,3,3,0
5722,5,6,514,2016,9,6,19,0,0,1,0,0,0,1,2,0,3,2,3,3,0
5723,7,9,710,2016,9,4,12,0,1,1,0,0,0,0,2,1,5,0,3,3,0
5724,3,2,312,2016,9,6,11,0,0,0,1,0,0,1,2,6,4,0,3,3,0
5725,7,9,710,2016,9,4,13,0,0,0,0,0,1,1,2,1,5,0,3,3,0
5726,3,7,319,2016,9,5,7,0,1,1,0,0,0,0,2,0,3,0,3,3,0
5727,3,8,320,2016,9,4,13,0,1,0,1,0,0,0,2,6,6,0,3,3,0
5728,1,15,134,2016,9,4,23,0,1,0,0,0,0,0,1,7,7,2,3,3,0
5729,5,2,506,2016,9,3,18,0,0,1,0,0,0,0,1,2,6,0,3,3,0
5730,1,4,109,2016,9,1,14,0,0,1,0,0,0,0,1,3,6,0,3,3,0
5731,5,7,515,2016,9,2,7,0,0,1,0,0,0,0,1,1,6,0,3,3,0
5732,5,7,515,2016,9,4,10,0,0,1,0,0,0,0,1,9,7,0,3,2,1
5733,4,8,421,2016,9,5,18,0,0,1,0,0,0,0,1,2,6,0,3,3,0
5734,5,11,519,2016,9,7,11,0,0,1,0,1,0,0,2,3,6,0,3,3,0
5735,4,2,405,2016,9,2,8,0,0,1,0,0,0,0,1,2,6,0,3,3,0
5736,4,5,413,2016,9,7,13,0,1,1,0,0,0,0,2,1,5,0,3,3,0
5737,5,1,504,2016,9,6,0,0,1,1,0,0,0,0,2,5,2,2,3,3,0
5738,5,18,526,2016,9,4,22,0,1,1,0,0,0,0,2,3,6,2,3,3,0
5739,5,10,518,2016,9,5,16,0,0,1,1,0,0,0,2,0,4,0,3,3,0
5740,1,11,129,2016,9,7,11,0,0,1,0,0,0,0,1,1,6,0,3,3,0
5741,4,3,406,2016,9,2,15,0,1,1,0,0,0,0,2,5,3,0,3,2,1
5742,1,5,114,2016,9,5,11,0,0,1,1,0,0,0,2,6,4,0,3,2,1
5743,2,1,206,2016,9,6,17,0,1,0,0,1,0,0,2,5,2,0,3,3,0
5744,3,5,317,2016,9,4,16,0,0,1,0,0,0,0,1,5,3,0,3,3,0
5745,6,9,610,2016,9,4,18,0,1,1,0,0,0,0,2,4,2,0,3,2,1
5746,2,7,219,2016,9,3,7,0,0,1,0,1,0,0,2,5,3,0,3,3,0
5747,2,11,223,2016,9,4,19,0,1,1,0,0,0,0,2,0,3,2,3,3,0
5748,1,5,114,2016,9,1,19,0,0,1,0,0,0,0,1,5,2,1,3,3,0
5749,2,13,226,2016,9,2,8,1,1,1,0,0,0,0,3,5,3,0,3,3,0
5750,4,13,432,2016,9,5,10,0,1,1,0,0,0,0,2,4,2,0,3,3,0
5751,4,7,416,2016,9,4,17,0,0,1,0,0,0,0,1,5,3,0,3,3,0
5752,4,3,406,2016,9,7,6,1,0,1,0,0,0,1,3,4,6,1,3,3,0
5753,2,1,206,2016,9,2,17,0,1,0,0,0,0,1,2,0,6,0,3,3,0
5754,5,16,524,2016,9,3,8,0,1,0,0,0,0,0,1,4,6,0,3,3,0
5755,5,1,504,2016,9,4,10,1,1,0,0,0,0,0,2,0,1,0,3,2,1
5756,6,2,603,2016,9,3,15,0,0,1,0,0,0,0,1,5,3,0,3,3,0
5757,5,17,525,2016,9,2,21,0,0,1,0,0,0,0,1,2,6,2,3,3,0