SN,District,Imperial_Circle,Community,Year,Month,Weekday,Hour,Road,Cycle,Car,Pedestrians,Motorcycle,Goods Vehicle,Others,Total,Collision Type,Accident Type,Light Condition,Road Condition,Accident_Severity,Tend_to_Death
6353,5,11,519,2016,10,1,17,0,0,1,0,0,0,0,1,1,5,1,3,3,0
6354,4,7,416,2016,10,2,8,1,1,1,0,0,0,0,3,0,6,0,3,3,0
6355,7,9,710,2016,10,2,16,0,0,1,0,0,0,0,1,2,6,0,3,3,0
6356,4,8,423,2016,10,3,16,0,0,1,0,0,0,0,1,1,7,0,3,3,0
6357,2,4,211,2016,11,6,5,0,0,1,0,0,0,0,1,1,5,2,3,3,0
6358,2,11,223,2016,10,1,0,0,0,0,1,0,0,1,2,6,7,2,3,3,0
6359,4,10,429,2016,10,2,15,1,1,1,0,0,0,0,3,0,5,0,3,3,0
6360,3,1,309,2016,10,1,14,0,0,1,0,0,0,0,1,5,2,0,3,3,0
6361,5,4,512,2016,10,6,18,1,0,1,0,0,0,1,3,3,6,2,3,3,0
6362,2,7,219,2016,11,6,7,1,1,1,0,0,0,0,3,4,6,0,3,3,0
6363,1,12,130,2016,11,4,12,1,1,1,0,0,0,0,3,5,3,0,3,3,0
6364,3,6,318,2016,11,3,6,2,0,1,0,1,0,0,4,1,5,2,3,3,0
6365,6,2,603,2016,10,4,16,0,0,1,0,0,0,0,1,2,6,0,3,3,0
6366,2,3,210,2016,11,3,12,1,0,1,0,0,0,1,3,2,6,0,3,3,0
6367,1,4,112,2016,11,4,8,1,1,1,0,0,0,0,3,5,2,0,3,3,0
6368,5,6,514,2016,11,7,10,1,0,1,0,0,0,0,2,4,2,0,3,3,0
6369,5,6,514,2016,10,2,19,1,0,1,0,1,0,0,3,5,3,2,3,2,1
6370,4,10,427,2016,10,3,8,0,1,0,0,0,0,1,2,5,3,0,3,3,0
6371,5,4,512,2016,10,5,11,1,0,1,0,1,0,0,3,4,2,0,3,3,0
6372,5,7,515,2016,10,6,17,1,0,1,0,0,0,0,2,2,6,2,3,3,0
6373,2,11,224,2016,10,2,8,1,1,1,0,0,0,0,3,4,2,0,3,3,0
6374,1,12,130,2016,10,7,23,1,0,1,0,0,0,0,2,2,2,2,3,3,0
6375,5,7,515,2016,10,7,17,1,1,1,0,0,0,0,3,1,5,1,3,3,0
6376,1,1,101,2016,11,4,15,0,1,0,0,0,0,1,2,0,3,0,3,3,0
6377,5,6,514,2016,10,6,14,1,0,1,0,0,0,0,2,5,3,0,3,3,0
6378,1,4,110,2016,11,6,7,2,1,0,0,0,0,0,3,0,7,1,3,3,0
6379,4,1,402,2016,11,4,13,1,0,1,1,0,0,0,3,6,4,0,3,3,0
6380,4,5,408,2016,11,2,8,1,0,1,1,0,0,0,3,6,7,0,3,3,0
6381,5,7,515,2016,10,5,8,1,0,1,0,0,0,1,3,2,6,0,3,3,0
6382,5,4,512,2016,10,7,14,1,0,1,0,0,0,0,2,2,6,0,3,3,0
6383,4,7,416,2016,10,7,20,0,0,1,0,0,0,0,1,5,3,2,3,3,0
6384,5,5,513,2016,10,6,23,1,0,1,0,0,0,0,2,4,2,2,3,3,0
6385,3,5,317,2016,11,6,10,1,0,1,0,0,0,0,2,1,2,0,3,3,0
6386,5,9,517,2016,11,4,8,1,0,0,0,1,0,1,3,3,6,0,3,3,0
6387,7,13,714,2016,11,2,14,0,0,1,0,0,0,0,1,4,2,0,3,3,0
6388,5,16,524,2016,10,4,7,1,0,1,1,0,0,0,3,6,4,1,3,3,0
6389,1,4,111,2016,11,7,0,0,0,1,1,0,0,0,2,6,4,2,3,3,0
6390,5,7,515,2016,10,5,12,1,0,1,0,0,0,0,2,2,6,0,3,3,0
6391,4,5,408,2016,10,6,14,0,0,1,0,0,0,0,1,2,6,0,3,3,0
6392,3,2,312,2016,11,6,16,1,0,1,0,0,0,0,2,2,6,0,3,3,0
6393,6,1,601,2016,10,1,21,0,0,1,1,0,0,0,2,6,4,2,3,3,0
6394,6,1,601,2016,11,3,17,1,0,0,1,0,0,1,3,6,2,2,3,3,0
6395,4,3,406,2016,11,4,8,1,0,1,0,1,0,0,3,3,2,0,3,2,1
6396,1,11,128,2016,11,5,10,1,0,1,0,0,0,0,2,2,6,0,3,3,0
6397,5,2,507,2016,11,6,15,0,1,1,0,0,0,0,2,3,6,0,3,3,0
6398,5,18,526,2016,10,7,8,1,1,1,0,0,0,0,3,5,3,0,3,3,0
6399,4,13,432,2016,10,5,8,1,0,1,0,0,0,1,3,4,2,1,3,3,0
6400,1,1,101,2016,10,4,12,0,0,1,1,0,0,0,2,6,4,0,3,3,0
6401,6,2,602,2016,11,6,16,0,0,1,0,0,0,1,2,5,3,0,3,3,0
6402,4,7,416,2016,10,5,22,0,0,1,0,0,0,0,1,2,6,2,3,3,0
6403,4,10,427,2016,10,6,18,1,0,1,1,0,0,0,3,6,4,2,3,3,0
6404,1,16,136,2016,11,5,21,1,0,1,0,0,0,0,2,5,3,2,3,3,0
6405,5,4,512,2016,11,3,16,1,0,1,0,0,0,0,2,2,6,1,3,3,0
6406,1,3,108,2016,11,4,7,1,1,0,0,0,1,0,3,1,7,1,3,3,0
6407,4,5,408,2016,11,3,6,1,0,1,0,0,0,1,3,5,3,1,3,3,0
6408,4,8,423,2016,11,5,10,1,1,0,0,0,0,1,3,5,2,0,3,3,0
6409,1,1,101,2016,11,3,13,1,1,0,1,0,0,0,3,6,3,0,3,3,0
6410,5,1,503,2016,10,3,6,0,0,1,0,0,0,1,2,1,5,2,3,3,0
6411,5,1,501,2016,11,6,22,0,0,1,0,0,0,0,1,0,7,2,3,3,0
6412,4,10,429,2016,10,7,14,0,0,1,0,0,0,0,1,1,6,0,3,3,0
6413,5,1,502,2016,10,5,12,1,0,1,0,0,0,1,3,5,3,0,3,3,0
6414,4,4,407,2016,10,7,15,1,0,0,0,1,0,0,2,0,1,0,3,2,1
6415,5,6,514,2016,10,6,7,0,0,1,0,0,0,0,1,1,6,1,3,3,0
6416,3,1,307,2016,11,5,22,0,1,0,0,0,0,0,1,0,7,2,3,3,0
6417,4,6,415,2016,11,6,8,2,1,1,0,0,0,0,4,5,3,0,3,3,0
6418,4,6,415,2016,11,6,6,2,1,0,1,0,0,0,4,6,2,1,3,3,0
6419,1,5,114,2016,11,5,12,0,1,1,0,0,0,0,2,5,2,0,3,3,0
6420,2,7,219,2016,11,3,16,1,0,1,0,0,0,1,3,4,2,1,3,3,0
6421,4,13,432,2016,11,5,11,0,0,1,0,0,0,0,1,5,3,0,3,3,0
6422,5,10,518,2016,11,3,13,1,0,1,0,0,0,0,2,2,6,0,3,3,0
6423,1,11,128,2016,11,3,18,1,0,1,0,0,0,0,2,5,3,2,3,3,0
6424,2,8,220,2016,11,3,22,1,0,1,1,0,0,0,3,6,7,2,3,2,1
6425,1,8,125,2016,11,4,19,0,0,1,0,0,0,0,1,2,6,2,3,3,0
6426,2,4,214,2016,11,1,16,1,0,1,0,0,0,0,2,3,6,1,3,3,0
6427,7,1,702,2016,10,2,9,1,1,0,1,0,0,0,3,6,4,0,3,3,0
6428,4,6,415,2016,10,3,18,0,0,1,0,0,0,0,1,2,6,1,3,3,0
6429,4,8,423,2016,10,7,17,1,0,1,0,0,0,0,2,4,6,0,3,3,0
6430,4,12,431,2016,10,2,17,0,1,1,0,0,0,0,2,3,2,2,3,3,0
6431,4,6,415,2016,10,7,3,0,0,1,0,0,0,0,1,2,6,2,3,3,0
6432,5,4,512,2016,10,6,17,1,0,1,0,0,0,0,2,5,2,2,3,3,0
6433,2,8,220,2016,11,6,12,0,0,1,0,0,0,0,1,2,6,0,3,3,0
6434,5,18,526,2016,11,4,14,1,0,1,1,0,0,0,3,6,4,0,3,3,0
6435,4,3,406,2016,11,3,17,1,0,1,1,0,0,0,3,5,4,1,3,2,1
6436,1,14,132,2016,10,4,6,0,0,1,0,1,0,0,2,4,2,2,3,3,0
6437,4,8,423,2016,11,7,9,1,1,1,0,0,0,0,3,5,3,0,3,3,0
6438,5,7,515,2016,10,2,10,1,0,1,1,0,0,0,3,5,3,0,3,3,0
6439,4,10,428,2016,10,3,16,0,1,1,0,0,0,0,2,1,1,0,3,3,0
6440,3,8,320,2016,10,5,9,1,0,1,0,0,0,1,3,2,6,0,3,3,0
6441,4,10,427,2016,10,6,23,1,0,1,0,0,0,1,3,8,7,2,3,3,0
6442,5,3,511,2016,11,3,17,1,0,1,1,0,0,0,3,6,4,2,3,3,0
6443,4,3,406,2016,11,3,7,1,0,0,0,1,0,0,2,0,1,0,3,3,0
6444,3,4,316,2016,11,4,18,1,0,1,1,0,0,0,3,6,4,2,3,2,1
6445,1,12,130,2016,11,7,19,1,0,1,0,0,0,0,2,2,6,2,3,3,0
6446,1,8,123,2016,10,2,23,0,1,1,0,0,0,0,2,5,3,2,3,3,0
6447,3,9,321,2016,10,3,8,0,0,1,0,0,0,0,1,3,6,0,3,3,0
6448,2,5,215,2016,10,5,8,0,1,1,0,0,0,0,2,4,2,0,3,3,0
6449,3,5,317,2016,10,6,6,1,1,1,0,0,0,0,3,5,3,2,3,3,0
6450,4,6,415,2016,10,2,15,1,1,1,0,0,0,0,3,0,5,0,3,3,0
6451,2,5,216,2016,10,5,7,1,0,1,0,0,0,0,2,2,6,1,3,3,0
6452,3,2,312,2016,10,7,11,0,0,1,0,1,0,0,2,4,7,0,3,3,0
6453,4,6,415,2016,10,7,16,0,1,0,0,1,0,0,2,0,6,0,3,3,0
6454,5,2,508,2016,10,6,13,1,0,1,0,1,0,0,3,5,3,0,3,3,0
6455,2,1,206,2016,11,6,18,0,0,1,0,0,0,0,1,5,3,2,3,3,0
6456,5,1,504,2016,11,4,8,1,0,1,0,0,0,0,2,5,3,0,3,3,0
6457,1,16,136,2016,11,2,18,0,0,1,1,0,0,0,2,6,4,2,3,3,0
6458,5,1,501,2016,10,4,7,0,0,1,0,0,0,0,1,2,6,2,3,3,0
6459,1,3,106,2016,11,7,22,0,0,1,0,0,0,0,1,5,2,2,3,3,0
6460,3,6,318,2016,10,5,14,0,0,1,1,0,0,0,2,6,7,0,3,3,0
6461,2,7,219,2016,10,6,12,1,1,0,0,0,0,1,3,0,7,0,3,3,0
6462,7,4,705,2016,11,5,22,1,0,1,0,0,0,0,2,4,2,2,3,3,0
6463,2,14,227,2016,10,1,13,0,0,1,0,0,0,0,1,8,1,0,3,2,1
6464,1,6,116,2016,11,3,18,0,0,1,0,0,0,0,1,2,6,2,3,2,1
6465,3,2,311,2016,10,2,19,1,1,1,0,0,0,0,3,3,2,2,3,3,0
6466,1,5,114,2016,11,4,18,0,0,1,0,0,0,0,1,3,6,2,3,3,0
6467,5,11,519,2016,10,6,8,1,1,1,0,0,0,0,3,4,2,0,3,3,0
6468,7,10,711,2016,11,6,7,2,1,0,0,0,0,0,3,0,7,1,3,3,0
6469,3,9,321,2016,11,2,13,1,0,1,0,0,0,1,3,1,7,0,3,3,0
6470,1,7,119,2016,11,6,17,0,0,1,0,0,0,0,1,4,7,2,3,3,0
6471,1,4,110,2016,10,7,5,1,0,1,0,0,0,0,2,3,6,2,3,3,0
6472,3,1,310,2016,10,5,18,0,0,1,0,1,0,0,2,5,3,1,3,2,1
6473,5,6,514,2016,11,5,12,0,1,1,0,0,0,0,2,5,3,0,3,3,0
6474,5,2,507,2016,11,3,14,1,0,1,0,0,0,0,2,2,6,0,3,3,0
6475,1,19,140,2016,11,4,6,1,0,0,0,0,1,1,3,5,3,0,3,3,0
6476,4,10,426,2016,11,3,17,1,0,1,0,0,0,0,2,2,6,0,3,3,0
6477,3,5,317,2016,11,5,13,1,0,1,0,0,0,0,2,3,7,0,3,3,0
6478,6,2,603,2016,11,1,16,1,1,1,0,0,0,0,3,5,2,2,3,3,0
6479,1,19,140,2016,10,2,15,0,0,1,0,0,0,1,2,1,6,0,3,3,0
6480,2,11,223,2016,10,3,18,0,0,1,1,0,0,0,2,6,3,2,3,3,0
6481,3,8,320,2016,11,6,7,1,1,1,0,0,0,0,3,5,2,1,3,3,0
6482,3,2,312,2016,11,4,15,1,0,1,0,0,0,1,3,2,6,0,3,3,0
6483,5,17,525,2016,11,3,14,1,0,1,0,0,0,1,3,1,2,0,3,3,0
6484,5,18,526,2016,11,5,17,1,0,1,1,0,0,0,3,6,2,2,3,3,0
6485,4,1,402,2016,10,3,14,0,1,1,0,0,0,0,2,0,3,0,3,3,0
6486,4,4,407,2016,11,6,12,0,0,1,0,0,0,0,1,3,6,0,3,3,0
6487,1,4,112,2016,10,7,3,1,0,1,1,0,0,0,3,6,4,2,3,3,0
6488,2,1,204,2016,10,5,13,1,0,1,0,0,0,1,3,2,6,0,3,3,0
6489,7,14,715,2016,10,6,2,0,0,1,0,0,0,0,1,0,7,2,3,2,1
6490,4,8,419,2016,11,5,12,0,0,1,0,0,0,0,1,2,6,0,3,3,0
6491,4,13,432,2016,11,6,14,0,0,1,0,0,0,0,1,2,6,0,3,3,0
6492,1,1,102,2016,11,5,15,0,0,1,0,0,0,1,2,2,6,0,3,3,0
6493,4,4,407,2016,11,3,14,1,0,1,1,0,0,0,3,6,4,0,3,3,0
6494,5,6,514,2016,11,3,16,1,1,1,0,0,0,0,3,5,3,0,3,3,0
6495,4,2,403,2016,11,3,18,1,0,1,0,0,0,0,2,2,6,1,3,3,0
6496,4,4,407,2016,11,4,15,1,0,1,0,0,0,0,2,2,6,0,3,3,0
6497,3,2,312,2016,11,1,15,1,1,0,0,0,0,1,3,5,2,0,3,3,0
6498,6,2,602,2016,10,2,20,1,1,1,0,0,0,0,3,1,5,2,3,3,0
6499,1,3,108,2016,10,3,9,0,0,1,1,0,0,0,2,6,4,0,3,3,0
6500,2,5,215,2016,10,6,9,1,0,1,0,0,0,0,2,2,6,0,3,3,0
6501,4,10,426,2016,10,2,8,1,1,1,0,0,0,0,3,3,2,0,3,3,0
6502,1,11,129,2016,11,2,8,1,1,1,0,0,0,0,3,5,3,0,3,3,0
6503,2,12,225,2016,11,5,20,1,0,1,0,1,0,0,3,5,3,2,3,2,1
6504,1,11,129,2016,11,2,22,1,0,1,0,0,0,0,2,8,1,2,3,3,0
6505,3,1,309,2016,12,2,12,0,1,0,0,0,0,0,1,0,7,0,3,3,0
6506,1,6,115,2016,11,3,17,0,0,1,0,0,0,1,2,2,6,2,3,3,0
6507,6,2,602,2016,12,5,19,1,0,1,0,0,0,0,2,4,2,2,3,3,0
6508,5,4,512,2016,11,1,0,1,0,1,0,0,0,0,2,2,6,2,3,3,0
6509,4,9,425,2016,12,6,10,0,0,1,0,0,0,0,1,4,2,0,3,3,0
6510,3,6,318,2016,11,4,11,1,0,1,0,0,0,1,3,1,5,0,3,3,0
6511,1,15,134,2016,11,5,16,0,1,1,0,0,0,0,2,5,3,1,3,3,0
6512,2,8,220,2016,11,4,19,1,0,1,0,0,0,0,2,5,3,2,3,3,0
6513,4,6,415,2016,11,3,17,0,1,1,0,0,0,0,2,5,3,2,3,3,0
6514,6,14,615,2016,11,4,16,0,1,1,0,0,0,0,2,3,2,0,3,2,1
6515,4,2,404,2016,11,4,17,1,1,1,0,0,0,0,3,5,3,2,3,3,0
6516,2,8,220,2016,11,7,3,1,0,1,0,0,0,0,2,5,3,2,3,3,0
6517,7,1,702,2016,11,6,14,1,1,0,1,0,0,0,3,6,7,0,3,3,0
6518,3,8,320,2016,11,2,7,0,0,1,1,0,0,0,2,6,4,0,3,3,0
6519,1,5,114,2016,11,5,17,0,0,1,1,0,0,0,2,6,4,2,3,3,0
6520,1,11,129,2016,11,2,7,1,0,1,1,0,0,0,3,6,4,0,3,3,0
6521,2,10,222,2016,11,4,18,0,0,1,0,0,0,0,1,2,6,2,3,3,0
6522,5,2,506,2016,11,3,13,0,1,1,0,0,0,0,2,5,3,0,3,3,0
6523,5,7,515,2016,12,5,7,1,0,1,0,0,0,0,2,2,6,0,3,3,0
6524,6,1,601,2016,11,7,19,1,1,0,0,0,0,0,2,4,6,2,3,3,0
6525,2,1,203,2016,12,6,18,0,0,1,0,0,0,0,1,2,6,2,3,3,0
6526,3,2,312,2016,11,4,22,1,0,1,0,0,0,0,2,3,2,2,3,3,0
6527,1,12,130,2016,11,2,9,0,1,0,1,0,0,0,2,6,4,0,3,3,0
6528,5,2,505,2016,12,5,14,1,0,1,0,0,0,0,2,2,6,0,3,3,0
6529,2,7,219,2016,11,1,13,0,0,1,1,0,0,0,2,6,7,0,3,3,0
6530,4,2,403,2016,12,6,22,0,1,1,0,0,0,0,2,0,3,2,3,3,0
6531,3,2,311,2016,11,4,17,1,1,1,0,0,0,0,3,1,5,2,3,3,0
6532,3,2,312,2016,11,3,18,1,0,1,1,0,0,0,3,6,2,2,3,3,0
6533,3,5,317,2016,11,7,12,0,0,1,0,0,0,0,1,2,6,0,3,3,0
6534,7,10,711,2016,11,6,12,1,0,1,0,0,0,1,3,2,6,0,3,3,0
6535,4,2,404,2016,11,2,10,0,0,1,0,0,0,0,1,3,7,0,3,3,0
6536,5,18,526,2016,11,4,10,1,0,1,0,0,0,0,2,0,7,0,3,3,0
6537,5,5,513,2016,12,7,18,0,0,1,0,0,0,0,1,4,2,2,3,2,1
6538,5,1,504,2016,12,5,0,1,0,1,1,0,0,0,3,6,3,2,3,3,0
6539,5,9,517,2016,11,2,15,0,1,1,0,0,0,0,2,5,3,0,3,3,0
6540,5,5,513,2016,11,2,20,1,0,1,0,1,0,0,3,5,3,2,3,2,1
6541,3,2,311,2016,11,7,15,0,1,1,0,0,0,0,2,3,2,0,3,3,0
6542,4,8,421,2016,12,2,16,0,1,0,0,0,1,0,2,5,3,2,3,3,0
6543,1,1,102,2016,11,7,16,0,0,1,0,0,0,0,1,1,2,1,3,3,0
6544,5,6,514,2016,12,2,10,2,0,0,0,0,0,1,3,0,7,0,3,3,0
6545,4,6,414,2016,11,4,13,0,1,1,0,0,0,0,2,5,3,0,3,3,0
6546,5,17,525,2016,11,4,22,1,0,1,1,0,0,0,3,6,3,2,3,3,0
6547,4,3,406,2016,12,7,18,2,0,1,0,1,0,0,4,4,6,2,3,3,0
6548,2,1,205,2016,11,7,11,0,0,1,0,0,0,1,2,8,7,0,3,2,1
6549,1,8,122,2016,11,4,17,1,1,1,0,0,0,0,3,1,5,2,3,3,0
6550,5,18,526,2016,11,5,15,0,0,1,0,0,0,0,1,5,3,0,3,3,0
6551,1,3,108,2016,11,4,9,1,1,1,0,0,0,0,3,5,3,0,3,3,0
6552,3,8,320,2016,11,2,8,0,1,1,0,0,0,0,2,1,5,0,3,3,0
6553,5,5,513,2016,11,2,16,0,0,1,0,0,0,0,1,5,3,0,3,3,0
6554,1,3,107,2016,11,7,15,1,1,0,1,0,0,0,3,6,3,0,3,2,1
6555,5,7,515,2016,11,5,19,1,0,1,1,0,0,0,3,6,4,2,3,3,0
6556,4,5,408,2016,11,2,15,0,1,1,0,0,0,0,2,3,2,0,3,3,0
6557,4,1,401,2016,12,2,17,0,1,1,0,0,0,0,2,4,2,2,3,3,0
6558,5,7,515,2016,11,3,15,0,1,1,0,0,0,0,2,0,5,0,3,3,0
6559,5,12,520,2016,11,4,7,1,0,0,1,0,0,1,3,6,2,2,3,3,0
6560,1,16,137,2016,11,1,2,1,0,1,0,0,0,0,2,4,2,2,3,2,1
6561,5,18,526,2016,12,6,23,0,0,1,0,0,0,0,1,2,6,2,3,3,0
6562,2,1,203,2016,11,6,0,0,0,1,0,0,0,0,1,1,5,2,3,3,0
6563,4,6,415,2016,11,4,8,1,0,1,0,1,0,0,3,3,2,0,3,3,0
6564,5,9,517,2016,11,3,8,0,0,1,1,0,0,0,2,6,4,0,3,3,0
6565,3,3,314,2016,11,5,16,0,0,1,0,0,0,0,1,5,2,1,3,3,0
6566,1,16,137,2016,11,3,18,0,0,1,0,0,0,0,1,1,6,2,3,3,0
6567,1,5,114,2016,12,7,19,0,0,1,0,0,0,0,1,4,2,2,3,3,0
6568,4,13,432,2016,11,6,15,0,1,1,0,0,0,0,2,3,2,0,3,3,0
6569,5,11,519,2016,11,4,15,1,1,1,0,0,0,0,3,5,3,0,3,3,0
6570,1,4,111,2016,11,4,18,1,0,1,1,0,0,0,3,6,2,2,3,3,0
6571,5,1,502,2016,11,5,22,0,0,1,0,0,0,0,1,8,1,2,3,3,0
6572,6,14,615,2016,11,3,8,1,0,1,0,0,0,0,2,1,6,0,3,3,0
6573,3,1,309,2016,11,2,16,0,1,1,0,0,0,0,2,3,6,2,3,3,0
6574,3,7,319,2016,11,2,10,1,0,1,0,0,0,1,3,0,7,0,3,3,0
6575,3,1,301,2016,11,2,16,0,1,1,0,0,0,0,2,5,3,1,3,3,0
6576,3,5,317,2016,11,5,20,1,0,1,0,1,0,0,3,5,3,2,3,3,0
6577,3,5,317,2016,11,2,14,0,0,1,0,0,0,0,1,5,3,0,3,3,0
6578,1,16,137,2016,12,1,18,1,0,1,0,0,0,0,2,2,6,2,3,3,0
6579,5,16,524,2016,11,3,14,0,0,1,0,0,0,0,1,2,6,0,3,3,0
6580,6,14,615,2016,12,5,14,1,0,1,0,0,0,0,2,1,6,0,3,3,0
6581,4,11,430,2016,11,1,1,1,0,1,0,0,0,0,2,8,1,2,3,3,0
6582,4,6,415,2016,12,6,9,0,1,0,0,0,1,0,2,5,2,0,3,3,0
6583,6,2,603,2016,11,3,8,1,0,1,0,0,0,0,2,5,3,0,3,3,0
6584,4,3,406,2016,11,3,18,0,0,1,1,0,0,0,2,6,4,2,3,3,0
6585,4,11,430,2016,11,4,18,0,0,1,0,0,0,0,1,1,6,2,3,3,0
6586,1,11,128,2016,11,3,16,1,0,1,0,0,0,0,2,2,6,2,3,3,0
6587,1,4,109,2016,11,7,9,0,0,1,0,0,0,0,1,5,2,0,3,3,0
6588,1,16,136,2016,11,6,19,0,0,1,0,0,0,1,2,3,7,2,3,3,0
6589,1,3,108,2016,11,2,21,0,0,1,0,1,0,0,2,5,3,2,3,3,0
6590,1,13,131,2016,11,4,17,1,1,0,0,0,0,0,2,4,6,2,3,3,0
6591,2,3,210,2016,11,2,11,0,1,1,0,0,0,1,3,2,3,0,3,3,0
6592,2,6,218,2016,11,4,17,0,1,1,0,0,0,0,2,1,5,2,3,3,0
6593,7,16,717,2016,12,7,22,2,0,1,0,0,0,0,3,8,1,2,3,3,0
6594,7,12,713,2016,11,7,4,1,0,1,0,0,0,0,2,9,7,2,3,3,0
6595,6,2,602,2016,11,6,17,1,0,1,0,0,0,0,2,5,2,2,3,2,1
6596,2,1,203,2016,11,2,12,0,0,1,0,0,0,0,1,3,6,0,3,3,0
6597,1,12,130,2016,11,1,13,0,0,1,1,0,0,0,2,6,3,0,3,3,0
6598,1,12,130,2016,11,6,21,1,0,1,0,0,0,0,2,5,3,2,3,3,0
6599,3,3,314,2016,11,5,16,0,0,1,1,0,0,0,2,6,3,1,3,3,0
6600,3,3,314,2016,11,2,6,0,1,0,0,0,0,0,1,5,3,2,3,3,0
6601,2,5,215,2016,11,4,7,0,1,1,0,0,0,0,2,2,6,2,3,3,0
6602,5,12,520,2016,11,3,6,0,0,1,0,0,0,0,1,4,2,1,3,3,0
6603,5,3,510,2016,12,5,7,1,0,1,1,0,0,0,3,6,2,1,3,2,1
6604,2,2,207,2016,11,1,12,0,0,1,0,0,0,0,1,2,6,0,3,3,0
6605,3,5,317,2016,12,6,8,0,0,1,0,0,0,0,1,1,5,0,3,3,0
6606,5,18,526,2016,11,3,20,1,0,1,1,0,0,0,3,6,2,2,3,3,0
6607,1,5,114,2016,11,3,5,1,0,1,0,0,0,0,2,5,3,2,3,3,0
6608,1,12,130,2016,11,6,16,1,0,1,1,0,0,0,3,6,4,2,3,3,0
6609,6,2,602,2016,11,6,14,2,0,1,0,0,0,0,3,1,6,0,3,3,0
6610,1,16,136,2016,12,2,12,0,0,0,1,0,0,1,2,6,3,0,3,3,0
6611,5,4,512,2016,11,1,13,1,0,1,0,0,0,0,2,4,6,0,3,3,0
6612,3,8,320,2016,11,4,15,0,1,1,0,0,0,0,2,4,2,0,3,2,1
6613,5,18,526,2016,11,4,8,1,0,1,1,0,0,0,3,6,3,0,3,3,0
6614,5,11,519,2016,12,7,13,0,0,1,0,0,0,0,1,3,2,0,3,3,0
6615,5,18,526,2016,11,7,12,0,0,0,1,0,0,1,2,6,7,0,3,3,0
6616,6,2,603,2016,11,4,11,1,0,1,0,0,0,0,2,1,6,0,3,3,0
6617,5,4,512,2016,11,3,12,1,0,1,0,0,0,0,2,5,7,0,3,3,0
6618,3,9,321,2016,11,3,9,0,0,1,0,0,0,0,1,2,6,0,3,3,0
6619,4,13,432,2016,12,5,15,1,0,1,0,0,1,0,3,2,6,0,3,3,0
6620,1,1,101,2016,12,6,18,0,0,1,0,0,0,0,1,4,2,2,3,3,0
6621,1,6,118,2016,11,2,11,0,0,1,0,0,0,1,2,2,6,0,3,3,0
6622,1,1,102,2016,11,2,7,0,0,1,0,0,0,0,1,2,6,0,3,3,0
6623,5,18,526,2016,11,6,10,0,0,1,1,0,0,0,2,6,4,0,3,2,1
6624,5,2,507,2016,12,2,17,0,0,1,0,0,0,0,1,2,6,2,3,3,0
6625,2,2,207,2016,12,7,2,0,1,0,1,0,0,0,2,6,4,2,3,3,0
6626,6,11,612,2016,11,6,14,1,0,0,1,0,1,0,3,6,2,0,3,3,0
6627,5,6,514,2016,11,4,17,1,1,1,0,0,0,0,3,5,2,2,3,3,0
6628,2,3,210,2016,11,4,22,1,0,1,0,0,0,0,2,1,6,2,3,3,0
6629,5,7,515,2016,11,5,16,0,0,1,0,0,0,0,1,2,6,2,3,3,0
6630,4,9,425,2016,11,3,13,1,0,1,0,0,0,0,2,2,2,0,3,3,0
6631,2,7,219,2016,11,2,16,0,0,1,0,0,0,1,2,2,2,0,3,3,0
6632,7,1,702,2016,11,1,20,0,0,1,1,0,0,0,2,6,2,2,3,3,0
6633,3,9,321,2016,11,5,7,1,1,1,0,0,0,0,3,2,2,0,3,3,0
6634,6,2,602,2016,11,1,5,1,0,1,0,0,0,0,2,4,1,2,3,3,0
6635,3,4,316,2016,12,2,13,0,0,1,0,0,1,0,2,2,6,0,3,3,0
6636,4,10,426,2016,11,2,19,0,0,1,1,0,0,0,2,6,4,2,3,3,0
6637,1,13,131,2016,11,1,18,0,0,1,0,0,0,0,1,3,6,0,3,3,0
6638,5,18,526,2016,11,6,18,0,0,1,0,0,0,0,1,5,3,2,3,3,0
6639,2,5,215,2016,12,2,11,1,0,1,0,0,0,0,2,2,6,0,3,3,0
6640,5,10,518,2016,11,4,15,1,1,1,0,0,0,0,3,5,3,0,3,3,0
6641,3,2,312,2016,11,2,9,0,0,1,0,0,0,0,1,2,6,0,3,3,0
6642,1,16,136,2016,12,6,16,0,0,1,0,0,0,0,1,2,6,2,3,3,0
6643,4,13,432,2016,11,6,13,1,0,1,0,0,0,0,2,2,6,0,3,3,0
6644,5,12,520,2016,11,4,17,1,0,1,1,0,0,0,3,6,2,2,3,2,1
6645,1,12,130,2016,11,3,12,0,0,0,1,0,0,1,2,6,7,0,3,3,0
6646,2,14,227,2016,11,5,9,0,0,1,0,0,0,0,1,4,2,0,3,3,0
6647,4,5,408,2016,11,3,22,1,0,1,0,0,0,0,2,2,6,2,3,3,0
6648,1,6,117,2016,11,6,8,1,0,1,0,0,1,0,3,1,6,0,3,3,0