SN,District,Imperial_Circle,Community,Year,Month,Weekday,Hour,Road,Cycle,Car,Pedestrians,Motorcycle,Goods Vehicle,Others,Total,Collision Type,Accident Type,Light Condition,Road Condition,Accident_Severity,Tend_to_Death
6649,1,8,123,2016,11,1,6,0,0,1,0,0,0,0,1,5,3,2,3,3,0
6650,2,5,216,2016,11,1,11,1,1,1,0,0,0,0,3,5,3,0,3,3,0
6651,3,1,306,2016,11,5,10,1,0,1,1,0,0,0,3,6,7,0,3,3,0
6652,5,6,514,2016,11,1,16,0,1,0,0,0,0,0,1,0,7,1,3,3,0
6653,4,2,404,2016,11,4,10,0,0,1,0,1,0,0,2,2,2,0,3,3,0
6654,3,1,301,2016,11,3,19,0,0,1,0,0,0,1,2,1,5,2,3,3,0
6655,1,7,119,2016,12,5,17,1,0,1,0,0,0,0,2,2,6,2,3,3,0
6656,4,5,411,2016,11,1,21,0,0,1,0,0,0,0,1,1,1,2,3,3,0
6657,2,5,215,2016,12,6,13,0,0,1,0,0,0,0,1,1,6,0,3,3,0
6658,3,9,321,2016,11,3,17,1,0,1,0,1,0,0,3,5,3,2,3,3,0
6659,3,5,317,2016,11,3,15,0,0,1,0,0,0,1,2,5,3,0,3,3,0
6660,4,10,426,2016,11,4,23,1,0,1,1,0,0,0,3,6,2,2,3,3,0
6661,1,16,136,2016,12,5,17,1,0,1,0,0,0,1,3,0,6,2,3,3,0
6662,5,18,526,2016,11,1,10,1,1,1,0,0,0,0,3,5,3,0,3,2,1
6663,4,9,424,2016,12,6,14,0,1,1,0,0,0,0,2,2,6,0,3,3,0
6664,1,19,140,2016,11,5,19,0,0,1,0,0,0,1,2,5,3,2,3,3,0
6665,2,8,220,2016,11,4,16,1,0,1,1,0,0,0,3,6,4,2,3,3,0
6666,4,4,407,2016,11,3,17,0,0,1,0,0,0,0,1,5,2,2,3,3,0
6667,1,15,134,2016,11,4,8,0,1,0,1,0,0,0,2,0,7,0,3,3,0
6668,2,8,220,2016,11,3,23,1,0,1,0,0,0,0,2,5,3,2,3,3,0
6669,5,2,507,2016,11,6,22,1,0,1,0,0,0,0,2,5,3,2,3,3,0
6670,5,18,526,2016,11,6,11,1,0,1,0,0,0,0,2,3,6,0,3,3,0
6671,3,1,306,2016,11,1,22,0,0,1,0,0,0,0,1,5,3,2,3,3,0
6672,5,2,505,2016,11,6,13,1,0,1,0,0,0,0,2,3,6,0,3,3,0
6673,1,3,108,2016,11,5,8,1,1,1,0,0,0,0,3,4,2,0,3,3,0
6674,5,18,526,2016,11,1,18,0,0,1,0,0,0,0,1,5,3,2,3,3,0
6675,1,1,101,2016,11,4,6,0,0,1,0,0,0,0,1,5,2,0,3,3,0
6676,2,3,210,2016,11,3,21,0,1,1,0,0,0,0,2,4,3,2,3,3,0
6677,5,8,516,2016,12,5,20,0,0,1,1,0,0,0,2,6,2,2,3,2,1
6678,1,16,137,2016,11,7,10,0,0,1,0,0,0,1,2,0,6,0,3,3,0
6679,3,4,316,2016,12,6,19,0,0,1,0,0,0,0,1,2,6,2,3,3,0
6680,3,6,318,2016,11,3,14,1,0,1,0,0,0,0,2,8,7,0,3,3,0
6681,1,11,129,2016,11,2,17,0,0,1,1,0,0,0,2,6,4,2,3,2,1
6682,5,7,515,2016,11,6,23,1,0,1,1,0,0,0,3,6,1,2,3,3,0
6683,5,18,526,2016,12,2,13,0,1,1,0,0,0,0,2,5,2,0,3,3,0
6684,4,1,401,2016,11,3,11,0,0,1,1,0,0,0,2,6,2,0,3,3,0
6685,5,16,524,2016,11,6,12,0,0,1,0,0,0,0,1,5,3,0,3,3,0
6686,5,4,512,2016,11,6,7,2,0,1,0,0,0,0,3,2,6,1,3,3,0
6687,2,3,208,2016,11,1,17,1,0,1,0,0,0,0,2,9,7,2,3,2,1
6688,5,18,526,2016,11,4,20,1,0,1,0,0,0,1,3,1,6,2,3,3,0
6689,6,2,603,2016,12,7,3,0,1,1,0,0,0,0,2,0,5,2,3,2,1
6690,4,6,415,2016,12,5,9,1,1,0,0,0,0,0,2,0,2,0,3,3,0
6691,1,5,114,2016,12,6,12,0,0,1,1,0,0,0,2,6,7,0,3,3,0
6692,5,7,515,2016,11,2,15,0,0,1,0,0,0,0,1,2,6,0,3,3,0
6693,4,9,425,2016,11,1,8,0,0,1,0,0,0,0,1,1,5,0,3,3,0
6694,5,11,519,2016,11,6,14,1,0,1,1,0,0,0,3,6,4,0,3,3,0
6695,4,10,427,2016,12,2,8,1,0,1,0,0,0,0,2,1,2,0,3,3,0
6696,1,5,114,2016,12,7,19,2,0,0,1,0,0,1,4,0,4,2,3,3,0
6697,4,13,432,2016,11,6,16,1,0,1,0,1,0,0,3,5,3,1,3,3,0
6698,4,10,429,2016,11,4,14,1,0,1,1,0,0,0,3,6,4,0,3,3,0
6699,3,1,309,2016,11,4,10,0,1,1,0,0,0,0,2,5,2,0,3,3,0
6700,5,7,515,2016,11,4,15,1,1,1,0,0,0,0,3,5,3,0,3,3,0
6701,2,10,222,2016,12,7,8,0,0,1,0,1,0,0,2,9,1,0,3,3,0
6702,3,8,320,2016,11,7,17,1,0,1,1,0,0,0,3,6,4,2,3,3,0
6703,1,8,127,2016,11,4,17,0,0,1,1,0,0,0,2,6,4,0,3,3,0
6704,1,11,129,2016,11,5,16,0,1,1,0,0,0,0,2,5,2,2,3,3,0
6705,3,7,319,2016,11,3,6,0,1,1,0,0,0,0,2,5,2,2,3,3,0
6706,3,9,321,2016,11,2,19,0,0,1,0,0,0,0,1,2,6,2,3,3,0
6707,5,7,515,2016,11,1,13,0,0,1,0,0,0,0,1,5,3,0,3,3,0
6708,5,12,520,2016,11,6,6,1,0,1,1,0,0,0,3,6,4,2,3,3,0
6709,4,9,424,2016,11,5,18,0,1,0,1,0,0,0,2,6,4,2,3,3,0
6710,3,2,312,2016,11,1,18,0,0,1,0,0,0,0,1,4,2,2,3,3,0
6711,4,2,404,2016,12,2,17,0,0,1,1,0,0,0,2,0,7,2,3,3,0
6712,2,3,210,2016,11,3,15,0,0,1,1,0,0,0,2,6,4,0,3,2,1
6713,3,8,320,2016,11,4,13,1,0,1,0,0,0,1,3,2,6,0,3,3,0
6714,1,1,102,2016,11,2,15,0,0,1,0,0,0,1,2,0,6,0,3,3,0
6715,1,7,119,2016,12,6,13,0,0,1,0,1,0,0,2,5,3,0,3,3,0
6716,3,5,317,2016,11,6,9,1,1,1,0,0,0,0,3,0,3,0,3,3,0
6717,4,10,426,2016,11,4,17,1,0,1,0,0,0,0,2,2,6,2,3,3,0
6718,5,6,514,2016,11,3,14,0,0,1,0,0,0,0,1,8,1,0,3,2,1
6719,2,1,205,2016,11,5,13,1,1,1,0,0,0,0,3,1,7,0,3,3,0
6720,3,5,317,2016,11,3,13,1,0,1,0,0,0,0,2,1,6,0,3,3,0
6721,4,4,407,2016,11,6,18,1,0,1,0,0,0,0,2,0,7,2,3,3,0
6722,5,6,514,2016,11,6,9,1,1,1,0,0,0,0,3,0,1,0,3,3,0
6723,1,3,106,2016,11,1,18,0,0,1,0,0,0,0,1,2,6,2,3,3,0
6724,3,3,313,2016,11,1,20,1,0,1,0,0,0,0,2,5,3,2,3,3,0
6725,5,1,504,2016,11,5,17,0,0,1,1,0,0,0,2,6,4,2,3,3,0
6726,3,5,317,2016,11,3,17,1,1,0,0,0,0,1,3,5,3,2,3,3,0
6727,2,3,210,2016,11,2,15,0,0,1,0,0,1,0,2,3,6,0,3,3,0
6728,1,1,101,2016,11,1,1,2,0,1,0,0,0,0,3,5,3,2,3,3,0
6729,1,5,113,2016,11,1,0,0,0,1,1,0,0,0,2,6,4,2,3,2,1
6730,2,5,215,2016,11,5,15,0,0,0,0,0,1,1,2,3,6,0,3,3,0
6731,1,16,137,2016,11,7,18,0,0,1,0,0,0,0,1,4,2,2,3,3,0
6732,7,4,705,2016,12,1,16,1,0,1,0,0,0,0,2,5,3,1,3,3,0
6733,7,12,713,2016,11,2,5,0,0,1,1,0,0,0,2,6,2,2,3,3,0
6734,6,2,603,2016,12,5,17,1,0,0,1,0,0,1,3,6,4,2,3,3,0
6735,5,2,508,2016,11,1,16,0,0,1,0,1,0,0,2,3,6,2,3,3,0
6736,5,11,519,2016,12,6,9,0,1,0,0,0,0,1,2,5,3,0,3,3,0
6737,2,4,214,2016,11,3,5,1,0,1,1,0,0,0,3,6,4,2,3,2,1
6738,6,2,602,2016,11,5,7,0,1,1,0,0,0,0,2,0,2,2,3,3,0
6739,2,1,206,2016,11,4,9,0,1,1,0,0,0,0,2,5,2,0,3,3,0
6740,3,1,308,2016,11,3,21,0,1,0,0,1,0,0,2,5,3,2,3,2,1
6741,5,18,526,2016,11,4,11,0,0,0,0,0,0,1,1,1,5,0,3,3,0
6742,3,2,311,2016,11,3,23,1,0,1,0,0,0,0,2,2,6,2,3,3,0
6743,5,1,501,2016,11,6,14,0,0,1,0,0,0,1,2,5,3,0,3,3,0
6744,5,18,526,2016,11,6,13,0,0,1,1,0,0,0,2,6,4,0,3,3,0
6745,7,12,713,2016,11,7,10,1,0,0,0,1,0,0,2,0,1,0,3,3,0
6746,1,16,137,2016,11,4,19,1,0,1,0,0,0,0,2,3,6,2,3,3,0
6747,1,14,133,2016,11,7,20,0,1,1,0,0,0,0,2,3,6,2,3,3,0
6748,6,1,601,2016,11,3,18,0,0,0,1,0,0,1,2,6,3,2,3,2,1
6749,1,20,141,2016,12,7,23,2,0,1,0,0,0,0,3,8,1,2,3,3,0
6750,7,1,701,2016,11,2,18,0,0,1,0,0,0,1,2,1,5,2,3,3,0
6751,5,12,520,2016,12,5,16,1,1,1,0,0,0,0,3,5,2,2,3,2,1
6752,1,11,128,2016,11,7,10,0,0,1,0,0,0,0,1,3,5,0,3,3,0
6753,1,1,101,2016,12,6,22,1,1,0,0,0,0,0,2,0,7,2,3,3,0
6754,4,8,422,2016,11,6,17,0,0,1,0,0,0,0,1,5,2,2,3,3,0
6755,3,4,315,2016,11,5,8,1,0,1,0,0,0,0,2,3,6,0,3,3,0
6756,1,6,115,2016,11,7,0,1,0,0,0,0,0,1,2,8,1,2,3,3,0
6757,6,14,615,2016,11,3,13,0,1,1,0,0,0,0,2,5,2,0,3,3,0
6758,1,13,131,2016,11,2,13,0,0,0,1,0,0,1,2,6,4,0,3,2,1
6759,5,2,507,2016,12,5,9,1,0,1,0,0,0,0,2,2,6,0,3,3,0
6760,4,3,406,2016,11,1,15,0,0,1,0,0,0,0,1,1,6,0,3,3,0
6761,4,2,403,2016,12,6,9,0,1,0,1,0,0,0,2,6,7,0,3,3,0
6762,3,2,312,2016,11,3,17,1,0,1,0,0,0,1,3,0,7,2,3,3,0
6763,2,1,201,2016,11,3,17,0,0,1,0,0,0,0,1,4,2,2,3,3,0
6764,2,4,212,2016,11,6,16,0,0,1,0,0,0,0,1,2,6,2,3,3,0
6765,5,6,514,2016,11,6,7,2,1,0,0,0,0,0,3,0,7,0,3,3,0
6766,6,6,607,2016,11,7,13,0,0,1,0,0,0,0,1,8,7,0,3,2,1
6767,5,6,514,2016,11,4,11,1,0,1,0,0,0,0,2,2,6,0,3,3,0
6768,5,18,526,2016,12,7,16,1,0,1,0,0,0,0,2,4,2,2,3,3,0
6769,1,13,131,2016,11,4,9,1,0,1,0,0,0,0,2,5,3,0,3,3,0
6770,4,4,407,2016,11,2,8,0,1,1,0,0,0,0,2,3,2,0,3,3,0
6771,5,18,526,2016,11,7,14,0,0,1,0,0,0,0,1,3,7,0,3,3,0
6772,2,6,218,2016,11,6,13,1,0,1,0,1,0,0,3,5,3,0,3,1,1
6773,2,1,201,2016,11,3,16,1,1,1,0,0,0,0,3,5,3,0,3,3,0
6774,1,7,120,2016,11,2,14,0,0,1,0,0,0,0,1,5,3,0,3,3,0
6775,1,1,101,2016,11,6,21,1,0,1,0,0,0,0,2,5,3,2,3,3,0
6776,4,10,429,2016,11,6,13,1,0,1,0,0,0,0,2,1,6,0,3,3,0
6777,5,2,509,2016,12,2,16,2,0,1,0,0,0,0,3,2,6,1,3,3,0
6778,4,2,403,2016,12,7,9,0,1,1,0,0,0,0,2,5,2,0,3,3,0
6779,3,2,312,2016,11,7,20,1,0,1,1,0,0,0,3,6,7,2,3,3,0
6780,1,8,124,2016,11,4,19,1,0,1,1,0,0,0,3,6,2,2,3,3,0
6781,5,7,515,2016,11,5,12,1,1,1,0,0,0,0,3,0,3,0,3,3,0
6782,1,3,107,2016,11,3,18,1,0,1,0,0,0,0,2,5,3,2,3,3,0
6783,2,4,212,2016,11,2,12,0,0,1,1,0,0,0,2,6,4,0,3,2,1
6784,5,18,526,2016,11,7,9,2,0,1,1,0,0,0,4,6,4,0,3,3,0
6785,1,3,108,2016,11,6,8,1,0,0,0,1,0,1,3,1,5,0,3,3,0
6786,4,7,416,2016,11,5,16,0,0,1,0,0,0,0,1,2,6,1,3,3,0
6787,5,2,509,2016,11,7,13,1,0,1,0,0,0,0,2,5,3,0,3,3,0
6788,3,5,317,2016,12,2,16,0,0,1,1,0,0,0,2,6,4,1,3,2,1
6789,5,3,510,2016,11,2,7,1,0,1,1,0,0,0,3,6,4,1,3,3,0
6790,2,5,217,2016,11,4,9,1,1,1,0,0,0,0,3,5,3,0,3,3,0
6791,7,1,702,2016,12,5,11,1,0,0,1,0,0,1,3,6,4,0,3,3,0
6792,1,16,137,2016,11,1,14,0,0,1,1,0,0,0,2,6,4,0,3,3,0
6793,5,3,511,2016,12,6,16,0,0,1,0,0,0,0,1,3,7,0,3,3,0
6794,2,6,218,2016,12,2,18,0,1,1,0,0,0,0,2,5,3,2,3,3,0
6795,1,20,141,2016,12,6,9,0,1,1,0,0,0,0,2,3,6,0,3,3,0
6796,4,13,432,2016,11,6,23,1,0,1,0,0,0,0,2,4,2,2,3,2,1
6797,4,13,432,2016,11,4,19,1,1,1,0,0,0,0,3,1,7,2,3,3,0
6798,1,5,114,2016,11,4,18,1,1,0,1,0,0,0,3,6,6,2,3,3,0
6799,3,8,320,2016,11,5,8,0,1,1,0,0,0,0,2,5,3,1,3,3,0
6800,1,3,106,2016,11,3,13,1,0,1,0,0,0,0,2,3,7,0,3,3,0
6801,4,13,432,2016,11,7,17,0,0,1,0,0,0,0,1,2,6,2,3,3,0
6802,6,1,601,2016,11,7,22,0,0,1,1,0,0,0,2,6,4,2,3,2,1
6803,4,1,401,2016,11,5,11,0,0,1,0,0,0,0,1,5,3,0,3,3,0
6804,4,7,416,2016,11,7,18,1,0,1,0,0,0,0,2,2,6,2,3,3,0
6805,5,2,509,2016,12,1,17,0,1,0,0,0,0,1,2,3,2,2,3,2,1
6806,5,13,521,2016,11,2,7,0,1,1,0,0,0,0,2,5,3,1,3,3,0
6807,6,7,608,2016,12,5,12,1,0,1,0,0,0,0,2,9,1,0,3,3,0
6808,5,7,515,2016,11,1,3,1,0,1,0,0,0,0,2,1,5,2,3,3,0
6809,4,10,426,2016,12,6,18,0,0,1,0,0,0,0,1,3,6,2,3,3,0
6810,1,5,114,2016,11,3,7,1,0,1,0,0,0,0,2,5,3,1,3,3,0
6811,3,5,317,2016,11,3,6,1,0,1,1,0,0,0,3,6,2,2,3,3,0
6812,4,4,407,2016,11,4,11,0,0,1,1,0,0,0,2,6,4,0,3,2,1
6813,7,14,715,2016,11,2,11,0,0,1,1,0,0,0,2,6,4,0,3,3,0
6814,1,20,141,2016,11,5,16,0,0,1,0,0,0,0,1,5,3,1,3,3,0
6815,4,11,430,2016,11,6,8,2,0,1,0,0,1,0,4,5,3,0,3,3,0
6816,1,4,109,2016,11,6,13,0,0,1,0,1,0,0,2,4,1,0,3,3,0
6817,4,10,427,2016,11,4,11,1,0,1,0,1,0,0,3,5,2,0,3,3,0
6818,4,12,431,2016,11,3,18,0,0,1,0,0,0,0,1,3,6,2,3,3,0
6819,1,1,102,2016,11,5,18,0,1,1,0,0,0,0,2,5,2,2,3,3,0
6820,7,14,715,2016,11,2,7,1,0,1,1,0,0,0,3,6,3,0,3,3,0
6821,7,16,717,2016,11,5,6,1,0,1,0,0,0,0,2,5,3,2,3,3,0
6822,5,10,518,2016,11,6,7,2,1,0,0,0,0,0,3,0,1,0,3,3,0
6823,5,7,515,2016,11,7,3,1,0,1,0,0,0,1,3,0,6,2,3,3,0
6824,1,16,137,2016,11,5,17,1,0,1,0,0,1,0,3,3,6,2,3,3,0
6825,1,3,108,2016,11,5,8,1,1,1,0,0,0,0,3,4,2,0,3,3,0
6826,1,3,106,2016,11,7,17,0,0,1,0,0,0,0,1,3,6,2,3,3,0
6827,1,11,128,2016,11,3,22,0,0,1,0,0,0,0,1,5,3,2,3,3,0
6828,5,12,520,2016,11,2,13,0,1,1,0,0,0,0,2,3,6,0,3,2,1
6829,4,11,430,2016,12,5,16,1,0,1,0,0,0,0,2,5,2,2,3,3,0
6830,7,1,702,2016,11,7,22,1,0,1,0,0,0,0,2,3,7,2,3,3,0
6831,3,5,317,2016,12,6,7,0,0,1,0,0,0,0,1,1,6,0,3,3,0
6832,6,2,602,2016,11,2,8,2,0,1,0,0,0,0,3,2,6,0,3,3,0
6833,1,12,130,2016,11,2,20,0,0,1,0,0,0,0,1,9,1,2,3,3,0
6834,6,14,615,2016,11,5,14,1,1,0,1,0,0,0,3,6,4,0,3,3,0
6835,5,15,523,2016,11,6,8,2,0,1,0,0,0,0,3,8,1,0,3,3,0
6836,6,1,601,2016,12,2,18,0,0,1,0,0,0,0,1,5,2,2,3,3,0
6837,5,11,519,2016,11,7,17,0,0,1,0,0,0,0,1,0,7,2,3,3,0
6838,5,2,505,2016,11,4,18,1,0,0,1,1,0,0,3,6,4,2,3,3,0
6839,4,5,411,2016,12,7,12,0,1,0,0,0,0,0,1,0,7,0,3,3,0
6840,4,6,415,2016,11,7,18,0,0,1,0,0,0,0,1,2,6,2,3,3,0
6841,1,6,116,2016,11,4,14,1,0,1,0,1,0,0,3,4,6,0,3,3,0
6842,7,12,713,2016,12,7,21,2,0,1,0,0,0,0,3,8,1,2,3,2,1
6843,4,5,413,2016,11,2,13,0,1,1,0,0,0,0,2,0,2,0,3,3,0
6844,4,4,407,2016,12,5,12,1,1,0,0,0,0,0,2,0,1,0,3,3,0
6845,1,3,106,2016,12,6,17,0,1,1,0,0,0,0,2,5,2,2,3,3,0
6846,5,7,515,2016,11,2,7,0,0,1,1,0,0,0,2,6,4,1,3,3,0
6847,1,1,101,2016,11,7,17,1,0,1,0,0,0,0,2,5,3,2,3,3,0
6848,6,9,610,2016,11,5,17,1,0,1,0,0,1,0,3,5,3,2,3,3,0
6849,5,12,520,2016,12,2,12,0,1,1,0,0,0,0,2,5,2,0,3,3,0
6850,1,3,105,2016,12,7,4,2,0,1,0,0,0,0,3,9,1,2,3,1,1
6851,5,7,515,2016,11,6,6,1,0,1,0,0,0,0,2,5,3,2,3,3,0
6852,5,2,508,2016,11,4,17,1,0,1,0,0,0,0,2,5,3,2,3,3,0
6853,3,3,313,2016,11,4,16,1,0,1,0,0,0,0,2,5,3,2,3,3,0
6854,4,11,430,2016,11,5,11,0,0,1,0,0,1,0,2,3,6,0,3,3,0
6855,6,1,601,2016,11,2,5,1,0,1,0,0,0,0,2,5,3,2,3,3,0
6856,4,3,406,2016,11,2,14,0,0,1,0,0,0,0,1,5,3,0,3,3,0
6857,5,10,518,2016,11,7,18,1,0,1,0,0,0,0,2,4,2,2,3,3,0
6858,1,12,130,2016,11,4,13,1,0,1,0,0,0,0,2,2,6,0,3,3,0
6859,1,12,130,2016,11,2,17,1,0,0,0,1,1,0,3,3,6,2,3,2,1
6860,4,8,420,2016,11,2,16,0,0,1,0,0,0,0,1,2,2,1,3,3,0
6861,1,3,108,2016,11,7,18,0,0,1,0,0,0,1,2,0,6,2,3,3,0
6862,5,4,512,2016,11,5,14,0,0,1,1,0,0,0,2,6,7,0,3,3,0
6863,1,20,141,2016,11,6,10,2,1,1,0,0,0,0,4,4,6,0,3,3,0
6864,3,7,319,2016,12,2,9,0,0,1,0,0,0,0,1,1,6,0,3,3,0
6865,2,5,217,2016,11,4,8,1,0,1,1,0,0,0,3,6,3,0,3,3,0
6866,1,3,108,2016,11,2,19,0,1,0,0,0,0,1,2,0,7,2,3,3,0
6867,1,6,117,2016,12,6,19,0,1,1,0,0,0,0,2,5,2,2,3,3,0
6868,2,12,225,2016,11,6,18,1,1,1,0,0,0,0,3,5,3,2,3,3,0
6869,4,12,431,2016,11,4,10,0,0,1,0,0,0,0,1,2,6,0,3,3,0
6870,1,8,122,2016,11,3,7,0,1,1,0,0,0,0,2,5,2,0,3,3,0
6871,2,6,218,2016,11,5,12,0,0,1,1,0,0,0,2,6,2,0,3,3,0
6872,1,12,130,2016,11,2,16,1,0,1,0,0,0,1,3,1,2,2,3,3,0
6873,5,12,520,2016,11,6,11,1,1,1,0,0,0,0,3,5,3,0,3,3,0
6874,3,1,310,2016,11,5,10,1,1,1,0,0,0,0,3,1,5,0,3,3,0
6875,2,8,220,2016,12,5,20,0,0,1,1,0,0,0,2,6,4,2,3,2,1
6876,2,1,202,2016,12,2,12,0,0,0,1,0,1,0,2,6,7,0,3,3,0
6877,2,8,220,2016,12,5,16,1,1,1,0,0,0,0,3,5,3,2,3,3,0
6878,4,13,432,2016,12,5,20,0,0,1,0,0,0,1,2,5,3,2,3,3,0
6879,4,10,428,2016,12,2,23,0,0,1,1,0,0,0,2,6,7,2,3,3,0
6880,1,5,113,2016,12,4,9,0,1,1,0,0,0,0,2,5,3,0,3,3,0
6881,3,3,314,2016,12,4,22,1,0,1,0,0,0,0,2,4,6,2,3,3,0
6882,4,5,409,2016,12,6,12,0,0,1,0,0,0,0,1,2,6,0,3,3,0
6883,7,9,710,2016,12,6,13,0,0,0,1,0,0,1,2,6,7,0,3,3,0
6884,1,12,130,2016,12,6,10,0,0,1,0,0,0,0,1,5,3,0,3,3,0
6885,2,8,220,2016,12,6,11,0,1,0,0,0,0,1,2,3,2,0,3,3,0
6886,7,10,711,2016,12,6,9,1,1,1,0,0,0,0,3,4,6,0,3,3,0
6887,5,7,515,2016,12,4,12,1,1,1,0,0,0,0,3,5,7,0,3,3,0
6888,4,5,413,2016,12,3,21,0,0,1,0,1,0,0,2,0,7,2,3,3,0
6889,7,16,717,2016,12,6,6,0,0,1,0,0,0,1,2,8,6,2,3,3,0
6890,1,1,102,2016,12,2,10,0,1,1,0,0,0,1,3,1,5,0,3,3,0
6891,3,5,317,2016,12,5,16,1,1,0,1,0,0,0,3,6,7,2,3,3,0
6892,1,13,131,2016,12,2,7,0,0,1,0,0,0,0,1,2,6,1,3,3,0
6893,5,11,519,2016,12,2,23,0,0,1,0,0,0,0,1,8,1,2,3,3,0
6894,5,3,510,2016,12,2,20,1,0,1,0,0,0,0,2,5,3,2,3,3,0
6895,2,5,216,2016,12,3,16,0,0,1,1,0,0,0,2,6,4,1,3,2,1
6896,5,5,513,2016,12,5,14,0,0,1,0,0,0,0,1,2,6,0,3,3,0
6897,6,2,603,2016,12,6,12,1,0,1,0,0,0,0,2,5,3,0,3,3,0
6898,5,11,519,2016,12,5,17,1,0,1,0,0,0,0,2,2,6,2,3,3,0
6899,4,13,432,2016,12,3,10,1,0,1,1,0,0,0,3,6,4,0,3,2,1
6900,5,4,512,2016,12,3,23,0,0,0,1,0,0,1,2,6,6,2,3,3,0
6901,1,5,114,2016,12,6,16,0,0,1,1,0,0,0,2,6,4,1,3,3,0
6902,5,2,506,2016,12,6,8,1,0,0,0,0,0,1,2,0,6,0,3,3,0
6903,1,16,136,2016,12,5,14,1,0,1,0,0,1,0,3,2,6,0,3,3,0
6904,3,6,318,2016,12,4,7,1,1,1,0,0,0,0,3,5,2,1,3,3,0
6905,4,10,427,2016,12,3,12,0,0,1,0,0,0,1,2,3,6,0,3,3,0
6906,7,14,715,2016,12,6,14,0,0,1,1,0,0,0,2,6,4,0,3,2,1
6907,1,5,114,2016,12,2,10,0,0,1,1,0,0,0,2,6,7,0,3,3,0
6908,1,14,132,2016,12,7,8,0,0,1,0,0,0,0,1,1,6,0,3,3,0
6909,4,6,415,2016,12,2,22,1,0,1,0,0,0,0,2,3,7,2,3,3,0
6910,3,2,312,2016,12,5,9,1,0,1,0,0,0,0,2,1,6,0,3,3,0
6911,3,5,317,2016,12,5,16,1,0,1,0,0,0,0,2,2,6,2,3,3,0
6912,3,1,301,2016,12,4,8,1,0,1,0,0,0,0,2,5,3,0,3,3,0
6913,4,6,415,2016,12,5,16,0,0,1,0,0,0,0,1,2,6,2,3,3,0
6914,1,4,111,2016,12,4,14,1,0,1,1,0,0,0,3,6,7,0,3,3,0
6915,2,5,217,2016,12,5,15,0,0,1,0,0,0,1,2,4,2,0,3,3,0
6916,3,2,311,2016,12,3,7,0,1,1,0,0,0,0,2,3,2,1,3,3,0
6917,1,19,140,2016,12,2,19,0,0,1,0,0,1,0,2,3,6,0,3,3,0
6918,5,12,520,2016,12,7,13,1,0,1,0,0,0,0,2,2,6,0,3,3,0
6919,4,5,409,2016,12,1,20,1,0,1,1,0,0,0,3,6,2,2,3,3,0
6920,4,5,410,2016,12,6,9,1,0,1,0,0,0,0,2,2,6,0,3,3,0
6921,7,3,704,2016,12,4,19,1,0,1,0,0,0,0,2,5,3,2,3,3,0
6922,2,4,213,2016,12,5,8,0,1,0,1,0,0,0,2,6,4,0,3,3,0
6923,1,1,102,2016,12,4,7,1,0,1,0,0,1,0,3,1,5,1,3,3,0
6924,1,16,137,2016,12,1,16,1,0,1,0,0,0,0,2,2,6,2,3,3,0
6925,3,3,313,2016,12,5,11,0,1,0,0,0,0,1,2,5,3,0,3,3,0
6926,2,4,212,2016,12,5,14,0,1,1,0,0,0,0,2,5,2,0,3,2,1
6927,1,14,132,2016,12,1,17,1,0,1,1,0,0,0,3,6,4,2,3,3,0
6928,1,12,130,2016,12,1,20,1,0,1,0,0,0,1,3,3,7,2,3,2,1
6929,2,5,215,2016,12,4,8,0,1,0,0,0,0,1,2,5,2,0,3,3,0
6930,6,14,615,2016,12,6,10,0,1,1,0,0,0,0,2,5,3,0,3,3,0
6931,6,2,602,2016,12,6,8,0,1,0,0,0,0,1,2,0,6,0,3,3,0
6932,4,10,426,2016,12,6,13,0,0,1,0,0,0,0,1,2,6,0,3,3,0
6933,4,7,416,2016,12,6,11,1,0,1,0,0,0,0,2,2,6,0,3,3,0
6934,2,2,207,2016,12,7,22,1,0,1,1,0,0,0,3,2,6,2,3,3,0
6935,3,9,321,2016,12,7,22,1,0,1,0,0,0,0,2,1,5,2,3,3,0
6936,5,7,515,2016,12,6,17,0,0,1,0,0,0,0,1,5,3,1,3,3,0
6937,4,8,420,2016,12,6,17,1,0,1,0,0,0,1,3,0,3,2,3,3,0
6938,1,12,130,2016,12,5,13,0,0,0,0,0,0,1,1,5,3,0,3,3,0
6939,4,13,432,2016,12,4,17,0,0,1,1,0,0,0,2,6,4,0,3,3,0
6940,7,2,703,2016,12,4,15,0,0,1,1,0,0,0,2,6,4,0,3,3,0
6941,7,1,702,2016,12,6,16,0,0,1,0,0,0,0,1,2,6,2,3,3,0
6942,1,11,129,2016,12,1,13,1,0,1,1,0,0,0,3,6,4,0,3,3,0
6943,6,2,602,2016,12,4,14,0,0,1,1,0,0,0,2,6,4,0,3,3,0
6944,3,8,320,2016,12,5,9,0,1,1,0,0,0,0,2,3,2,0,3,3,0
6945,5,18,526,2016,12,1,7,0,0,1,0,0,0,0,1,9,1,2,3,3,0