SN,District,Imperial_Circle,Community,Year,Month,Weekday,Hour,Road,Cycle,Car,Pedestrians,Motorcycle,Goods Vehicle,Others,Total,Collision Type,Accident Type,Light Condition,Road Condition,Accident_Severity,Tend_to_Death
6946,4,2,405,2016,12,4,13,0,0,1,0,0,0,0,1,5,3,0,3,3,0
6947,1,1,101,2016,12,4,11,0,0,1,0,0,0,0,1,4,7,0,3,3,0
6948,2,8,220,2016,12,6,9,2,1,0,0,0,0,0,3,0,7,0,3,3,0
6949,2,11,223,2016,12,6,16,1,0,1,1,0,0,0,3,6,4,2,3,3,0
6950,3,2,312,2016,12,6,17,0,1,0,0,0,0,1,2,3,3,2,3,3,0
6951,2,9,221,2016,12,6,15,1,0,1,0,0,0,0,2,5,3,0,3,3,0
6952,7,2,703,2016,12,3,6,0,0,1,0,0,0,0,1,2,6,2,3,3,0
6953,3,9,321,2016,12,3,12,0,0,1,0,0,0,0,1,1,5,0,3,3,0
6954,6,2,602,2016,12,6,12,0,0,1,1,0,0,0,2,6,7,0,3,3,0
6955,5,18,526,2016,12,1,23,1,0,1,0,0,0,0,2,8,1,2,3,3,0
6956,6,10,611,2016,12,4,8,1,0,1,0,0,0,0,2,4,6,1,3,3,0
6957,1,7,120,2016,12,2,17,0,0,1,1,0,0,0,2,6,4,1,3,3,0
6958,6,14,615,2016,12,3,16,1,0,1,0,0,0,0,2,8,1,1,3,2,1
6959,2,5,217,2016,12,3,23,0,0,1,0,0,0,1,2,4,3,2,3,3,0
6960,5,8,516,2016,12,5,12,0,0,1,0,0,0,1,2,2,6,0,3,3,0
6961,1,12,130,2016,12,4,17,1,0,1,1,0,0,0,3,6,2,2,3,2,1
6962,1,11,128,2016,12,6,19,0,0,1,0,0,0,0,1,3,6,2,3,3,0
6963,1,12,130,2016,12,3,16,1,0,1,1,0,0,0,3,6,4,2,3,3,0
6964,5,18,526,2016,12,1,13,1,0,1,1,0,0,0,3,6,2,0,3,2,1
6965,1,11,129,2016,12,4,7,0,0,1,1,0,0,0,2,6,4,0,3,3,0
6966,5,18,526,2016,12,2,17,0,0,1,1,0,0,0,2,6,4,1,3,3,0
6967,5,2,509,2016,12,1,10,1,0,1,0,0,0,0,2,4,2,0,3,3,0
6968,1,3,108,2016,12,3,16,1,0,1,0,0,0,0,2,3,6,2,3,3,0
6969,5,2,506,2016,12,3,5,0,0,1,0,0,0,0,1,5,3,2,3,3,0
6970,1,8,126,2016,12,5,12,0,0,1,0,0,0,0,1,5,3,0,3,3,0
6971,2,4,212,2016,12,6,7,1,1,1,0,0,0,0,3,0,6,1,3,3,0
6972,1,11,129,2016,12,5,13,1,0,1,0,0,0,0,2,5,3,0,3,3,0
6973,1,7,119,2016,12,3,20,0,0,1,0,1,0,0,2,3,6,2,3,2,1
6974,2,5,217,2016,12,3,18,0,0,1,0,0,0,0,1,5,3,2,3,3,0
6975,3,4,316,2016,12,5,17,1,1,1,0,0,0,0,3,0,7,2,3,3,0
6976,5,5,513,2016,12,6,17,0,0,1,0,0,0,0,1,4,6,2,3,3,0
6977,1,3,108,2016,12,3,10,0,0,1,0,0,0,1,2,1,6,0,3,3,0
6978,5,17,525,2016,12,1,5,1,0,1,0,0,0,0,2,8,1,2,3,3,0
6979,5,5,513,2016,12,7,15,1,1,1,0,0,0,0,3,5,3,0,3,2,1
6980,1,12,130,2016,12,1,5,1,0,1,0,0,0,0,2,8,1,2,3,3,0
6981,2,4,212,2016,12,6,7,1,1,1,0,0,0,0,3,3,2,2,3,3,0
6982,4,13,432,2016,12,1,14,1,1,1,0,0,0,0,3,5,3,0,3,3,0
6983,5,7,515,2016,12,2,12,1,0,1,0,0,0,0,2,2,6,0,3,3,0
6984,4,5,408,2016,12,5,18,0,0,1,0,0,0,0,1,4,2,2,3,3,0
6985,2,8,220,2016,12,5,17,1,0,1,1,0,0,0,3,6,4,2,3,3,0
6986,5,18,526,2016,12,4,18,1,0,1,0,0,0,0,2,5,3,2,3,3,0
6987,5,3,510,2016,12,3,16,1,0,1,1,0,0,0,3,6,3,2,3,2,1
6988,4,2,405,2016,12,5,8,0,1,1,0,0,0,0,2,4,2,1,3,3,0
6989,4,13,432,2016,12,7,20,1,0,1,1,0,0,0,3,6,4,2,3,3,0
6990,1,1,101,2016,12,1,11,1,0,1,0,0,0,0,2,9,7,0,3,2,1
6991,5,2,509,2016,12,6,10,1,0,1,0,0,0,0,2,1,7,0,3,3,0
6992,2,4,212,2016,12,6,18,0,0,1,0,0,0,0,1,0,7,2,3,3,0
6993,5,18,526,2016,12,4,18,0,0,1,0,0,0,0,1,2,6,2,3,3,0
6994,5,18,526,2016,12,4,5,0,1,1,0,0,0,0,2,4,2,2,3,3,0
6995,3,3,313,2016,12,1,17,1,0,1,1,0,0,0,3,6,4,2,3,2,1
6996,5,18,526,2016,12,4,15,0,1,1,0,0,0,0,2,5,3,0,3,3,0
6997,3,3,314,2016,12,5,20,1,1,0,0,0,0,0,2,4,6,2,3,3,0
6998,1,18,139,2016,12,5,19,1,0,0,0,0,1,0,2,8,7,2,3,3,0
6999,5,2,509,2016,12,4,17,0,1,1,0,0,0,0,2,4,2,2,3,3,0
7000,5,11,519,2016,12,3,14,1,1,1,0,0,0,0,3,5,3,0,3,3,0
7001,3,3,313,2016,12,5,13,0,1,1,0,0,0,0,2,5,2,0,3,3,0
7002,3,1,309,2016,12,1,3,1,0,1,0,0,0,0,2,2,6,2,3,3,0
7003,4,8,421,2016,12,4,9,0,0,1,1,0,0,0,2,5,3,0,3,3,0
7004,1,4,112,2016,12,7,23,1,0,1,1,0,0,0,3,6,4,2,3,3,0
7005,3,3,314,2016,12,7,11,0,1,1,0,0,0,0,2,5,3,0,3,3,0
7006,5,11,519,2016,12,6,13,0,1,1,0,0,0,0,2,4,2,0,3,3,0
7007,3,7,319,2016,12,6,11,1,0,1,0,0,0,0,2,1,5,0,3,3,0
7008,2,5,215,2016,12,3,11,0,0,1,0,0,0,0,1,2,6,0,3,3,0
7009,5,4,512,2016,12,5,8,1,0,0,0,0,0,1,2,0,6,0,3,3,0
7010,5,7,515,2016,12,4,13,1,0,1,0,0,0,0,2,2,6,0,3,3,0
7011,5,4,512,2016,12,6,10,0,0,1,0,0,0,0,1,2,2,0,3,3,0
7012,1,4,111,2016,12,1,5,1,0,1,0,0,0,0,2,5,3,2,3,3,0
7013,5,12,520,2016,12,4,9,0,0,1,0,0,0,0,1,1,7,0,3,3,0
7014,5,6,514,2016,12,2,15,0,0,1,1,0,0,0,2,6,4,0,3,2,1
7015,2,12,225,2016,12,1,15,1,0,1,0,0,0,0,2,2,6,0,3,3,0
7016,5,18,526,2016,12,3,16,1,1,1,0,0,0,0,3,5,3,1,3,3,0
7017,1,5,114,2016,12,4,12,0,0,1,1,0,0,0,2,6,3,0,3,3,0
7018,3,3,314,2016,12,6,8,0,1,1,0,0,0,0,2,4,2,0,3,3,0
7019,3,7,319,2016,12,6,9,1,0,1,0,0,0,1,3,1,5,0,3,3,0
7020,6,10,611,2016,12,7,5,1,0,1,0,0,0,0,2,9,1,2,3,2,1
7021,6,1,601,2016,12,7,18,1,0,1,0,0,0,0,2,2,6,2,3,3,0
7022,1,1,102,2016,12,5,7,0,0,1,0,0,0,0,1,4,2,2,3,3,0
7023,2,4,214,2016,12,4,8,0,1,1,0,0,0,0,2,5,3,0,3,3,0
7024,1,12,130,2016,12,6,15,0,0,1,0,1,0,0,2,5,3,0,3,3,0
7025,1,12,130,2016,12,6,10,0,0,1,0,0,0,0,1,3,7,0,3,3,0
7026,2,5,215,2016,12,6,12,0,0,1,0,0,0,0,1,2,6,0,3,3,0
7027,2,4,212,2016,12,6,7,1,0,1,1,0,0,0,3,6,2,2,3,3,0
7028,4,13,432,2016,12,3,15,1,1,0,0,1,0,0,3,5,3,0,3,3,0
7029,4,2,404,2016,12,3,14,1,0,0,0,0,0,1,2,0,7,0,3,3,0
7030,5,2,508,2016,12,6,19,0,0,1,0,0,0,0,1,2,6,2,3,3,0
7031,4,5,408,2016,12,3,16,1,0,1,0,0,0,0,2,5,3,1,3,3,0
7032,1,11,129,2016,12,7,16,1,0,1,0,0,0,1,3,1,5,1,3,3,0
7033,5,12,520,2016,12,4,19,0,0,1,0,0,0,0,1,1,2,2,3,3,0
7034,5,4,512,2016,12,2,6,0,0,1,0,0,0,0,1,4,2,2,3,3,0
7035,5,3,510,2016,12,7,22,1,0,1,0,0,0,0,2,3,7,2,3,3,0
7036,1,12,130,2016,12,2,23,1,1,0,0,0,0,0,2,0,7,2,3,2,1
7037,2,8,220,2016,12,3,17,0,1,1,0,0,0,0,2,5,3,2,3,3,0
7038,4,9,424,2016,12,5,20,0,0,1,0,0,0,0,1,5,3,2,3,3,0
7039,3,3,314,2016,12,6,23,0,1,1,0,0,0,0,2,5,3,2,3,3,0
7040,5,12,520,2016,12,5,22,1,0,1,1,0,0,0,3,6,4,2,3,3,0
7041,4,10,427,2016,12,3,19,1,1,1,0,0,0,0,3,5,3,2,3,3,0
7042,3,3,313,2016,12,5,9,0,1,1,0,0,0,0,2,3,6,0,3,3,0
7043,1,3,108,2016,12,6,19,0,1,1,0,0,0,0,2,5,3,2,3,3,0
7044,4,6,415,2016,12,3,19,1,0,1,0,0,0,0,2,4,7,2,3,3,0
7045,2,1,203,2016,12,3,17,0,0,1,0,0,0,0,1,2,6,1,3,3,0
7046,4,12,431,2016,12,6,8,0,1,0,0,0,0,1,2,1,7,0,3,3,0
7047,1,11,129,2016,12,7,18,1,0,1,0,0,0,0,2,5,3,2,3,3,0
7048,1,11,128,2016,12,7,13,1,0,1,0,0,0,0,2,5,3,0,3,3,0
7049,4,13,432,2016,12,2,20,1,0,1,0,0,0,0,2,5,3,2,3,3,0
7050,4,2,403,2016,12,5,8,0,1,0,0,0,1,0,2,0,3,0,3,3,0
7051,3,1,309,2016,12,5,9,1,0,1,0,1,0,0,3,3,7,0,3,3,0
7052,4,5,409,2016,12,4,17,0,1,1,0,0,0,0,2,4,2,2,3,3,0
7053,2,5,217,2016,12,3,18,1,1,1,0,0,0,0,3,3,2,2,3,3,0
7054,3,1,309,2016,12,5,13,0,1,1,0,0,0,0,2,1,5,0,3,3,0
7055,2,8,220,2016,12,7,15,1,0,1,1,0,0,0,3,6,4,1,3,2,1
7056,5,11,519,2016,12,7,11,0,0,1,0,0,0,0,1,3,7,0,3,3,0
7057,4,10,429,2016,12,6,7,1,0,1,0,0,0,0,2,5,3,2,3,3,0
7058,5,18,526,2016,12,7,20,1,0,1,1,0,0,0,3,6,2,2,3,2,1
7059,5,11,519,2016,12,7,11,1,0,1,0,0,0,1,3,2,6,0,3,3,0
7060,5,10,518,2016,12,1,17,1,0,1,0,0,0,0,2,5,3,2,3,3,0
7061,1,4,111,2016,12,6,18,1,0,1,0,1,0,0,3,2,6,2,3,3,0
7062,1,19,140,2016,12,4,5,0,0,1,0,0,0,0,1,2,6,2,3,3,0
7063,4,5,410,2016,12,4,22,0,1,0,0,0,0,0,1,0,7,2,3,3,0
7064,2,7,219,2016,12,3,16,1,1,0,0,0,1,0,3,5,3,0,3,2,1
7065,4,9,425,2016,12,7,19,1,0,1,1,0,0,0,3,6,4,2,3,3,0
7066,5,1,503,2016,12,4,11,0,0,1,0,0,0,1,2,5,3,0,3,3,0
7067,1,3,108,2016,12,5,18,1,0,1,0,0,0,0,2,2,6,2,3,3,0
7068,5,2,508,2016,12,7,14,0,0,1,0,0,0,0,1,2,2,0,3,3,0
7069,4,13,432,2016,12,7,17,1,0,1,1,0,0,0,3,6,4,2,3,2,1
7070,3,8,320,2016,12,4,7,1,0,1,0,0,0,0,2,2,6,1,3,3,0
7071,6,1,601,2016,12,6,16,0,0,1,0,0,0,0,1,5,3,2,3,3,0
7072,6,2,602,2016,12,6,10,0,1,1,0,0,0,0,2,5,3,0,3,2,1
7073,4,5,410,2016,12,6,8,1,0,1,0,1,0,0,3,3,6,0,3,3,0
7074,1,3,107,2016,12,6,8,1,0,1,1,0,0,0,3,6,7,0,3,2,1
7075,3,5,317,2016,12,3,19,1,0,1,1,0,0,0,3,6,2,2,3,2,1
7076,3,1,310,2016,12,3,20,0,0,1,1,0,0,0,2,6,2,2,3,3,0
7077,5,5,513,2016,12,5,7,0,0,1,0,0,0,0,1,4,2,0,3,3,0
7078,4,10,426,2016,12,4,11,1,0,1,0,0,1,0,3,2,6,0,3,3,0
7079,4,5,409,2016,12,6,17,0,1,0,0,0,0,0,1,7,7,2,3,3,0
7080,7,1,702,2016,12,5,16,1,0,1,1,0,0,0,3,6,4,2,3,3,0
7081,6,2,603,2016,12,5,7,0,1,0,1,0,0,0,2,6,4,2,3,3,0
7082,5,17,525,2016,12,4,15,0,0,1,0,0,0,0,1,9,7,0,3,2,1
7083,4,6,414,2016,12,4,11,1,0,1,0,0,0,0,2,3,6,0,3,3,0
7084,5,1,501,2016,12,6,16,0,1,1,0,0,0,0,2,5,3,2,3,3,0
7085,4,8,423,2016,12,7,14,1,0,1,0,0,0,0,2,4,6,0,3,3,0
7086,2,10,222,2016,12,4,18,0,0,1,0,0,0,0,1,2,6,2,3,3,0
7087,1,1,101,2016,12,5,16,0,1,0,1,0,0,0,2,6,4,2,3,3,0
7088,5,1,504,2016,12,7,16,0,0,1,0,0,0,0,1,5,3,2,3,3,0
7089,4,8,423,2016,12,4,17,0,0,0,1,0,0,1,2,6,4,2,3,3,0
7090,1,4,111,2016,12,4,16,0,0,1,0,0,0,0,1,2,6,1,3,3,0
7091,4,6,415,2016,12,6,18,1,0,0,1,0,0,1,3,6,7,1,3,2,1
7092,1,16,136,2016,12,5,10,1,0,0,0,1,0,0,2,0,1,0,3,3,0
7093,5,18,526,2016,12,6,7,0,1,1,0,0,0,0,2,4,2,1,3,3,0
7094,2,4,213,2016,12,6,12,0,0,0,1,0,0,1,2,6,7,0,3,2,1
7095,1,12,130,2016,12,5,7,0,0,1,0,0,0,0,1,5,3,0,3,3,0
7096,2,4,213,2016,12,3,7,0,1,1,0,0,0,0,2,5,3,1,3,3,0
7097,2,1,201,2016,12,3,13,0,0,1,0,0,0,0,1,5,3,0,3,3,0
7098,3,8,320,2016,12,6,10,0,0,1,0,0,0,0,1,2,6,0,3,3,0
7099,3,8,320,2016,12,7,15,1,0,1,0,1,0,0,3,0,7,0,3,3,0
7100,2,11,223,2016,12,4,17,1,0,1,0,0,0,0,2,5,3,2,3,3,0
7101,5,4,512,2016,12,2,7,0,0,0,0,1,0,1,2,5,3,2,3,3,0
7102,4,8,421,2016,12,7,18,0,0,1,0,0,0,0,1,2,6,2,3,3,0
7103,5,8,516,2016,12,2,14,1,0,1,0,0,0,0,2,8,1,0,3,3,0
7104,2,1,201,2016,12,3,16,0,0,1,0,0,0,0,1,2,6,1,3,3,0
7105,4,13,432,2016,12,5,20,0,0,1,0,0,0,0,1,3,2,2,3,3,0
7106,3,2,312,2016,12,3,7,1,1,0,0,0,0,0,2,4,6,2,3,3,0
7107,2,14,227,2016,12,7,19,1,0,0,1,0,0,1,3,6,2,2,3,3,0
7108,2,8,220,2016,12,4,21,0,0,0,1,0,0,1,2,6,2,2,3,3,0
7109,5,18,526,2016,12,2,7,0,0,1,0,0,0,0,1,5,3,0,3,3,0
7110,2,8,220,2016,12,7,10,1,1,1,0,0,0,0,3,5,3,0,3,1,1
7111,1,1,101,2016,12,3,15,0,0,1,1,0,0,0,2,6,2,0,3,2,1
7112,5,4,512,2016,12,3,15,0,0,1,0,0,0,0,1,5,7,0,3,3,0
7113,6,2,602,2016,12,5,9,0,1,1,0,0,0,0,2,1,6,0,3,2,1
7114,5,18,526,2016,12,5,17,0,1,1,0,0,0,0,2,5,2,0,3,3,0
7115,6,2,602,2016,12,5,18,1,0,1,1,0,0,0,3,6,4,2,3,3,0
7116,2,1,201,2016,12,3,16,1,0,1,0,0,0,0,2,4,2,2,3,3,0
7117,1,3,105,2016,12,3,17,0,1,1,0,0,0,0,2,3,2,2,3,3,0
7118,2,7,219,2016,12,6,21,0,0,0,0,0,0,1,1,5,3,2,3,3,0
7119,2,11,223,2016,12,7,3,1,0,1,0,0,0,0,2,1,1,2,3,3,0
7120,5,6,514,2016,12,7,17,1,0,1,0,0,0,0,2,5,3,2,3,3,0
7121,1,11,128,2016,12,1,19,1,0,1,0,0,0,0,2,3,6,2,3,3,0
7122,1,1,101,2016,12,5,6,1,1,1,0,0,0,0,3,5,3,2,3,3,0
7123,2,8,220,2016,12,4,19,0,0,1,1,0,0,0,2,0,4,2,3,2,1
7124,5,4,512,2016,12,2,16,0,0,1,1,0,0,0,2,6,4,2,3,2,1
7125,5,5,513,2016,12,5,15,1,0,1,0,0,0,0,2,2,6,0,3,3,0
7126,4,8,419,2016,12,5,20,1,0,1,0,0,0,0,2,5,3,2,3,2,1
7127,5,18,526,2016,12,2,18,0,0,1,1,0,0,0,2,6,3,2,3,2,1
7128,1,18,139,2016,12,3,14,0,0,0,0,0,1,0,1,8,1,0,3,3,0
7129,1,3,108,2016,12,5,13,0,0,0,1,0,0,1,2,0,7,0,3,2,1
7130,4,11,430,2016,12,7,10,1,0,1,1,0,0,0,3,6,4,0,3,2,1
7131,3,7,319,2016,12,1,17,0,0,1,1,0,0,0,2,6,4,2,3,3,0
7132,5,2,509,2016,12,5,12,0,0,1,0,0,0,0,1,8,1,0,3,3,0
7133,6,1,601,2016,12,4,13,0,0,1,1,0,0,0,2,6,3,0,3,3,0
7134,3,2,311,2016,12,4,13,1,1,1,0,0,0,0,3,3,2,0,3,3,0
7135,5,2,509,2016,12,2,14,0,1,1,0,0,0,0,2,0,7,0,3,2,1
7136,3,6,318,2016,12,7,19,1,0,1,0,0,0,0,2,3,7,2,3,3,0
7137,1,15,134,2016,12,3,22,0,0,0,0,1,0,0,1,0,7,2,3,3,0
7138,7,13,714,2016,12,4,7,1,0,1,1,0,0,0,3,6,4,2,3,2,1
7139,2,4,212,2016,12,7,19,0,0,1,0,0,0,0,1,5,3,2,3,3,0
7140,1,4,110,2016,12,7,20,1,0,1,1,0,0,0,3,6,4,2,3,2,1
7141,2,3,210,2016,12,5,6,0,0,1,0,0,0,1,2,4,2,2,3,3,0
7142,4,2,403,2016,12,4,14,0,0,1,0,0,0,0,1,1,6,0,3,3,0
7143,6,2,602,2016,12,6,0,0,0,1,0,0,0,0,1,9,1,2,3,3,0
7144,7,16,717,2016,12,4,7,1,0,0,0,1,0,0,2,0,7,1,3,3,0
7145,1,4,109,2016,12,7,1,0,0,1,1,0,0,0,2,6,4,2,3,3,0
7146,2,4,211,2016,12,7,10,1,0,1,0,0,0,0,2,2,6,0,3,3,0
7147,4,10,429,2016,12,6,8,0,0,1,0,0,0,1,2,5,3,0,3,3,0
7148,5,7,515,2016,12,5,7,0,0,1,1,0,0,0,2,6,2,1,3,3,0
7149,5,5,513,2016,12,5,20,0,0,1,0,0,0,0,1,1,5,2,3,3,0
7150,6,9,610,2016,12,3,12,0,1,1,0,0,0,0,2,5,3,0,3,3,0
7151,3,6,318,2016,12,6,17,1,0,1,1,0,0,0,3,6,7,2,3,3,0
7152,1,4,110,2016,12,7,0,0,0,1,1,0,0,0,2,6,4,2,3,2,1
7153,1,12,130,2016,12,3,16,0,0,1,1,0,0,0,2,6,4,2,3,3,0
7154,7,4,705,2016,12,4,20,1,0,1,0,0,0,0,2,5,2,2,3,3,0
7155,2,1,206,2016,12,7,16,0,0,0,0,0,0,1,1,0,2,1,3,3,0
7156,1,6,115,2016,12,4,17,0,0,1,0,0,0,0,1,2,6,2,3,3,0
7157,1,5,113,2016,12,4,16,0,1,1,0,0,0,0,2,5,3,2,3,3,0
7158,2,3,210,2016,12,6,11,0,0,1,0,0,0,0,1,3,2,0,3,3,0
7159,4,4,407,2016,12,5,6,1,0,1,1,0,0,0,3,6,4,2,3,3,0
7160,1,1,101,2016,12,6,22,0,0,1,0,0,0,0,1,4,7,2,3,3,0
7161,4,13,432,2016,12,5,17,1,1,0,0,0,0,1,3,5,3,2,3,3,0
7162,5,2,507,2016,12,2,14,0,0,1,0,0,0,0,1,2,6,0,3,3,0
7163,7,1,701,2016,12,2,15,0,0,1,1,0,0,0,2,6,2,0,3,3,0
7164,1,11,129,2016,12,6,15,0,0,1,1,0,0,0,2,0,5,0,3,3,0
7165,2,11,223,2016,12,6,14,0,0,1,0,0,0,0,1,4,7,0,3,2,1
7166,4,10,427,2016,12,5,17,1,0,1,0,0,0,1,3,2,6,2,3,3,0
7167,4,13,432,2016,12,2,17,0,0,1,1,0,0,0,2,6,4,2,3,2,1
7168,7,4,705,2016,12,2,11,1,0,1,0,0,0,0,2,5,3,0,3,3,0
7169,3,2,312,2016,12,6,17,0,0,1,0,0,0,1,2,3,2,2,3,3,0
7170,4,8,423,2016,12,2,11,0,0,1,0,0,0,1,2,2,6,0,3,3,0
7171,1,3,108,2016,12,7,20,0,0,1,1,0,0,0,2,6,7,2,3,3,0
7172,1,6,116,2016,12,3,9,0,0,1,0,0,0,0,1,5,3,0,3,3,0
7173,5,2,505,2016,12,2,18,0,0,1,1,0,0,0,2,6,4,2,3,3,0
7174,1,18,139,2016,12,7,10,0,0,1,0,0,0,0,1,5,3,0,3,3,0
7175,7,9,710,2016,12,2,19,1,1,0,0,0,0,1,3,4,3,2,3,3,0
7176,5,7,515,2016,12,3,13,0,0,1,1,0,0,0,2,6,7,0,3,3,0
7177,5,18,526,2016,12,5,16,0,0,1,0,0,0,1,2,5,3,2,3,3,0
7178,4,5,413,2016,12,5,11,0,1,0,1,0,0,0,2,6,7,0,3,3,0
7179,1,6,118,2016,12,5,17,1,0,1,1,0,0,0,3,3,2,1,3,2,1
7180,4,2,405,2016,12,2,7,1,1,0,0,0,0,1,3,5,3,1,3,3,0
7181,7,2,703,2016,12,2,13,0,0,1,0,0,0,1,2,2,6,0,3,3,0
7182,1,11,128,2016,12,4,6,1,0,1,1,0,0,0,3,6,4,2,3,3,0
7183,3,1,310,2016,12,6,11,0,0,1,0,0,0,0,1,1,6,0,3,3,0
7184,1,19,140,2016,12,6,17,1,0,1,0,0,0,1,3,3,6,2,3,3,0
7185,5,7,515,2016,12,7,21,0,0,0,1,0,0,1,2,6,7,2,3,3,0
7186,1,5,114,2016,12,6,14,0,0,1,0,0,0,0,1,2,6,0,3,3,0
7187,7,1,702,2016,12,6,10,0,0,1,0,0,0,0,1,1,6,0,3,2,1
7188,1,20,141,2016,12,6,11,0,0,1,0,0,0,1,2,5,3,0,3,3,0
7189,5,7,515,2016,12,2,19,1,0,0,1,0,0,1,3,6,4,2,3,2,1
7190,3,8,320,2016,12,5,12,0,1,1,0,0,0,0,2,5,3,0,3,2,1
7191,2,8,220,2016,12,5,6,1,0,1,1,0,0,0,3,6,4,2,3,2,1
7192,4,9,424,2016,12,3,16,0,0,1,1,0,0,0,2,6,4,2,3,3,0
7193,3,9,321,2016,12,2,6,1,0,0,1,0,0,1,3,6,6,2,3,3,0
7194,5,4,512,2016,12,4,16,0,0,1,0,0,0,0,1,3,7,2,3,3,0
7195,4,8,423,2016,12,7,13,0,0,1,0,0,0,0,1,5,3,0,3,3,0
7196,7,14,715,2016,12,7,12,0,0,1,1,0,0,0,2,6,4,0,3,3,0
7197,5,8,516,2016,12,6,16,0,1,1,0,0,0,0,2,5,3,2,3,3,0
7198,4,8,420,2016,12,5,18,0,1,1,0,0,0,0,2,0,7,2,3,3,0
7199,1,5,114,2016,12,6,1,0,1,0,0,0,0,0,1,0,7,2,3,2,1
7200,5,2,508,2016,12,4,0,0,1,0,0,0,0,0,1,0,7,2,3,3,0
7201,5,6,514,2016,12,1,12,1,0,1,0,0,0,0,2,3,5,0,3,3,0
7202,3,9,321,2016,12,5,8,0,1,1,0,0,0,0,2,4,2,0,3,3,0
7203,1,20,141,2016,12,4,5,0,0,1,0,0,0,0,1,3,5,2,3,3,0
7204,5,7,515,2016,12,3,12,0,1,0,0,0,0,0,1,0,7,0,3,3,0
7205,2,3,210,2016,12,2,18,0,0,1,0,0,0,1,2,0,2,2,3,3,0
7206,4,12,431,2016,12,3,12,0,0,1,0,0,0,1,2,5,3,0,3,3,0
7207,5,7,515,2016,12,4,7,1,1,1,0,0,0,0,3,4,2,1,3,2,1
7208,7,1,701,2016,12,6,16,1,0,1,1,0,0,0,3,6,7,1,3,3,0
7209,3,9,321,2016,12,4,21,1,1,1,0,0,0,0,3,5,3,2,3,3,0
7210,1,3,108,2016,12,7,22,0,0,1,1,0,0,0,2,6,4,2,3,2,1
7211,7,1,701,2016,12,6,11,0,0,1,1,0,0,0,2,0,7,0,3,3,0
7212,5,16,524,2016,12,6,8,1,1,1,0,0,0,0,3,5,3,1,3,3,0
7213,3,8,320,2016,12,5,7,0,0,1,0,0,0,0,1,2,6,1,3,3,0
7214,1,16,136,2016,12,2,14,0,1,0,0,0,0,1,2,0,7,0,3,3,0
7215,5,18,526,2016,12,5,14,0,0,1,0,0,0,0,1,5,3,0,3,3,0
7216,1,8,121,2017,1,4,9,0,0,1,0,0,0,0,1,2,6,3,0,3,0
7217,6,9,610,2017,1,7,19,0,0,1,0,0,0,0,1,2,6,3,0,3,0
7218,1,16,136,2017,2,4,9,0,0,1,0,0,0,0,1,2,6,3,1,3,0
7219,4,8,419,2017,2,7,10,0,0,1,1,0,0,0,2,6,4,3,1,3,0
7220,7,8,709,2017,2,6,14,0,0,1,0,0,0,0,1,8,1,3,0,2,1
7221,3,5,317,2017,2,5,9,0,0,0,0,1,0,0,1,0,7,3,0,1,1
7222,1,16,136,2017,1,2,15,0,0,1,0,0,0,0,1,2,6,3,0,2,1
7223,3,8,320,2017,1,5,16,0,0,1,0,0,0,0,1,2,6,3,0,3,0
7224,1,14,133,2017,1,3,7,0,0,1,0,0,0,0,1,2,6,3,0,3,0
7225,2,5,217,2017,2,7,17,0,0,1,0,0,0,0,1,2,6,3,0,3,0
7226,2,7,219,2017,2,5,17,0,0,1,0,0,0,1,2,2,6,3,0,3,0
7227,4,2,405,2017,1,4,17,0,0,1,0,0,0,0,1,3,6,3,1,3,0
7228,4,7,416,2017,1,2,17,0,0,1,0,0,0,0,1,2,6,3,1,3,0
7229,3,9,321,2017,1,6,16,0,0,1,0,0,0,0,1,4,2,3,1,2,1
7230,4,6,415,2017,2,3,18,0,0,1,0,0,0,0,1,2,6,3,0,3,0
7231,3,4,316,2017,2,1,5,0,0,1,0,0,0,0,1,5,3,3,1,3,0
7232,3,1,306,2017,1,2,6,0,0,1,0,0,0,0,1,2,6,3,0,3,0
7233,3,9,321,2017,1,6,17,0,1,1,0,0,0,0,2,5,3,3,0,3,0
7234,7,13,714,2017,1,3,13,0,0,1,0,0,0,0,1,3,6,3,1,3,0
7235,1,16,136,2017,2,6,14,0,0,1,0,0,0,1,2,1,6,3,0,3,0
7236,3,6,318,2017,2,5,7,0,0,1,0,0,0,1,2,0,6,3,0,3,0
7237,2,1,206,2017,2,4,18,0,1,1,0,0,0,0,2,4,2,3,0,3,0
7238,1,16,136,2017,2,6,7,0,0,1,0,0,0,0,1,2,6,3,1,3,0
7239,6,11,612,2017,2,5,6,0,0,1,0,0,0,1,2,3,6,3,0,2,1
7240,1,12,130,2017,2,3,7,0,0,1,0,0,0,0,1,3,6,3,1,3,0
7241,4,5,409,2017,1,4,17,0,1,0,1,0,0,0,2,6,7,3,0,2,1
7242,3,4,316,2017,1,2,17,0,1,1,0,0,0,0,2,1,5,3,0,3,0