SN,District,Imperial_Circle,Community,Year,Month,Weekday,Hour,Road,Cycle,Car,Pedestrians,Motorcycle,Goods Vehicle,Others,Total,Collision Type,Accident Type,Light Condition,Road Condition,Accident_Severity,Tend_to_Death
7545,3,5,317,2017,12,1,21,0,0,0,0,1,0,0,1,0,1,3,2,3,0
7546,2,7,219,2017,5,4,16,0,0,1,0,1,0,0,2,2,6,3,0,3,0
7547,7,14,715,2017,12,6,21,0,0,1,0,1,0,0,2,4,2,3,0,2,1
7548,2,6,218,2017,5,4,13,0,0,1,0,0,0,0,1,2,6,3,0,3,0
7549,6,2,602,2017,12,6,7,0,1,0,1,0,0,0,2,6,6,3,0,2,1
7550,7,14,715,2017,5,3,15,0,0,0,0,0,0,1,1,2,6,3,1,3,0
7551,7,3,704,2017,5,3,15,0,0,1,0,0,0,0,1,9,1,3,1,3,0
7552,2,12,225,2017,9,1,17,0,0,1,0,0,0,0,1,4,2,3,0,3,0
7553,4,5,409,2017,5,3,16,0,0,1,0,0,0,0,1,2,6,3,0,3,0
7554,1,6,115,2017,5,2,16,0,0,0,0,1,0,0,1,0,1,3,0,3,0
7555,4,1,402,2017,5,2,8,0,1,0,0,0,0,1,2,5,2,3,0,3,0
7556,3,8,320,2017,12,6,17,0,0,1,0,0,0,1,2,3,6,3,2,3,0
7557,7,13,714,2017,5,1,13,0,0,1,0,0,0,1,2,8,2,3,0,3,0
7558,2,5,217,2017,12,6,7,0,1,0,1,0,0,0,2,6,7,3,0,3,0
7559,3,9,321,2017,12,5,19,0,1,1,0,0,0,0,2,5,3,3,1,3,0
7560,6,2,603,2017,5,1,5,0,0,1,0,0,0,0,1,8,1,3,0,3,0
7561,1,12,130,2017,5,1,13,0,0,1,0,0,0,0,1,2,6,3,0,3,0
7562,2,9,221,2017,12,5,12,0,0,1,0,0,0,0,1,2,6,3,1,3,0
7563,1,11,129,2017,5,1,11,0,0,1,0,0,0,0,1,2,6,3,0,3,0
7564,3,5,317,2017,5,1,22,0,0,1,0,0,0,0,1,3,6,3,0,3,0
7565,3,1,304,2017,12,5,16,0,0,1,0,0,0,0,1,5,3,3,1,3,0
7566,2,9,221,2017,5,7,11,0,1,1,0,0,0,0,2,3,2,3,0,3,0
7567,2,5,215,2017,5,7,10,0,0,1,0,0,0,0,1,3,6,3,0,3,0
7568,1,1,101,2017,12,5,1,0,0,1,0,0,0,0,1,4,2,3,1,3,0
7569,3,5,317,2017,5,7,19,0,0,1,0,0,0,1,2,2,6,3,0,3,0
7570,7,10,711,2017,12,4,17,0,0,1,0,1,0,0,2,4,2,3,1,2,1
7571,3,5,317,2017,5,7,10,0,0,1,0,0,0,0,1,2,6,3,0,3,0
7572,4,5,409,2017,12,4,19,0,0,1,0,0,0,1,2,2,6,3,1,3,0
7573,4,5,409,2017,12,4,7,0,1,1,0,0,0,0,2,3,2,3,1,3,0
7574,3,6,318,2017,9,7,18,0,0,1,0,1,0,0,2,5,7,3,0,2,1
7575,1,4,111,2017,5,7,17,0,0,1,0,1,0,0,2,3,6,3,0,3,0
7576,2,14,227,2017,12,4,21,0,0,1,0,0,0,0,1,5,3,3,1,3,0
7577,3,7,319,2017,9,7,13,0,0,1,0,0,0,0,1,5,3,3,0,3,0
7578,1,3,106,2017,5,7,3,0,0,1,1,0,0,0,2,6,4,3,1,1,1
7579,2,5,215,2017,12,4,17,0,0,1,0,0,0,0,1,2,2,3,1,3,0
7580,6,1,601,2017,9,6,6,0,0,1,0,0,0,0,1,3,7,3,0,3,0
7581,1,7,120,2017,9,6,15,0,0,1,0,0,0,0,1,2,6,3,0,3,0
7582,4,2,403,2017,12,4,13,0,0,0,0,1,0,1,2,4,7,3,1,2,1
7583,3,8,320,2017,9,6,11,0,0,1,0,0,0,1,2,5,3,3,0,3,0
7584,1,1,101,2017,9,6,17,0,1,0,0,0,0,0,1,4,6,3,0,3,0
7585,1,3,106,2017,9,6,13,0,0,1,0,0,0,0,1,3,6,3,0,3,0
7586,7,14,715,2017,8,5,14,0,1,1,0,0,0,0,2,5,3,3,0,3,0
7587,7,10,711,2017,8,5,6,0,0,1,0,0,0,0,1,5,3,3,0,3,0
7588,2,9,221,2017,8,5,5,0,1,0,0,0,0,1,2,4,2,3,1,3,0
7589,1,3,106,2017,12,4,16,0,0,1,1,0,0,0,2,6,3,3,1,3,0
7590,2,5,216,2017,8,5,13,0,0,0,0,0,0,1,1,5,2,3,0,3,0
7591,7,2,703,2017,12,3,8,0,0,1,0,0,0,1,2,2,6,3,1,3,0
7592,7,2,703,2017,8,4,7,0,0,1,0,0,0,0,1,2,6,3,0,3,0
7593,4,2,403,2017,8,4,6,0,1,1,0,0,0,0,2,5,3,3,0,3,0
7594,6,11,612,2017,8,3,15,0,0,1,0,0,0,1,2,3,6,3,0,2,1
7595,3,1,307,2017,8,3,14,0,0,1,0,0,0,1,2,0,7,3,0,3,0
7596,7,13,714,2017,8,2,16,0,0,1,0,0,0,0,1,2,6,3,0,3,0
7597,6,2,602,2017,8,2,15,0,1,0,1,0,0,0,2,6,3,3,0,3,0
7598,7,14,715,2017,5,6,17,0,1,1,0,0,0,0,2,5,3,3,0,3,0
7599,1,7,119,2017,8,2,17,0,0,0,1,0,0,1,2,6,4,3,0,2,1
7600,3,9,321,2017,8,2,12,0,0,1,0,0,0,1,2,5,3,3,0,3,0
7601,2,9,221,2017,8,2,20,0,1,1,0,0,0,0,2,3,2,3,0,2,1
7602,2,5,216,2017,5,6,22,0,0,1,0,0,0,0,1,2,6,3,1,3,0
7603,1,4,110,2017,8,2,7,0,0,1,0,0,0,1,2,2,6,3,0,3,0
7604,1,6,115,2017,5,5,7,0,0,1,0,0,0,0,1,1,6,3,0,3,0
7605,7,14,715,2017,8,7,16,0,1,1,0,0,0,0,2,0,7,3,0,3,0
7606,2,3,208,2017,5,5,20,0,1,0,0,0,0,0,1,5,3,3,0,3,0
7607,3,7,319,2017,8,7,12,0,0,1,0,0,0,0,1,5,3,3,0,3,0
7608,2,3,209,2017,8,7,10,0,1,1,0,0,0,0,2,5,3,3,0,3,0
7609,1,1,102,2017,8,7,10,0,0,1,0,0,0,1,2,2,6,3,0,3,0
7610,7,13,714,2017,5,4,6,0,1,0,0,0,0,1,2,0,5,3,0,3,0
7611,1,16,136,2017,8,6,12,0,0,1,0,0,0,0,1,3,6,3,0,3,0
7612,7,9,710,2017,5,4,18,0,0,1,0,1,0,0,2,5,3,3,0,2,1
7613,2,5,216,2017,8,6,16,0,0,1,0,0,0,0,1,2,6,3,0,3,0
7614,1,7,119,2017,8,5,6,0,0,1,0,0,0,1,2,3,6,3,0,3,0
7615,4,2,403,2017,5,4,8,0,0,1,0,0,0,0,1,2,6,3,0,3,0
7616,7,10,711,2017,5,3,16,0,0,1,0,0,0,0,1,5,2,3,1,3,0
7617,1,3,106,2017,8,5,12,0,0,1,0,0,0,0,1,5,2,3,0,3,0
7618,7,10,711,2017,5,3,11,0,0,1,0,0,0,0,1,5,3,3,1,3,0
7619,2,12,225,2017,5,3,16,0,0,1,0,0,0,0,1,3,6,3,1,3,0
7620,1,16,137,2017,8,4,12,0,0,0,0,1,0,0,1,9,1,3,0,2,1
7621,3,7,319,2017,5,3,5,0,0,1,0,0,0,0,1,3,6,3,1,3,0
7622,3,1,306,2017,5,3,11,0,0,1,0,0,0,1,2,2,6,3,1,3,0
7623,6,11,612,2017,5,2,5,0,0,0,0,0,0,1,1,8,7,3,0,3,0
7624,1,12,130,2017,5,2,15,0,0,1,0,0,0,1,2,2,6,3,0,2,1
7625,1,4,110,2017,12,3,17,0,0,1,0,0,0,1,2,3,6,3,1,3,0
7626,3,8,320,2017,5,2,17,0,0,1,0,0,0,0,1,2,6,3,0,3,0
7627,2,6,218,2017,5,2,12,0,0,1,0,0,0,0,1,3,6,3,0,3,0
7628,4,6,415,2017,12,2,16,0,0,1,0,0,0,0,1,2,6,3,1,3,0
7629,6,1,601,2017,5,1,19,0,0,1,0,0,0,0,1,2,6,3,0,3,0
7630,1,3,107,2017,5,7,1,0,0,1,0,0,0,0,1,2,6,3,1,3,0
7631,3,1,306,2017,12,2,14,0,1,1,0,0,0,0,2,5,7,3,1,3,0
7632,1,16,136,2017,5,6,16,0,0,1,0,0,0,0,1,3,6,3,0,2,1
7633,3,5,317,2017,12,2,16,0,1,0,0,0,0,1,2,3,6,3,1,3,0
7634,2,9,221,2017,5,6,13,0,1,0,0,0,0,0,1,3,6,3,1,3,0
7635,1,4,111,2017,12,2,13,0,1,1,0,0,0,0,2,5,3,3,1,3,0
7636,3,7,319,2017,5,6,13,0,0,1,0,0,0,1,2,5,3,3,0,3,0
7637,7,14,715,2017,12,1,23,0,0,1,0,0,0,1,2,4,6,3,2,3,0
7638,3,9,321,2017,12,1,21,0,0,1,0,0,0,0,1,3,6,3,1,3,0
7639,1,6,117,2017,5,5,15,0,0,1,0,0,0,0,1,2,6,3,0,3,0
7640,3,9,321,2017,12,7,10,0,0,1,0,0,0,0,1,5,3,3,1,3,0
7641,2,5,216,2017,8,4,18,0,0,1,0,0,0,0,1,2,6,3,0,3,0
7642,1,8,125,2017,5,5,13,0,0,1,0,0,0,0,1,2,6,3,0,3,0
7643,2,5,215,2017,8,4,20,0,0,1,0,0,0,1,2,3,6,3,0,3,0
7644,3,5,317,2017,12,7,12,0,0,1,0,0,0,1,2,3,2,3,1,3,0
7645,3,7,319,2017,8,4,7,0,0,1,0,1,0,0,2,4,2,3,0,3,0
7646,4,2,403,2017,8,4,13,0,1,0,0,0,0,0,1,3,6,3,0,3,0
7647,2,3,209,2017,8,4,4,0,0,1,0,1,0,0,2,1,5,3,0,2,1
7648,1,4,111,2017,8,4,14,0,0,1,0,1,0,1,3,3,6,3,0,2,1
7649,1,1,101,2017,8,4,17,0,0,0,0,1,0,0,1,0,7,3,0,2,1
7650,2,6,218,2017,8,3,8,0,1,1,0,0,0,0,2,3,2,3,0,3,0
7651,6,1,601,2017,12,6,15,0,0,1,0,0,0,0,1,2,6,3,1,3,0
7652,1,16,136,2017,8,2,18,0,0,1,0,0,0,0,1,2,6,3,0,3,0
7653,1,12,130,2017,12,6,15,0,0,1,0,0,0,0,1,2,6,3,1,3,0
7654,3,9,321,2017,12,6,9,0,1,0,0,0,0,1,2,3,2,3,1,3,0
7655,2,9,221,2017,12,6,18,0,0,1,0,0,0,0,1,4,2,3,0,3,0
7656,2,5,216,2017,12,6,13,0,0,1,1,0,0,0,2,6,4,3,1,3,0
7657,2,7,219,2017,12,6,13,0,0,1,0,0,0,0,1,2,6,3,1,3,0
7658,1,12,130,2017,8,2,18,0,0,0,0,1,0,0,1,8,7,3,0,3,0
7659,1,2,104,2017,8,1,1,0,0,1,0,0,0,0,1,3,6,3,0,3,0
7660,4,8,418,2017,8,1,17,0,1,1,0,0,0,0,2,4,2,3,1,3,0
7661,3,8,320,2017,8,1,13,0,0,1,0,0,0,0,1,4,2,3,0,3,0
7662,7,13,714,2017,8,7,1,0,0,1,0,0,0,0,1,4,2,3,1,3,0
7663,1,6,117,2017,8,7,21,0,0,0,0,1,0,0,1,0,1,3,1,3,0
7664,3,7,319,2017,8,7,13,0,0,1,0,0,0,0,1,2,6,3,1,3,0
7665,3,5,317,2017,12,6,11,0,0,1,0,0,0,0,1,3,2,3,1,3,0
7666,1,19,140,2017,8,6,13,0,0,1,0,0,0,0,1,2,6,3,0,3,0
7667,1,1,102,2017,8,6,10,0,0,1,0,0,0,0,1,2,6,3,0,3,0
7668,1,14,133,2017,8,5,18,0,0,1,0,0,0,0,1,2,6,3,1,3,0
7669,3,4,316,2017,8,5,17,0,1,1,0,0,0,0,2,3,2,3,1,3,0
7670,1,8,124,2017,8,4,18,0,0,1,0,0,0,0,1,1,6,3,0,3,0
7671,1,12,130,2017,12,5,21,0,0,1,0,0,0,1,2,3,1,3,1,3,0
7672,2,3,209,2017,8,4,18,0,0,1,0,0,0,0,1,2,6,3,0,3,0
7673,2,1,206,2017,8,4,13,0,0,1,0,0,0,1,2,3,6,3,0,3,0
7674,7,2,703,2017,8,3,10,0,0,1,0,0,0,0,1,0,7,3,0,3,0
7675,1,16,136,2017,8,3,13,0,0,1,0,0,0,1,2,2,6,3,0,3,0
7676,1,16,135,2017,8,3,13,0,0,1,0,0,0,1,2,3,6,3,0,3,0
7677,4,7,417,2017,8,3,13,0,0,1,0,1,0,0,2,3,2,3,0,3,0
7678,3,5,317,2017,8,3,12,0,1,0,1,0,0,0,2,6,3,3,0,3,0
7679,2,3,208,2017,8,3,1,0,1,0,1,0,0,0,2,6,6,3,0,3,0
7680,2,14,227,2017,8,2,17,0,0,1,0,0,0,0,1,2,6,3,0,3,0
7681,1,8,124,2017,5,4,18,0,1,1,0,0,0,0,2,3,2,3,0,3,0
7682,2,5,216,2017,8,2,9,0,1,1,0,0,0,0,2,3,2,3,0,3,0
7683,3,6,318,2017,8,2,15,0,0,1,0,0,0,0,1,9,7,3,0,3,0
7684,1,6,115,2017,5,4,9,0,0,1,0,1,0,1,3,1,6,3,1,2,1
7685,2,3,209,2017,8,2,9,0,0,1,0,0,0,1,2,2,6,3,0,3,0
7686,1,7,120,2017,8,1,11,0,0,1,0,0,0,0,1,4,2,3,0,3,0
7687,2,12,225,2017,5,4,12,0,0,1,0,0,0,0,1,2,6,3,0,3,0
7688,3,9,321,2017,8,1,7,0,0,1,0,0,0,0,1,1,6,3,0,3,0
7689,1,4,110,2017,5,4,10,0,0,1,0,0,0,1,2,3,6,3,0,3,0
7690,7,4,705,2017,8,7,17,0,0,1,0,0,0,0,1,3,6,3,1,3,0
7691,6,1,601,2017,5,3,16,0,0,1,0,0,0,0,1,2,6,3,0,3,0
7692,1,6,117,2017,12,5,21,0,0,1,0,0,0,0,1,4,2,3,1,3,0
7693,2,5,216,2017,5,3,17,0,0,1,0,0,0,0,1,2,6,3,0,3,0
7694,3,1,306,2017,5,3,16,0,1,0,1,0,0,0,2,6,4,3,0,3,0
7695,2,5,216,2017,12,5,13,0,0,1,0,0,0,0,1,5,2,3,0,3,0
7696,3,4,316,2017,5,3,18,0,1,0,0,0,0,1,2,5,2,3,0,3,0
7697,7,10,711,2017,5,2,23,0,0,0,0,0,0,1,1,2,6,3,0,3,0
7698,1,1,102,2017,12,5,8,0,0,1,0,1,0,0,2,3,6,3,0,3,0
7699,6,9,610,2017,5,1,15,0,0,1,0,0,0,1,2,3,6,3,0,3,0
7700,3,4,316,2017,5,1,15,0,1,1,0,0,0,0,2,5,3,3,0,3,0
7701,7,9,710,2017,12,4,7,0,0,1,0,0,0,1,2,3,6,3,0,3,0
7702,7,8,709,2017,5,7,16,0,0,1,0,0,0,0,1,5,3,3,0,3,0
7703,3,8,320,2017,12,4,6,0,0,1,0,0,0,0,1,2,6,3,1,3,0
7704,6,9,610,2017,5,7,16,0,0,1,0,0,0,0,1,8,1,3,0,2,1
7705,3,9,321,2017,12,4,7,0,0,1,0,0,0,0,1,5,3,3,0,3,0
7706,3,5,317,2017,5,7,16,0,0,1,0,0,0,0,1,3,7,3,0,3,0
7707,2,3,208,2017,12,4,19,0,0,1,0,0,0,0,1,4,2,3,0,3,0
7708,3,8,320,2017,12,3,9,0,0,1,0,0,0,1,2,2,6,3,1,3,0
7709,1,1,102,2017,5,7,17,0,1,0,1,0,0,0,2,0,7,3,0,3,0
7710,2,9,221,2017,12,3,13,0,0,1,0,1,0,0,2,0,6,3,1,3,0
7711,1,12,130,2017,5,6,13,0,0,1,0,0,0,1,2,2,6,3,1,3,0
7712,2,5,215,2017,12,3,8,0,1,0,0,0,0,1,2,0,1,3,1,3,0
7713,2,7,219,2017,8,7,12,0,0,1,0,0,0,0,1,2,7,3,1,3,0
7714,4,2,404,2017,8,7,17,0,0,1,0,0,0,0,1,3,2,3,1,3,0
7715,1,15,134,2017,5,6,6,0,0,1,0,0,0,0,1,1,6,3,0,3,0
7716,4,13,432,2017,8,6,2,0,0,1,0,0,0,0,1,8,1,3,0,2,1
7717,3,7,319,2017,8,6,17,0,0,1,0,0,0,1,2,2,6,3,1,3,0
7718,3,7,319,2017,12,3,17,0,0,1,1,0,0,0,2,6,4,3,0,2,1
7719,4,2,405,2017,8,6,14,0,0,1,0,0,0,1,2,4,7,3,1,2,1
7720,7,10,711,2017,12,2,10,0,0,1,0,0,0,0,1,2,6,3,1,3,0
7721,6,10,611,2017,12,2,7,0,0,1,0,0,0,0,1,3,6,3,1,3,0
7722,1,8,124,2017,12,2,7,0,1,1,0,0,0,0,2,5,2,3,1,3,0
7723,4,5,409,2017,12,2,16,0,1,0,0,0,0,0,1,4,6,3,0,3,0
7724,2,13,226,2017,12,2,18,0,1,0,0,0,0,0,1,0,7,3,0,3,0
7725,2,5,216,2017,12,2,17,0,0,1,0,0,0,0,1,2,6,3,0,3,0
7726,3,8,320,2017,5,6,15,0,0,1,0,0,0,0,1,2,6,3,1,2,1
7727,3,7,319,2017,12,2,7,0,0,1,0,0,0,0,1,4,7,3,0,3,0
7728,2,5,216,2017,5,6,14,0,0,1,0,0,0,0,1,2,6,3,1,3,0
7729,7,14,715,2017,12,1,19,0,0,1,1,0,0,0,2,6,2,3,1,3,0
7730,3,7,319,2017,5,6,20,0,0,1,0,0,0,1,2,1,6,3,0,3,0
7731,3,7,319,2017,5,6,2,0,0,0,0,0,0,1,1,8,1,3,1,3,0
7732,4,5,411,2017,12,1,16,0,0,1,0,0,0,0,1,1,6,3,1,3,0
7733,6,1,601,2017,5,4,12,0,1,1,0,0,0,0,2,5,3,3,0,2,1
7734,3,6,318,2017,12,1,19,0,0,1,0,0,0,0,1,4,2,3,1,3,0
7735,1,12,130,2017,5,4,7,0,0,1,0,1,0,0,2,3,6,3,0,3,0
7736,6,11,612,2017,12,7,23,0,0,1,0,0,0,0,1,2,6,3,1,3,0
7737,1,1,102,2017,5,3,17,0,0,1,0,0,0,0,1,2,6,3,1,3,0
7738,6,1,601,2017,12,7,13,0,0,1,0,0,0,0,1,2,6,3,0,3,0
7739,4,2,403,2017,12,7,17,0,0,1,0,0,0,0,1,2,6,3,0,3,0
7740,1,15,134,2017,5,2,18,0,0,1,0,0,0,0,1,0,6,3,0,3,0
7741,6,11,612,2017,12,6,22,0,0,1,0,0,0,0,1,9,1,3,0,2,1
7742,3,5,317,2017,8,6,21,0,0,1,0,0,0,0,1,1,6,3,1,3,0
7743,3,9,321,2017,5,2,11,0,0,1,0,0,0,0,1,5,2,3,0,3,0
7744,1,6,115,2017,12,6,14,0,0,1,0,0,0,0,1,1,6,3,0,3,0
7745,3,8,320,2017,8,5,8,0,0,1,0,0,0,1,2,3,6,3,0,3,0
7746,1,8,124,2017,12,6,20,0,0,1,0,0,0,0,1,4,2,3,0,2,1
7747,1,19,140,2017,8,5,15,0,0,1,0,0,0,0,1,2,6,3,0,3,0
7748,2,5,216,2017,8,5,17,0,1,0,0,0,0,1,2,5,2,3,0,3,0
7749,3,1,304,2017,8,5,11,0,0,1,0,1,0,0,2,2,6,3,0,2,1
7750,1,4,111,2017,8,5,8,0,1,1,0,0,0,0,2,5,3,3,0,3,0
7751,1,16,135,2017,8,4,21,0,0,1,0,0,0,0,1,8,1,3,0,3,0
7752,3,8,320,2017,8,4,13,0,0,1,0,0,0,1,2,3,2,3,0,3,0
7753,4,5,412,2017,11,5,15,0,1,1,0,0,0,0,2,3,2,3,0,3,0
7754,1,7,119,2017,8,3,7,0,1,0,1,0,0,0,2,6,7,3,0,3,0
7755,1,19,140,2017,11,5,11,0,0,1,0,0,0,1,2,3,6,3,0,2,1
7756,4,5,411,2017,8,2,17,0,1,0,1,0,0,0,2,6,3,3,0,2,1
7757,7,14,715,2017,11,4,16,0,1,1,0,0,0,0,2,5,3,3,0,3,0
7758,4,5,409,2017,8,2,17,0,0,1,0,0,0,0,1,5,3,3,0,3,0
7759,3,9,321,2017,8,2,11,0,0,1,0,0,0,1,2,2,6,3,0,3,0
7760,1,6,117,2017,8,1,21,0,0,1,0,0,0,0,1,3,6,3,0,3,0
7761,6,2,602,2017,8,7,10,0,0,1,0,0,0,0,1,5,3,3,0,3,0
7762,1,6,117,2017,8,7,0,0,0,1,0,0,0,0,1,5,3,3,0,3,0
7763,3,7,319,2017,8,7,16,0,0,1,0,0,0,0,1,5,3,3,0,3,0
7764,3,9,321,2017,8,6,7,0,0,1,0,0,0,1,2,3,6,3,0,3,0
7765,2,14,227,2017,8,6,18,0,0,1,0,0,0,0,1,5,3,3,0,3,0
7766,3,4,316,2017,5,2,19,0,1,0,0,0,0,0,1,2,6,3,0,3,0
7767,4,2,405,2017,8,6,10,0,0,1,0,0,0,0,1,1,6,3,0,3,0
7768,1,1,101,2017,8,6,11,0,0,1,0,0,0,1,2,5,3,3,0,3,0
7769,1,16,136,2017,8,5,17,0,0,1,0,0,0,1,2,3,6,3,0,3,0
7770,3,7,319,2017,4,1,22,0,0,1,0,0,0,0,1,8,7,3,0,2,1
7771,3,9,321,2017,8,5,17,0,0,1,0,0,0,0,1,3,7,3,0,3,0
7772,1,12,130,2017,4,7,11,0,0,1,0,0,0,0,1,1,6,3,0,3,0
7773,2,5,216,2017,4,7,11,0,1,1,0,0,0,0,2,5,2,3,0,2,1
7774,6,11,612,2017,11,4,7,0,0,1,0,0,0,1,2,2,6,3,1,3,0
7775,1,3,107,2017,4,7,16,0,1,0,1,0,0,0,2,6,4,3,0,3,0
7776,1,16,136,2017,11,3,6,0,0,1,0,0,0,1,2,2,6,3,0,3,0
7777,7,14,715,2017,4,6,14,0,0,1,0,0,0,1,2,5,3,3,0,3,0
7778,1,11,129,2017,11,3,13,0,0,1,0,0,0,0,1,3,6,3,0,3,0
7779,1,14,132,2017,4,6,17,0,0,1,0,0,0,1,2,1,6,3,1,3,0
7780,3,9,321,2017,11,3,23,0,0,1,0,0,0,0,1,4,2,3,1,3,0
7781,4,5,409,2017,4,6,16,0,0,1,0,0,0,0,1,2,6,3,1,3,0
7782,2,5,217,2017,11,3,15,0,0,1,1,0,0,0,2,6,2,3,1,3,0
7783,2,13,226,2017,4,6,7,0,1,1,0,0,0,0,2,5,3,3,0,3,0
7784,3,1,306,2017,11,3,15,0,1,1,0,0,0,0,2,4,2,3,0,3,0
7785,1,12,130,2017,4,5,17,0,0,1,0,0,0,0,1,2,6,3,0,3,0
7786,4,12,431,2017,4,5,22,0,0,1,0,0,0,0,1,5,3,3,0,3,0
7787,1,3,107,2017,11,3,8,0,1,0,0,0,0,1,2,5,2,3,0,3,0
7788,4,4,407,2017,4,5,18,0,0,1,0,1,0,0,2,3,6,3,0,3,0
7789,7,9,710,2017,11,2,19,0,0,1,1,0,0,0,2,6,2,3,1,3,0
7790,4,6,414,2017,11,2,16,0,0,1,1,0,0,0,2,6,2,3,1,3,0
7791,4,5,411,2017,4,4,12,0,0,1,0,0,0,0,1,2,6,3,0,3,0
7792,3,9,321,2017,11,2,4,0,0,0,0,0,0,1,1,2,6,3,1,3,0
7793,2,7,219,2017,4,4,19,0,0,0,0,0,0,1,1,0,6,3,0,3,0
7794,1,19,140,2017,11,2,7,0,0,1,0,0,0,0,1,7,1,3,0,3,0
7795,2,5,216,2017,11,2,0,0,0,1,0,0,0,0,1,9,1,3,0,3,0
7796,1,3,106,2017,8,5,13,0,0,1,0,0,0,0,1,2,6,3,0,3,0
7797,7,14,715,2017,4,3,7,0,0,1,0,0,0,0,1,2,6,3,1,3,0
7798,7,2,703,2017,4,3,17,0,0,0,0,0,0,1,1,2,6,3,0,3,0
7799,4,2,405,2017,11,2,14,0,0,1,0,1,0,0,2,4,6,3,1,2,1
7800,1,6,115,2017,4,3,18,0,0,1,0,0,0,0,1,2,6,3,0,3,0
7801,4,5,409,2017,11,1,20,0,0,1,0,0,0,0,1,9,7,3,1,3,0
7802,4,12,431,2017,4,3,8,0,0,1,0,0,0,0,1,9,1,3,1,3,0
7803,1,7,119,2017,4,2,16,0,0,1,0,0,0,0,1,2,6,3,1,3,0
7804,3,9,321,2017,11,1,15,0,0,1,0,0,0,1,2,5,3,3,1,3,0
7805,1,19,140,2017,4,2,18,0,0,1,0,0,0,0,1,2,6,3,0,3,0
7806,1,6,117,2017,11,7,17,0,0,1,0,0,0,0,1,5,3,3,0,3,0
7807,2,7,219,2017,4,2,13,0,0,1,0,0,0,1,2,3,6,3,0,3,0
7808,3,7,319,2017,11,7,0,0,0,1,0,1,0,0,2,5,7,3,0,3,0
7809,1,1,102,2017,4,2,10,0,0,1,0,0,0,1,2,3,2,3,0,3,0
7810,1,3,106,2017,11,7,20,0,0,1,0,0,0,0,1,5,3,3,0,3,0
7811,1,6,116,2017,11,6,17,0,0,1,0,0,0,0,1,2,6,3,0,3,0
7812,7,13,714,2017,4,1,13,0,0,1,0,0,0,0,1,2,6,3,1,3,0
7813,1,6,117,2017,11,6,10,0,0,1,0,0,0,1,2,3,2,3,0,3,0
7814,2,9,221,2017,11,6,16,0,1,0,0,0,0,0,1,0,7,3,1,3,0
7815,1,16,137,2017,4,1,6,0,0,1,0,0,0,1,2,4,6,3,1,3,0
7816,3,9,321,2017,11,5,18,0,0,1,0,0,0,0,1,2,6,3,1,3,0
7817,1,6,117,2017,8,4,17,0,1,1,0,0,0,0,2,3,2,3,0,3,0
7818,3,9,321,2017,11,5,7,0,0,1,0,0,0,1,2,2,6,3,0,3,0
7819,3,9,321,2017,8,4,13,0,0,1,0,0,0,0,1,4,2,3,0,3,0
7820,3,5,317,2017,8,4,0,0,0,1,0,0,0,0,1,1,5,3,1,3,0
7821,1,6,117,2017,8,3,20,0,0,1,0,0,0,1,2,5,3,3,1,3,0
7822,3,9,321,2017,8,3,11,0,0,1,0,0,0,0,1,2,6,3,0,3,0
7823,4,4,407,2017,8,3,8,0,1,0,0,0,0,0,1,0,7,3,1,3,0
7824,3,4,316,2017,11,5,22,0,0,1,1,0,0,0,2,6,7,3,1,3,0
7825,1,6,117,2017,7,2,11,0,0,1,0,0,0,1,2,3,6,3,0,3,0
7826,2,1,206,2017,11,5,13,0,0,1,1,0,0,0,2,6,4,3,0,3,0
7827,1,1,101,2017,11,5,22,0,0,1,0,0,0,0,1,3,6,3,1,3,0
7828,7,10,711,2017,11,4,19,0,0,1,1,0,0,0,2,6,2,3,0,3,0
7829,7,10,711,2017,11,4,9,0,0,1,0,0,0,0,1,4,2,3,1,3,0
7830,7,2,703,2017,11,4,11,0,0,1,0,0,0,0,1,2,6,3,1,3,0
7831,4,8,418,2017,11,4,17,0,1,1,0,0,0,0,2,5,2,3,1,3,0
7832,3,9,321,2017,7,2,4,0,0,1,0,0,0,1,2,3,6,3,1,3,0
7833,3,7,319,2017,7,2,14,0,0,1,0,1,0,0,2,5,3,3,0,2,1
7834,1,1,102,2017,7,2,14,0,0,1,1,0,0,0,2,6,4,3,0,2,1
7835,7,14,715,2017,7,1,13,0,0,1,0,0,0,1,2,4,6,3,0,3,0
7836,7,9,710,2017,7,1,14,0,0,1,0,0,0,1,2,2,6,3,0,3,0
7837,3,8,320,2017,7,1,17,0,1,1,0,0,0,0,2,5,2,3,0,3,0
7838,2,5,216,2017,7,1,18,0,0,1,0,0,0,0,1,9,1,3,0,3,0
7839,7,2,703,2017,7,6,11,0,0,1,0,0,0,1,2,2,6,3,0,3,0
7840,3,7,319,2017,7,6,15,0,0,1,0,0,0,0,1,2,6,3,1,3,0
7841,3,1,307,2017,7,5,13,0,1,1,0,0,0,0,2,3,2,3,0,3,0
7842,1,3,106,2017,7,5,23,0,0,1,0,0,0,1,2,5,3,3,0,3,0
7843,6,1,601,2017,4,1,23,0,0,0,0,0,0,1,1,8,1,3,0,2,1
7844,6,1,601,2017,4,1,21,0,0,1,0,0,0,0,1,5,2,3,0,3,0