SN,District,Imperial_Circle,Community,Year,Month,Weekday,Hour,Road,Cycle,Car,Pedestrians,Motorcycle,Goods Vehicle,Others,Total,Collision Type,Accident Type,Light Condition,Road Condition,Accident_Severity,Tend_to_Death
7845,3,7,319,2017,4,1,9,0,0,1,0,0,0,1,2,5,3,3,1,3,0
7846,4,2,403,2017,4,1,12,0,1,0,0,0,0,0,1,0,7,3,0,3,0
7847,1,4,111,2017,4,1,22,0,1,0,0,0,0,1,2,0,6,3,0,3,0
7848,2,9,221,2017,11,4,17,0,0,1,0,0,0,0,1,2,6,3,1,3,0
7849,1,12,130,2017,4,7,0,0,0,0,0,1,0,0,1,0,1,3,1,3,0
7850,2,5,215,2017,11,4,7,0,0,1,0,0,0,1,2,2,6,3,1,3,0
7851,1,14,132,2017,4,7,17,0,1,1,0,0,0,0,2,4,2,3,0,2,1
7852,2,5,217,2017,11,4,9,0,1,0,0,0,0,0,1,0,7,3,1,1,1
7853,1,16,136,2017,7,4,8,0,0,1,0,0,0,0,1,8,1,3,1,3,0
7854,1,16,136,2017,7,4,14,0,0,1,0,0,0,1,2,3,6,3,0,2,1
7855,1,8,125,2017,7,4,16,0,0,1,0,0,0,1,2,5,3,3,0,3,0
7856,4,6,414,2017,7,4,8,0,1,1,0,0,0,0,2,0,7,3,1,3,0
7857,2,9,221,2017,4,7,13,0,1,0,1,0,0,0,2,6,7,3,0,3,0
7858,3,8,320,2017,7,4,20,0,0,1,0,0,0,1,2,3,6,3,0,3,0
7859,3,8,320,2017,7,4,9,0,0,1,0,0,0,1,2,3,6,3,1,3,0
7860,1,1,102,2017,4,7,12,0,0,1,0,0,0,0,1,2,6,3,0,3,0
7861,4,2,404,2017,7,4,19,0,0,1,0,0,0,0,1,5,3,3,0,3,0
7862,1,15,134,2017,7,3,11,0,0,1,0,0,0,1,2,2,6,3,1,3,0
7863,7,10,711,2017,4,6,12,0,0,1,0,0,0,0,1,3,6,3,0,3,0
7864,7,12,713,2017,7,3,10,0,0,0,0,0,0,1,1,1,6,3,1,3,0
7865,3,7,319,2017,4,6,11,0,0,1,0,0,0,0,1,2,6,3,0,3,0
7866,7,14,715,2017,7,2,12,0,0,1,0,0,0,0,1,2,2,3,0,3,0
7867,6,1,601,2017,4,5,15,0,0,0,0,1,0,1,2,2,2,3,0,3,0
7868,1,11,128,2017,7,1,3,0,0,1,0,0,0,1,2,2,6,3,0,2,1
7869,1,1,101,2017,4,5,19,0,0,1,0,0,0,0,1,2,6,3,0,3,0
7870,2,9,221,2017,4,4,17,0,1,1,0,0,0,0,2,0,3,3,0,3,0
7871,3,6,318,2017,11,4,17,0,0,1,0,0,0,0,1,4,7,3,0,3,0
7872,1,6,115,2017,4,3,16,0,0,1,0,0,0,0,1,2,6,3,0,3,0
7873,2,5,215,2017,4,3,13,0,1,1,0,0,0,0,2,3,2,3,0,3,0
7874,3,6,318,2017,11,4,17,0,0,1,0,0,0,0,1,5,3,3,1,3,0
7875,3,1,306,2017,4,3,18,0,1,0,0,0,0,0,1,4,6,3,0,3,0
7876,3,5,317,2017,11,4,18,0,0,0,0,1,0,0,1,0,7,3,0,3,0
7877,3,1,304,2017,4,3,16,0,1,1,0,0,0,0,2,5,3,3,0,3,0
7878,2,3,209,2017,4,3,17,0,0,1,0,0,0,1,2,2,6,3,0,3,0
7879,7,10,711,2017,11,3,17,0,0,1,1,0,0,0,2,6,2,3,1,3,0
7880,2,7,219,2017,4,2,14,0,0,1,0,0,0,0,1,9,1,3,0,3,0
7881,1,6,115,2017,11,3,16,0,0,1,0,0,0,1,2,3,6,3,1,3,0
7882,3,7,319,2017,4,2,15,0,0,1,0,0,0,0,1,2,6,3,0,3,0
7883,4,12,431,2017,11,3,5,0,0,1,0,0,0,0,1,2,6,3,1,3,0
7884,1,6,115,2017,4,7,13,0,0,1,0,0,0,0,1,2,6,3,1,3,0
7885,3,7,319,2017,11,3,16,0,1,1,0,0,0,0,2,5,3,3,1,3,0
7886,2,3,209,2017,11,3,16,0,1,1,0,0,0,0,2,3,2,3,1,3,0
7887,3,7,319,2017,4,7,14,0,0,1,0,0,0,0,1,2,6,3,1,3,0
7888,3,8,320,2017,11,2,19,0,0,1,0,0,0,0,1,4,2,3,1,3,0
7889,4,1,402,2017,11,2,16,0,0,1,1,0,0,0,2,6,2,3,1,3,0
7890,7,14,715,2017,4,6,4,0,0,1,0,0,0,0,1,8,1,3,0,3,0
7891,7,2,703,2017,11,7,23,0,0,1,0,0,0,1,2,3,1,3,1,3,0
7892,2,3,209,2017,11,7,15,0,0,1,0,0,0,0,1,2,6,3,1,3,0
7893,2,6,218,2017,7,1,9,0,0,1,0,0,0,0,1,5,3,3,1,3,0
7894,3,7,319,2017,7,1,23,0,0,1,0,0,0,0,1,0,6,3,0,3,0
7895,3,8,320,2017,11,6,16,0,0,1,0,0,0,1,2,2,6,3,0,3,0
7896,3,5,317,2017,7,7,3,0,1,0,0,0,0,0,1,0,7,3,0,3,0
7897,1,15,134,2017,11,5,10,0,0,1,0,0,0,1,2,3,6,3,1,3,0
7898,6,2,603,2017,11,5,14,0,0,1,0,0,0,1,2,2,6,3,0,2,1
7899,6,1,601,2017,11,5,7,0,1,1,0,0,0,0,2,5,3,3,0,3,0
7900,1,6,117,2017,11,5,12,0,0,1,0,0,0,1,2,2,2,3,1,3,0
7901,3,7,319,2017,11,5,20,0,1,1,0,0,0,0,2,5,3,3,0,3,0
7902,4,4,407,2017,11,5,19,0,0,1,0,0,0,1,2,1,6,3,1,3,0
7903,2,3,208,2017,11,5,10,0,0,0,0,0,0,1,1,0,5,3,0,3,0
7904,4,5,409,2017,11,4,9,0,0,0,0,1,0,1,2,2,6,3,1,3,0
7905,3,6,318,2017,7,6,18,0,0,1,0,0,0,0,1,5,2,3,0,3,0
7906,3,7,319,2017,7,6,14,0,0,1,0,0,0,1,2,3,6,3,0,3,0
7907,1,1,101,2017,7,6,21,0,0,0,0,1,0,0,1,8,1,3,0,3,0
7908,7,14,715,2017,7,5,13,0,0,1,0,0,0,0,1,2,6,3,1,3,0
7909,1,6,117,2017,7,5,19,0,0,1,0,0,0,0,1,2,2,3,0,3,0
7910,4,5,410,2017,7,5,17,0,1,0,1,0,0,0,2,6,6,3,0,3,0
7911,3,8,320,2017,7,5,17,0,0,1,0,0,0,0,1,5,2,3,0,3,0
7912,2,5,216,2017,7,5,18,0,1,1,0,0,0,0,2,4,2,3,0,3,0
7913,2,7,219,2017,7,5,13,0,0,1,0,0,0,1,2,2,6,3,0,3,0
7914,2,5,216,2017,7,5,12,0,0,1,0,0,0,1,2,1,2,3,1,3,0
7915,1,1,102,2017,7,5,12,0,0,1,0,0,0,1,2,2,6,3,1,3,0
7916,7,9,710,2017,11,3,13,0,0,1,0,0,0,1,2,3,6,3,1,3,0
7917,6,1,601,2017,11,3,7,0,1,1,0,0,0,0,2,5,3,3,0,3,0
7918,6,2,603,2017,11,3,9,0,0,1,0,0,0,0,1,3,6,3,0,3,0
7919,7,14,715,2017,7,4,15,0,1,1,0,0,0,0,2,5,3,3,0,3,0
7920,3,1,306,2017,11,3,19,0,1,1,0,0,0,0,2,3,2,3,1,3,0
7921,1,14,133,2017,7,4,16,0,0,0,0,1,0,1,2,3,6,3,0,3,0
7922,6,2,602,2017,7,3,8,0,1,1,0,0,0,0,2,4,2,3,0,3,0
7923,1,6,117,2017,7,3,15,0,1,1,0,0,0,0,2,5,2,3,0,3,0
7924,4,2,403,2017,7,3,21,0,0,1,0,0,0,0,1,5,2,3,0,3,0
7925,6,2,602,2017,7,1,18,0,0,1,0,0,0,0,1,2,6,3,1,3,0
7926,3,7,319,2017,7,1,9,0,0,1,0,0,0,0,1,4,7,3,0,3,0
7927,1,12,130,2017,7,7,16,0,0,1,0,0,0,1,2,3,6,3,0,3,0
7928,1,6,117,2017,7,7,16,0,0,1,0,0,0,0,1,2,6,3,0,3,0
7929,2,6,218,2017,7,7,19,0,0,1,0,0,0,0,1,2,6,3,0,3,0
7930,1,12,130,2017,7,6,7,0,0,1,0,0,0,1,2,2,6,3,0,3,0
7931,7,14,715,2017,4,6,2,0,0,1,0,0,0,0,1,5,3,3,0,2,1
7932,1,8,124,2017,7,6,7,0,0,1,0,1,0,0,2,0,2,3,0,2,1
7933,7,1,702,2017,4,6,7,0,0,1,0,0,0,0,1,8,1,3,0,2,1
7934,4,4,407,2017,4,6,18,0,0,1,0,0,0,0,1,2,6,3,1,3,0
7935,7,9,710,2017,4,5,8,0,0,1,0,0,0,1,2,3,6,3,0,3,0
7936,7,10,711,2017,11,2,13,0,0,1,0,0,0,0,1,2,2,3,0,3,0
7937,1,16,136,2017,4,5,8,0,0,1,0,0,0,1,2,3,6,3,0,3,0
7938,2,6,218,2017,11,2,12,0,0,1,0,0,0,1,2,3,6,3,0,3,0
7939,1,8,125,2017,4,5,15,0,1,1,0,0,0,0,2,5,3,3,1,3,0
7940,3,1,304,2017,11,2,8,0,0,0,0,1,0,1,2,3,6,3,0,3,0
7941,4,1,402,2017,11,2,7,0,1,1,0,0,0,0,2,5,3,3,0,3,0
7942,1,8,124,2017,4,5,10,0,0,1,0,0,0,1,2,2,6,3,0,3,0
7943,4,2,403,2017,11,2,8,0,0,1,0,0,0,0,1,5,2,3,0,3,0
7944,2,12,225,2017,4,5,13,0,0,1,1,0,0,0,2,6,4,3,0,2,1
7945,3,7,319,2017,11,1,18,0,0,1,0,0,0,0,1,2,6,3,0,3,0
7946,7,14,715,2017,4,4,18,0,0,1,0,0,0,0,1,3,6,3,1,3,0
7947,7,13,714,2017,4,4,12,0,0,1,0,0,0,1,2,2,6,3,1,3,0
7948,3,5,317,2017,11,1,17,0,0,1,1,0,0,0,2,6,4,3,0,2,1
7949,7,10,711,2017,4,4,17,0,0,1,0,0,0,1,2,2,6,3,1,3,0
7950,7,1,702,2017,11,7,3,0,0,1,0,0,0,0,1,8,1,3,1,3,0
7951,7,10,711,2017,4,4,12,0,1,1,0,0,0,0,2,5,3,3,0,3,0
7952,4,5,409,2017,11,7,16,0,0,1,0,1,0,0,2,4,1,3,1,3,0
7953,4,8,418,2017,11,7,5,0,0,1,0,0,0,1,2,2,6,3,1,3,0
7954,1,7,120,2017,4,4,15,0,0,0,1,0,0,1,2,6,4,3,1,3,0
7955,3,9,321,2017,11,7,22,0,0,1,0,0,0,0,1,2,6,3,1,3,0
7956,3,6,318,2017,11,7,16,0,0,1,1,0,0,0,2,6,2,3,1,3,0
7957,3,5,317,2017,4,4,12,0,0,1,0,0,0,1,2,0,5,3,1,3,0
7958,6,11,612,2017,4,3,13,0,0,1,0,0,0,0,1,2,6,3,1,3,0
7959,4,2,404,2017,11,7,5,0,0,1,0,0,0,0,1,0,1,3,1,3,0
7960,1,6,117,2017,7,6,9,0,1,0,0,0,0,0,1,4,6,3,0,3,0
7961,7,14,715,2017,4,2,15,0,0,0,0,0,0,1,1,0,7,3,0,3,0
7962,7,14,715,2017,11,6,11,0,0,0,0,0,0,1,1,2,6,3,1,3,0
7963,6,2,603,2017,4,2,16,0,0,1,1,0,0,0,2,6,4,3,0,2,1
7964,7,10,711,2017,11,6,20,0,0,1,0,0,0,1,2,3,1,3,1,3,0
7965,2,5,215,2017,11,6,13,0,0,1,1,0,0,0,2,6,7,3,1,3,0
7966,7,14,715,2017,11,5,18,0,0,1,0,0,0,0,1,2,6,3,0,3,0
7967,1,6,115,2017,11,5,14,0,0,0,0,0,0,1,1,3,6,3,0,3,0
7968,1,14,133,2017,11,5,15,0,0,1,0,0,0,0,1,2,6,3,0,3,0
7969,2,5,217,2017,11,5,15,0,0,1,0,0,0,0,1,1,6,3,0,3,0
7970,3,6,318,2017,11,5,15,0,0,1,0,0,0,1,2,4,2,3,0,3,0
7971,1,8,124,2017,7,6,11,0,0,1,0,0,0,0,1,4,2,3,0,3,0
7972,1,16,136,2017,11,4,9,0,0,1,0,0,0,1,2,3,6,3,0,3,0
7973,4,5,411,2017,7,6,12,0,1,0,0,0,0,0,1,4,6,3,0,3,0
7974,3,6,318,2017,7,5,8,0,0,1,0,0,0,0,1,2,6,3,0,3,0
7975,1,14,132,2017,4,2,2,0,0,1,0,0,0,0,1,5,3,3,0,3,0
7976,1,14,133,2017,11,4,0,0,0,1,0,0,0,0,1,4,2,3,0,3,0
7977,3,9,321,2017,11,4,17,0,0,1,0,0,0,0,1,2,6,3,0,3,0
7978,4,5,409,2017,4,2,19,0,1,1,0,0,0,0,2,0,7,3,1,3,0
7979,2,3,208,2017,11,4,8,0,1,0,0,0,0,0,1,0,7,3,0,3,0
7980,7,2,703,2017,11,3,16,0,0,1,0,0,0,1,2,2,6,3,1,3,0
7981,7,8,709,2017,7,4,18,0,0,1,0,0,0,1,2,2,2,3,1,3,0
7982,1,15,134,2017,11,3,5,0,0,1,0,0,0,1,2,3,6,3,1,3,0
7983,1,16,136,2017,7,4,14,0,0,1,0,0,0,1,2,1,6,3,1,3,0
7984,6,2,602,2017,7,4,14,0,0,1,1,0,0,0,2,6,2,3,1,3,0
7985,1,12,130,2017,7,4,6,0,0,1,0,0,0,0,1,2,6,3,1,3,0
7986,1,12,130,2017,7,4,6,0,0,1,0,0,0,0,1,5,6,3,1,3,0
7987,6,1,601,2017,11,3,9,0,0,1,0,0,0,0,1,4,2,3,1,3,0
7988,3,7,319,2017,7,4,20,0,0,1,0,0,0,0,1,2,6,3,0,3,0
7989,2,9,221,2017,11,3,10,0,0,1,0,0,0,0,1,5,3,3,0,2,1
7990,2,3,209,2017,11,3,7,0,0,1,0,0,0,1,2,5,2,3,1,3,0
7991,7,14,715,2017,11,2,18,0,0,1,0,0,0,0,1,2,6,3,0,3,0
7992,7,14,715,2017,11,2,8,0,0,1,1,0,0,0,2,6,4,3,0,3,0
7993,2,14,227,2017,11,2,16,0,1,1,0,0,0,0,2,4,2,3,1,3,0
7994,2,5,216,2017,11,2,18,0,0,1,0,0,0,0,1,2,6,3,0,3,0
7995,7,11,712,2017,7,3,12,0,0,1,0,0,0,1,2,1,6,3,0,3,0
7996,7,1,702,2017,7,3,17,0,0,1,0,0,0,1,2,4,3,3,0,3,0
7997,3,7,319,2017,7,3,11,0,0,1,0,0,0,0,1,2,6,3,1,3,0
7998,2,1,206,2017,7,3,16,0,1,0,1,0,0,0,2,6,6,3,1,3,0
7999,1,16,136,2017,7,2,7,0,0,1,0,0,0,1,2,3,6,3,0,3,0
8000,4,7,417,2017,7,2,17,0,0,1,0,0,0,0,1,2,6,3,1,3,0
8001,4,2,403,2017,7,2,14,0,1,1,0,0,0,0,2,5,3,3,1,3,0
8002,1,19,140,2017,7,1,14,0,0,0,1,1,0,0,2,6,7,3,0,3,0
8003,4,2,405,2017,7,1,18,0,0,1,0,1,0,0,2,3,6,3,0,3,0
8004,3,4,316,2017,7,1,15,0,1,1,0,0,0,0,2,4,2,3,0,3,0
8005,4,6,414,2017,7,7,18,0,0,1,0,0,0,0,1,1,6,3,0,3,0
8006,2,5,216,2017,4,2,16,0,0,1,0,1,0,0,2,0,7,3,0,3,0
8007,1,6,117,2017,4,1,15,0,0,0,0,1,0,0,1,0,1,3,0,2,1
8008,3,1,306,2017,4,1,12,0,1,1,0,0,0,0,2,5,3,3,0,2,1
8009,3,6,318,2017,4,7,10,0,1,1,0,0,0,0,2,5,3,3,0,3,0
8010,4,2,403,2017,4,6,15,0,1,1,0,0,0,0,2,5,3,3,0,3,0
8011,3,6,318,2017,11,2,9,0,1,1,0,0,0,0,2,0,2,3,0,3,0
8012,1,12,130,2017,4,5,12,0,0,1,0,0,0,1,2,2,6,3,0,3,0
8013,1,11,129,2017,4,5,7,0,0,1,0,0,0,1,2,2,6,3,0,2,1
8014,3,7,319,2017,11,2,14,0,0,1,0,0,0,1,2,1,6,3,0,3,0
8015,3,9,321,2017,4,5,16,0,0,1,0,0,0,0,1,2,6,3,0,3,0
8016,1,3,107,2017,11,2,11,0,1,0,0,0,0,1,2,3,2,3,0,3,0
8017,1,1,101,2017,11,2,7,0,0,0,0,1,0,0,1,0,1,3,0,3,0
8018,2,7,219,2017,4,5,16,0,0,1,0,0,0,0,1,2,6,3,0,3,0
8019,7,3,704,2017,11,1,10,0,0,1,0,0,0,0,1,9,1,3,1,3,0
8020,4,7,417,2017,4,4,10,0,0,1,1,0,0,0,2,6,3,3,0,3,0
8021,1,7,119,2017,11,1,16,0,1,0,0,0,0,1,2,5,2,3,0,3,0
8022,1,4,111,2017,11,1,16,0,1,1,0,0,0,0,2,0,2,3,0,3,0
8023,2,5,216,2017,4,4,7,0,1,0,0,0,0,1,2,5,3,3,0,3,0
8024,2,5,217,2017,11,7,13,0,0,1,0,1,0,0,2,1,6,3,0,3,0
8025,2,3,209,2017,4,4,16,0,1,1,0,0,0,0,2,4,2,3,0,3,0
8026,3,4,316,2017,11,7,14,0,0,1,0,0,0,0,1,2,6,3,0,3,0
8027,7,14,715,2017,11,6,8,0,0,1,0,0,0,1,2,2,6,3,0,3,0
8028,1,8,121,2017,4,3,19,0,0,1,0,0,0,0,1,2,2,3,0,3,0
8029,3,9,321,2017,4,3,7,0,0,1,0,0,0,0,1,2,6,3,0,3,0
8030,1,6,117,2017,11,6,11,0,0,1,1,0,0,0,2,6,2,3,0,3,0
8031,4,3,406,2017,4,3,18,0,0,1,0,0,0,0,1,2,6,3,0,3,0
8032,4,5,411,2017,11,6,8,0,1,0,0,0,0,0,1,7,7,3,0,3,0
8033,4,6,414,2017,4,2,16,0,0,1,0,1,0,0,2,3,7,3,0,3,0
8034,1,1,102,2017,4,2,11,0,0,1,0,0,0,1,2,2,6,3,0,3,0
8035,3,6,318,2017,11,6,13,0,0,1,0,0,0,0,1,4,2,3,0,3,0
8036,7,9,710,2017,4,1,3,0,0,1,0,0,0,0,1,9,1,3,0,3,0
8037,7,2,703,2017,11,5,15,0,0,0,0,0,0,1,1,3,6,3,0,2,1
8038,1,8,124,2017,4,1,3,0,0,1,0,0,0,0,1,2,6,3,0,3,0
8039,2,5,217,2017,4,1,18,0,0,1,0,0,0,0,1,2,6,3,0,3,0
8040,6,2,603,2017,11,5,8,0,0,1,1,0,0,0,2,6,3,3,1,3,0
8041,3,6,318,2017,4,1,5,0,0,1,0,0,0,0,1,9,1,3,0,3,0
8042,3,7,319,2017,11,5,8,0,0,1,0,0,0,0,1,5,3,3,1,3,0
8043,7,9,710,2017,4,7,14,0,0,1,0,0,0,1,2,3,6,3,0,3,0
8044,6,1,601,2017,4,7,11,0,1,1,0,0,0,0,2,5,3,3,0,3,0
8045,3,6,318,2017,11,5,13,0,0,1,0,0,0,1,2,2,6,3,0,3,0
8046,1,7,120,2017,4,7,19,0,0,1,0,1,0,0,2,0,6,3,0,2,1
8047,4,2,403,2017,11,5,13,0,1,0,1,0,0,0,2,6,3,3,0,3,0
8048,1,14,132,2017,4,7,8,0,0,1,0,0,0,1,2,3,2,3,0,3,0
8049,6,1,601,2017,11,4,7,0,0,1,0,0,0,0,1,2,6,3,1,3,0
8050,2,9,221,2017,4,7,11,0,0,1,0,0,0,0,1,2,2,3,0,3,0
8051,1,6,117,2017,11,4,5,0,0,0,0,0,0,1,1,5,3,3,1,3,0
8052,3,6,318,2017,10,3,18,0,0,1,0,0,0,1,2,2,6,3,0,3,0
8053,2,5,216,2017,4,7,16,0,1,1,0,0,0,0,2,5,3,3,0,3,0
8054,3,7,319,2017,10,3,22,0,0,1,0,0,0,1,2,5,3,3,1,3,0
8055,1,6,117,2017,10,2,12,0,0,1,0,0,0,0,1,4,2,3,0,3,0
8056,4,1,402,2017,10,2,19,0,1,1,0,0,0,1,3,3,6,3,0,3,0
8057,7,14,715,2017,7,6,12,0,0,1,0,0,0,0,1,5,3,3,0,3,0
8058,4,5,411,2017,7,6,11,0,1,0,1,0,0,0,2,6,7,3,0,3,0
8059,3,6,318,2017,4,7,13,0,1,1,0,0,0,0,2,5,3,3,0,3,0
8060,7,1,702,2017,7,5,18,0,0,1,0,1,0,0,2,1,6,3,0,3,0
8061,2,5,216,2017,10,1,18,0,0,1,0,0,0,0,1,2,6,3,0,3,0
8062,1,14,132,2017,7,5,1,0,0,1,0,0,0,0,1,4,2,3,0,3,0
8063,2,5,216,2017,10,1,17,0,0,1,0,0,0,0,1,2,6,3,1,3,0
8064,1,19,140,2017,10,7,15,0,0,1,0,0,0,0,1,2,6,3,1,3,0
8065,3,7,319,2017,10,7,6,0,0,1,0,0,0,0,1,4,6,3,1,3,0
8066,3,1,305,2017,10,7,6,0,0,1,0,0,0,0,1,9,1,3,1,3,0
8067,1,3,107,2017,10,7,17,0,0,1,0,0,0,0,1,2,6,3,1,3,0
8068,1,16,137,2017,10,6,18,0,0,1,0,0,0,0,1,2,6,3,1,3,0
8069,1,16,136,2017,10,6,14,0,0,1,0,0,0,0,1,2,6,3,0,3,0
8070,1,6,117,2017,10,6,15,0,1,1,0,0,0,0,2,5,2,3,0,3,0
8071,1,8,125,2017,10,6,14,0,1,1,0,0,0,0,2,3,2,3,0,3,0
8072,3,8,320,2017,10,6,18,0,0,1,0,0,0,0,1,4,2,3,0,3,0
8073,4,8,418,2017,7,5,17,0,1,0,0,0,0,0,1,4,6,3,0,3,0
8074,4,7,417,2017,7,5,15,0,0,1,0,0,0,1,2,3,6,3,0,3,0
8075,3,9,321,2017,7,5,13,0,1,0,0,0,0,0,1,0,3,3,0,2,1
8076,2,7,219,2017,7,5,17,0,0,1,0,0,0,0,1,3,6,3,0,3,0
8077,3,6,318,2017,7,5,15,0,0,1,0,0,0,0,1,2,6,3,0,3,0
8078,1,4,111,2017,7,5,18,0,1,0,1,0,0,0,2,6,6,3,0,3,0
8079,1,12,130,2017,7,4,7,0,0,1,0,0,0,0,1,2,6,3,1,3,0
8080,3,5,317,2017,7,4,15,0,1,0,0,0,0,1,2,5,2,3,0,3,0
8081,7,14,715,2017,7,3,15,0,0,1,0,0,0,0,1,3,6,3,0,3,0
8082,3,8,320,2017,7,3,13,0,0,1,0,0,0,0,1,5,2,3,0,3,0
8083,4,2,404,2017,7,3,14,0,1,0,1,0,0,0,2,6,6,3,0,3,0
8084,4,2,405,2017,4,7,14,0,1,0,1,0,0,0,2,6,6,3,0,3,0
8085,2,3,209,2017,7,3,9,0,1,0,0,0,0,1,2,1,7,3,0,3,0
8086,1,1,102,2017,4,7,13,0,0,0,0,1,0,0,1,0,1,3,0,3,0
8087,7,14,715,2017,3,6,17,0,0,1,0,0,0,0,1,3,7,3,0,3,0
8088,1,16,136,2017,3,6,11,0,0,1,0,0,0,1,2,3,6,3,0,2,1
8089,1,6,117,2017,3,6,17,0,1,1,0,0,0,0,2,5,2,3,0,3,0
8090,1,8,124,2017,3,6,11,0,0,1,0,0,0,0,1,1,6,3,0,3,0
8091,4,3,406,2017,3,6,15,0,0,1,1,0,0,0,2,6,4,3,0,3,0
8092,4,6,414,2017,3,6,8,0,1,0,0,0,0,0,1,3,2,3,0,3,0
8093,3,1,306,2017,3,6,16,0,1,0,1,0,0,0,2,6,6,3,0,3,0
8094,4,2,403,2017,10,6,7,0,0,1,0,0,0,0,1,1,6,3,1,3,0
8095,2,3,209,2017,3,6,10,0,0,0,1,0,0,1,2,6,2,3,0,3,0
8096,4,2,405,2017,10,6,13,0,0,1,0,0,0,0,1,9,1,3,0,3,0
8097,2,1,206,2017,3,6,19,0,1,0,1,0,0,0,2,6,7,3,0,3,0
8098,7,14,715,2017,10,5,11,0,1,1,0,0,0,0,2,5,3,3,0,3,0
8099,3,7,319,2017,10,5,12,0,1,1,0,0,0,0,2,1,3,3,0,3,0
8100,3,9,321,2017,10,5,16,0,0,1,0,0,0,1,2,3,6,3,0,3,0
8101,7,10,711,2017,3,5,10,0,0,1,0,0,0,0,1,2,6,3,1,3,0
8102,2,1,206,2017,7,3,19,0,1,0,1,0,0,0,2,6,4,3,0,3,0
8103,1,4,110,2017,7,3,9,0,1,0,0,0,0,1,2,3,2,3,0,3,0
8104,1,3,106,2017,7,3,13,0,1,0,0,0,0,1,2,0,3,3,0,3,0
8105,6,2,602,2017,3,5,17,0,0,1,1,0,0,0,2,6,4,3,0,3,0
8106,3,7,319,2017,3,5,7,0,1,1,0,0,0,0,2,5,3,3,0,3,0
8107,3,4,316,2017,3,4,22,0,0,1,0,0,0,0,1,4,2,3,1,3,0
8108,1,4,111,2017,3,4,18,0,1,1,0,0,0,0,2,5,2,3,1,3,0
8109,2,3,208,2017,10,5,9,0,0,0,1,0,0,1,2,6,7,3,0,3,0
8110,1,6,117,2017,3,3,9,0,1,0,0,0,0,0,1,4,6,3,0,3,0
8111,6,2,602,2017,10,4,17,0,0,1,1,0,0,0,2,6,4,3,0,2,1
8112,4,6,415,2017,3,3,15,0,1,0,1,0,0,0,2,6,4,3,0,3,0
8113,1,6,115,2017,10,4,10,0,0,1,0,0,0,0,1,2,6,3,1,3,0
8114,3,8,320,2017,3,3,10,0,0,0,0,0,0,1,1,4,2,3,0,3,0
8115,2,5,216,2017,10,4,6,0,0,1,0,0,0,0,1,3,2,3,1,3,0
8116,1,12,130,2017,3,2,10,0,0,1,0,0,0,1,2,3,6,3,0,2,1
8117,2,5,216,2017,10,4,6,0,0,1,0,0,0,1,2,2,6,3,1,3,0
8118,2,14,227,2017,3,2,17,0,0,1,0,0,0,0,1,4,6,3,0,3,0
8119,2,12,225,2017,3,2,8,0,1,1,0,0,0,0,2,5,3,3,0,3,0
8120,3,9,321,2017,10,4,6,0,0,1,0,0,0,1,2,1,6,3,1,3,0
8121,2,5,216,2017,3,2,5,0,0,1,0,0,0,0,1,2,6,3,0,3,0
8122,7,14,715,2017,10,3,10,0,0,1,0,0,0,0,1,2,6,3,0,3,0
8123,1,12,130,2017,10,3,13,0,0,1,0,0,0,0,1,9,1,3,1,3,0
8124,4,2,405,2017,3,2,7,0,0,1,0,0,0,0,1,2,6,3,0,3,0
8125,1,6,117,2017,10,3,17,0,0,1,0,0,0,0,1,1,6,3,1,3,0
8126,4,5,409,2017,10,3,22,0,0,1,0,0,0,0,1,9,1,3,1,3,0
8127,3,9,321,2017,10,3,7,0,0,1,0,0,0,0,1,2,6,3,1,3,0
8128,4,5,412,2017,3,1,22,0,0,1,0,0,0,0,1,5,7,3,0,3,0
8129,4,4,407,2017,3,7,13,0,0,1,0,0,0,1,2,2,2,3,0,3,0
8130,1,1,102,2017,10,3,17,0,0,1,0,0,0,0,1,2,6,3,0,3,0
8131,4,4,407,2017,3,7,10,0,0,1,0,0,0,1,2,1,6,3,0,3,0
8132,1,8,124,2017,10,2,16,0,0,1,0,0,0,0,1,4,2,3,1,3,0
8133,6,2,602,2017,3,6,10,0,0,0,0,0,0,1,1,3,6,3,0,3,0
8134,2,7,219,2017,10,2,18,0,0,1,0,0,0,0,1,2,6,3,1,3,0
8135,1,6,117,2017,3,6,9,0,0,1,0,0,0,0,1,2,6,3,0,3,0
8136,1,3,106,2017,10,1,14,0,0,1,0,0,0,0,1,5,3,3,1,3,0
8137,1,3,106,2017,10,1,2,0,0,1,1,0,0,0,2,6,4,3,1,2,1
8138,7,14,715,2017,10,7,19,0,0,1,0,0,0,0,1,3,6,3,1,3,0
8139,1,15,134,2017,10,7,16,0,0,1,0,0,0,0,1,8,1,3,0,3,0
8140,1,3,107,2017,7,3,9,0,1,0,0,0,0,0,1,2,2,3,0,3,0
8141,6,11,612,2017,10,7,13,0,0,1,0,0,0,0,1,0,7,3,0,3,0
8142,3,9,321,2017,10,7,3,0,0,1,1,0,0,0,2,6,4,3,1,3,0
8143,7,13,714,2017,10,6,13,0,1,1,0,0,0,0,2,5,3,3,1,2,1
8144,1,12,130,2017,10,6,17,0,0,1,0,0,0,0,1,2,6,3,1,3,0
8145,1,2,104,2017,7,2,23,0,0,1,0,0,0,0,1,9,1,3,0,3,0