SN,District,Imperial_Circle,Community,Year,Month,Weekday,Hour,Road,Cycle,Car,Pedestrians,Motorcycle,Goods Vehicle,Others,Total,Collision Type,Accident Type,Light Condition,Road Condition,Accident_Severity,Tend_to_Death
8146,3,8,320,2017,7,2,15,0,0,1,0,0,0,0,1,2,6,3,0,3,0
8147,2,9,221,2017,7,2,5,0,1,0,0,0,0,0,1,0,6,3,0,3,0
8148,3,7,319,2017,7,2,13,0,0,1,0,0,0,1,2,2,6,3,0,3,0
8149,3,6,318,2017,7,2,9,0,0,1,0,0,0,1,2,2,6,3,0,3,0
8150,4,2,405,2017,7,2,18,0,0,1,0,1,0,0,2,2,6,3,1,3,0
8151,3,1,304,2017,7,2,6,0,1,1,0,0,0,0,2,5,2,3,0,3,0
8152,7,14,715,2017,7,1,21,0,0,1,0,0,0,0,1,5,2,3,0,3,0
8153,1,12,130,2017,6,6,11,0,0,1,0,0,0,0,1,8,1,3,1,2,1
8154,4,3,406,2017,6,6,9,0,0,1,0,0,0,1,2,2,6,3,1,3,0
8155,3,1,306,2017,6,6,9,0,0,1,0,0,0,0,1,2,6,3,1,3,0
8156,1,4,111,2017,6,6,0,0,1,0,0,0,0,0,1,0,7,3,1,3,0
8157,2,5,216,2017,3,6,11,0,1,1,0,0,0,0,2,4,2,3,0,3,0
8158,1,3,106,2017,6,6,15,0,1,1,0,0,0,0,2,5,3,3,1,3,0
8159,1,1,102,2017,3,6,19,0,0,1,0,0,0,0,1,1,6,3,0,3,0
8160,1,3,106,2017,6,6,9,0,1,0,0,0,0,0,1,3,6,3,1,3,0
8161,7,2,703,2017,3,5,15,0,0,1,0,0,0,0,1,8,7,3,0,3,0
8162,3,1,307,2017,3,5,14,0,0,1,0,0,0,0,1,2,6,3,0,3,0
8163,4,5,409,2017,6,5,18,0,0,1,0,0,0,0,1,4,2,3,0,3,0
8164,1,8,124,2017,10,6,16,0,0,1,0,0,0,0,1,2,6,3,1,3,0
8165,4,2,403,2017,6,5,18,0,1,0,0,0,0,0,1,3,6,3,0,3,0
8166,4,5,409,2017,6,4,16,0,0,1,0,0,0,0,1,2,6,3,1,3,0
8167,3,9,321,2017,6,4,14,0,0,1,0,0,0,0,1,2,6,3,0,3,0
8168,2,13,226,2017,6,4,15,0,1,1,0,0,0,0,2,5,3,3,0,3,0
8169,3,6,318,2017,6,4,18,0,0,1,0,0,0,0,1,2,6,3,1,3,0
8170,3,7,319,2017,6,4,8,0,0,1,0,0,0,1,2,5,3,3,0,3,0
8171,3,1,306,2017,6,4,16,0,0,1,0,0,0,1,2,2,6,3,0,3,0
8172,2,13,226,2017,6,2,7,0,1,0,0,0,0,0,1,0,7,3,0,3,0
8173,3,6,318,2017,6,2,4,0,0,1,0,0,0,0,1,8,1,3,1,3,0
8174,3,5,317,2017,6,2,16,0,0,1,0,1,0,0,2,0,6,3,0,3,0
8175,7,14,715,2017,3,4,11,0,1,0,0,0,0,1,2,5,2,3,0,3,0
8176,6,11,612,2017,3,4,6,0,0,1,0,0,0,1,2,1,6,3,0,3,0
8177,2,9,221,2017,3,4,11,0,0,1,1,0,0,0,2,6,4,3,0,3,0
8178,3,1,307,2017,3,4,12,0,0,1,0,0,0,0,1,2,7,3,0,3,0
8179,2,3,209,2017,3,4,7,0,1,1,0,0,0,0,2,5,3,3,0,3,0
8180,2,1,206,2017,3,4,9,0,1,0,0,0,0,1,2,5,2,3,0,2,1
8181,2,5,216,2017,10,6,6,0,0,1,0,0,0,1,2,2,6,3,0,3,0
8182,1,4,111,2017,3,4,7,0,0,0,0,0,0,1,1,0,6,3,0,3,0
8183,6,11,612,2017,3,3,9,0,0,1,0,0,0,0,1,8,1,3,0,3,0
8184,2,6,218,2017,10,6,20,0,0,1,0,0,0,0,1,2,6,3,0,3,0
8185,7,11,712,2017,3,3,18,0,0,0,0,1,0,0,1,0,1,3,0,3,0
8186,1,16,136,2017,10,5,16,0,0,1,0,0,0,1,2,3,6,3,0,3,0
8187,1,16,136,2017,10,5,15,0,0,1,0,0,0,1,2,3,6,3,0,3,0
8188,3,9,321,2017,3,3,7,0,0,1,0,0,0,0,1,2,6,3,0,3,0
8189,1,6,117,2017,10,5,13,0,0,1,0,0,0,0,1,5,3,3,0,3,0
8190,3,4,316,2017,3,3,9,0,1,0,1,0,0,0,2,6,7,3,0,3,0
8191,4,2,403,2017,10,5,11,0,1,0,0,0,0,0,1,4,6,3,0,3,0
8192,7,14,715,2017,10,4,7,0,0,1,0,1,0,0,2,4,2,3,0,3,0
8193,1,1,102,2017,3,3,11,0,1,1,0,0,0,0,2,5,2,3,0,3,0
8194,2,5,215,2017,10,4,5,0,1,0,0,0,0,1,2,5,2,3,0,3,0
8195,7,14,715,2017,10,3,17,0,0,1,0,0,0,1,2,3,6,3,0,3,0
8196,3,4,316,2017,3,2,23,0,0,1,0,0,0,0,1,1,7,3,1,3,0
8197,1,12,130,2017,3,1,23,0,0,1,0,0,0,0,1,9,1,3,1,3,0
8198,3,4,316,2017,11,6,15,0,0,1,1,0,0,0,2,6,2,3,0,3,0
8199,3,8,320,2017,3,1,15,0,0,1,0,0,0,0,1,1,6,3,1,3,0
8200,3,5,317,2017,10,3,18,0,0,1,0,1,0,0,2,2,6,3,0,2,1
8201,4,2,403,2017,3,1,5,0,1,1,0,0,0,0,2,5,3,3,0,2,1
8202,7,14,715,2017,3,7,5,0,0,1,1,0,0,0,2,6,2,3,1,3,0
8203,7,9,710,2017,10,2,11,0,0,1,0,0,0,0,1,5,2,3,0,3,0
8204,3,6,318,2017,3,7,12,0,0,1,0,0,0,0,1,2,6,3,1,3,0
8205,3,8,320,2017,10,2,9,0,0,1,0,0,0,1,2,3,6,3,0,3,0
8206,2,5,215,2017,10,2,22,0,0,1,0,0,0,0,1,2,6,3,0,3,0
8207,1,16,136,2017,3,6,12,0,0,1,0,0,0,0,1,1,6,3,0,3,0
8208,7,1,702,2017,10,1,11,0,0,1,0,0,0,1,2,0,3,3,0,3,0
8209,2,3,209,2017,10,1,19,0,0,1,0,0,0,1,2,4,1,3,0,3,0
8210,2,3,208,2017,6,2,6,0,0,1,0,0,0,0,1,4,2,3,0,3,0
8211,3,1,306,2017,10,7,13,0,0,1,0,0,0,0,1,0,6,3,0,3,0
8212,1,15,134,2017,10,6,17,0,0,1,0,0,0,0,1,2,6,3,0,3,0
8213,1,4,111,2017,6,2,13,0,0,1,0,1,0,0,2,3,6,3,0,3,0
8214,1,16,136,2017,10,6,13,0,0,1,0,0,0,0,1,2,6,3,0,3,0
8215,1,6,115,2017,6,7,23,0,0,0,1,1,0,0,2,6,4,3,0,2,1
8216,6,11,612,2017,10,6,14,0,0,1,0,0,0,1,2,3,6,3,0,3,0
8217,1,14,133,2017,6,7,16,0,1,1,0,0,0,0,2,5,3,3,0,3,0
8218,4,3,406,2017,6,7,7,0,1,0,0,0,0,1,2,1,5,3,0,3,0
8219,7,9,710,2017,6,6,14,0,0,1,0,0,0,0,1,2,2,3,0,3,0
8220,1,11,128,2017,6,6,10,0,0,1,0,0,0,0,1,2,6,3,1,3,0
8221,2,7,219,2017,6,6,18,0,0,1,0,0,0,0,1,2,6,3,0,3,0
8222,3,1,307,2017,6,6,8,0,1,1,0,0,0,0,2,5,2,3,1,3,0
8223,1,1,102,2017,6,6,10,0,0,1,1,0,0,0,2,6,4,3,0,3,0
8224,7,13,714,2017,6,5,9,0,0,1,0,0,0,1,2,2,7,3,0,3,0
8225,1,12,130,2017,3,6,20,0,0,1,0,0,0,0,1,2,6,3,1,3,0
8226,1,7,120,2017,3,6,8,0,0,1,0,0,0,1,2,3,6,3,0,3,0
8227,7,8,709,2017,6,5,13,0,0,1,0,0,0,0,1,5,3,3,0,3,0
8228,1,8,124,2017,10,6,22,0,0,1,0,0,0,0,1,4,2,3,0,3,0
8229,7,2,703,2017,6,5,10,0,0,1,0,0,0,0,1,2,6,3,0,3,0
8230,3,8,320,2017,3,6,21,0,0,1,0,0,0,0,1,4,2,3,1,3,0
8231,1,14,132,2017,10,6,7,0,0,1,0,0,0,0,1,2,6,3,0,3,0
8232,3,9,321,2017,10,6,19,0,0,1,0,0,0,1,2,3,6,3,0,3,0
8233,2,5,217,2017,10,6,14,0,0,1,0,1,0,0,2,2,6,3,0,3,0
8234,3,4,316,2017,10,6,13,0,0,1,0,1,0,0,2,0,7,3,0,3,0
8235,3,1,307,2017,10,6,12,0,1,1,1,0,0,0,3,3,2,3,0,3,0
8236,1,16,136,2017,10,5,17,0,0,1,0,0,0,1,2,2,6,3,0,3,0
8237,1,6,115,2017,10,5,14,0,1,1,0,0,0,0,2,5,3,3,0,2,1
8238,1,8,124,2017,10,5,5,0,0,0,0,1,0,1,2,0,7,3,1,3,0
8239,2,5,216,2017,10,5,8,0,0,1,0,0,0,0,1,5,3,3,1,3,0
8240,1,15,134,2017,6,5,12,0,0,1,0,0,0,1,2,3,6,3,0,2,1
8241,2,6,218,2017,10,5,7,0,0,0,0,1,0,0,1,0,1,3,1,3,0
8242,1,15,134,2017,6,5,12,0,0,1,0,0,0,1,2,3,6,3,0,2,1
8243,4,5,412,2017,6,5,16,0,0,1,0,0,0,1,2,0,2,3,0,3,0
8244,2,5,217,2017,6,5,15,0,1,0,0,0,0,1,2,3,2,3,0,3,0
8245,3,7,319,2017,6,5,20,0,0,0,0,0,0,1,1,8,1,3,1,3,0
8246,3,7,319,2017,6,5,22,0,0,1,0,0,0,1,2,2,6,3,1,3,0
8247,2,3,209,2017,6,5,20,0,0,1,0,0,0,0,1,2,6,3,1,3,0
8248,1,3,107,2017,6,5,15,0,0,1,0,0,0,1,2,3,6,3,1,3,0
8249,2,5,216,2017,6,4,15,0,0,1,0,1,0,0,2,2,6,3,0,3,0
8250,3,1,305,2017,6,4,19,0,1,0,1,0,0,0,2,6,3,3,0,3,0
8251,3,6,318,2017,3,6,11,0,1,1,0,0,0,0,2,5,3,3,0,3,0
8252,1,1,102,2017,6,4,13,0,0,1,0,0,0,1,2,1,2,3,0,3,0
8253,4,4,407,2017,3,6,14,0,0,1,0,0,0,0,1,3,6,3,1,3,0
8254,3,1,304,2017,3,6,8,0,1,1,0,0,0,0,2,5,2,3,0,3,0
8255,1,1,102,2017,3,5,9,0,0,1,0,0,0,0,1,2,6,3,0,3,0
8256,3,6,318,2017,6,3,15,0,1,1,0,0,0,0,2,5,3,3,0,3,0
8257,7,8,709,2017,3,4,8,0,0,0,0,0,0,1,1,2,6,3,1,2,1
8258,4,6,415,2017,3,4,13,0,0,1,0,0,0,0,1,2,6,3,0,3,0
8259,3,9,321,2017,3,4,10,0,0,1,0,0,0,0,1,2,6,3,0,3,0
8260,3,4,316,2017,3,4,9,0,0,1,0,0,0,0,1,8,1,3,0,3,0
8261,2,3,209,2017,3,4,18,0,0,1,0,0,0,0,1,5,2,3,0,3,0
8262,1,6,115,2017,10,4,15,0,0,1,0,0,0,1,2,3,6,3,0,3,0
8263,7,10,711,2017,3,3,13,0,0,1,0,0,0,0,1,4,6,3,0,3,0
8264,1,7,119,2017,3,3,13,0,0,1,0,0,0,0,1,3,6,3,0,3,0
8265,1,8,124,2017,10,4,14,0,0,1,0,0,0,1,2,2,6,3,1,3,0
8266,4,13,432,2017,10,4,16,0,0,1,0,0,0,1,2,3,6,3,0,3,0
8267,3,8,320,2017,10,4,8,0,0,1,0,0,0,0,1,4,2,3,0,3,0
8268,3,9,321,2017,3,3,10,0,0,1,0,0,0,1,2,3,6,3,0,3,0
8269,3,9,321,2017,3,3,10,0,0,1,0,0,0,1,2,3,6,3,0,3,0
8270,3,7,319,2017,10,4,14,0,0,1,0,0,0,0,1,5,3,3,1,2,1
8271,3,4,316,2017,3,3,14,0,1,1,0,0,0,0,2,1,5,3,0,3,0
8272,3,6,318,2017,10,4,11,0,0,1,0,0,0,0,1,2,6,3,1,3,0
8273,2,3,209,2017,3,3,15,0,1,1,0,0,0,0,2,5,3,3,0,3,0
8274,1,1,102,2017,3,3,16,0,0,1,0,0,0,0,1,2,6,3,0,3,0
8275,7,10,711,2017,10,2,9,0,0,1,0,0,0,1,2,2,6,3,0,3,0
8276,3,9,321,2017,3,2,6,0,0,1,0,0,0,0,1,2,2,3,0,3,0
8277,1,14,132,2017,10,2,18,0,0,1,0,0,0,0,1,1,6,3,1,3,0
8278,2,7,219,2017,3,2,9,0,0,0,0,0,0,1,1,2,6,3,0,3,0
8279,2,5,215,2017,10,2,17,0,0,1,0,0,0,0,1,5,2,3,1,3,0
8280,6,10,611,2017,3,1,15,0,0,1,0,0,0,0,1,9,1,3,0,3,0
8281,1,19,140,2017,10,2,9,0,0,0,0,0,0,1,1,2,6,3,0,3,0
8282,3,9,321,2017,6,2,10,0,0,1,0,0,0,0,1,2,6,3,0,3,0
8283,1,19,140,2017,3,7,22,0,0,1,0,0,0,0,1,1,6,3,0,3,0
8284,1,8,124,2017,10,1,20,0,0,1,0,0,0,0,1,1,6,3,0,3,0
8285,7,14,715,2017,10,7,19,0,0,1,0,0,0,0,1,2,6,3,1,3,0
8286,1,16,136,2017,6,1,9,0,0,1,0,0,0,0,1,5,3,3,0,3,0
8287,6,9,610,2017,3,7,6,0,0,1,0,0,0,0,1,9,1,3,0,3,0
8288,6,2,603,2017,10,7,14,0,0,1,0,0,0,0,1,1,6,3,1,3,0
8289,1,8,125,2017,6,1,15,0,0,1,0,0,0,0,1,4,2,3,0,3,0
8290,2,5,216,2017,3,7,14,0,0,1,0,1,0,0,2,5,3,3,0,3,0
8291,4,7,417,2017,10,7,10,0,0,1,0,0,0,0,1,5,3,3,1,3,0
8292,7,14,715,2017,3,6,10,0,0,1,0,0,0,1,2,5,3,3,0,3,0
8293,3,5,317,2017,10,7,20,0,0,1,1,0,0,0,2,6,4,3,1,1,1
8294,1,16,136,2017,3,6,23,0,0,1,0,0,0,1,2,2,1,3,0,3,0
8295,7,10,711,2017,10,6,2,0,0,1,0,0,0,0,1,8,1,3,1,3,0
8296,1,16,136,2017,3,6,23,0,0,1,0,0,0,1,2,2,6,3,0,3,0
8297,7,10,711,2017,10,6,19,0,0,1,0,0,0,0,1,0,3,3,0,3,0
8298,3,8,320,2017,3,6,10,0,0,1,0,0,0,1,2,3,6,3,0,3,0
8299,3,9,321,2017,10,6,5,0,0,1,0,0,0,0,1,2,6,3,1,3,0
8300,2,5,217,2017,10,6,12,0,0,1,0,0,0,0,1,9,7,3,1,2,1
8301,3,7,319,2017,3,6,7,0,0,0,0,0,0,1,1,2,6,3,0,3,0
8302,3,5,317,2017,3,6,17,0,0,1,0,0,0,1,2,2,6,3,0,3,0
8303,1,3,106,2017,3,6,15,0,0,1,0,0,0,0,1,2,6,3,0,3,0
8304,4,4,407,2017,10,6,11,0,0,1,0,0,0,1,2,5,3,3,1,2,1
8305,1,16,136,2017,3,5,12,0,0,1,0,0,0,1,2,3,6,3,0,3,0
8306,1,6,117,2017,3,5,17,0,1,1,0,0,0,0,2,5,3,3,1,3,0
8307,7,8,709,2017,10,5,7,0,0,1,0,0,0,0,1,2,6,3,1,3,0
8308,4,5,411,2017,3,5,17,0,0,1,0,1,0,0,2,4,2,3,1,3,0
8309,3,8,320,2017,10,4,16,0,0,1,0,0,0,0,1,2,6,3,0,3,0
8310,6,2,603,2017,10,3,19,0,0,1,0,1,0,0,2,5,3,3,1,3,0
8311,2,9,221,2017,3,5,19,0,0,1,0,0,0,0,1,5,3,3,1,3,0
8312,1,12,130,2017,10,2,16,0,0,1,0,0,0,1,2,2,6,3,0,3,0
8313,1,4,110,2017,10,2,17,0,1,1,0,0,0,0,2,0,3,3,0,3,0
8314,4,6,415,2017,6,1,12,0,0,1,0,0,0,1,2,2,6,3,0,3,0
8315,5,1,501,2017,10,1,19,0,1,1,0,0,0,0,2,5,3,3,0,3,0
8316,3,7,319,2017,10,1,11,0,0,1,0,0,0,0,1,2,6,3,0,3,0
8317,1,15,134,2017,6,7,15,0,0,0,0,1,0,0,1,0,7,3,0,3,0
8318,7,9,710,2017,9,7,8,0,0,1,0,0,0,0,1,2,6,3,1,3,0
8319,1,6,117,2017,9,7,20,0,0,1,0,0,0,0,1,5,3,3,1,3,0
8320,1,6,117,2017,6,7,22,0,0,1,0,0,0,0,1,5,3,3,0,3,0
8321,3,8,320,2017,9,7,21,0,0,1,0,0,0,0,1,5,3,3,1,3,0
8322,7,14,715,2017,6,6,23,0,1,1,0,0,0,0,2,4,2,3,0,3,0
8323,7,10,711,2017,6,6,11,0,0,1,0,0,0,0,1,2,6,3,0,3,0
8324,7,10,711,2017,6,6,12,0,0,1,0,0,0,0,1,2,6,3,0,3,0
8325,4,13,432,2017,6,6,22,0,0,1,0,0,0,0,1,9,1,3,0,3,0
8326,4,6,415,2017,6,6,10,0,0,1,0,0,0,1,2,1,5,3,0,3,0
8327,1,1,102,2017,6,6,19,0,0,1,0,0,0,0,1,2,6,3,0,3,0
8328,7,10,711,2017,6,5,8,0,0,1,0,0,0,0,1,4,2,3,0,3,0
8329,1,8,121,2017,6,5,15,0,1,1,0,0,0,0,2,0,7,3,0,3,0
8330,1,8,125,2017,6,5,8,0,0,1,0,0,0,0,1,2,6,3,0,3,0
8331,2,5,216,2017,3,5,20,0,1,1,0,0,0,0,2,5,2,3,1,3,0
8332,2,5,216,2017,6,5,15,0,0,0,1,1,0,0,2,6,3,3,0,3,0
8333,3,7,319,2017,3,5,20,0,0,1,0,0,0,0,1,1,6,3,1,3,0
8334,4,7,417,2017,6,4,12,0,0,1,0,0,0,0,1,1,6,3,0,3,0
8335,3,5,317,2017,3,5,20,0,0,1,0,0,0,0,1,2,6,3,1,3,0
8336,1,1,101,2017,3,5,17,0,0,1,0,0,0,0,1,2,6,3,0,3,0
8337,4,8,418,2017,6,4,8,0,1,0,0,0,0,1,2,5,2,3,0,3,0
8338,2,5,216,2017,6,4,21,0,1,1,0,0,0,0,2,5,3,3,0,3,0
8339,6,9,610,2017,3,4,19,0,0,1,0,0,0,1,2,2,6,3,1,3,0
8340,1,8,121,2017,3,4,18,0,1,0,0,0,0,0,1,4,6,3,1,3,0
8341,2,5,216,2017,6,4,8,0,0,1,0,0,0,0,1,1,6,3,0,3,0
8342,1,4,111,2017,3,4,15,0,0,1,0,0,0,1,2,3,6,3,1,3,0
8343,4,7,417,2017,3,3,20,0,0,1,0,0,0,0,1,5,3,3,0,3,0
8344,1,4,111,2017,6,4,12,0,0,0,0,1,0,1,2,2,6,3,0,3,0
8345,2,3,209,2017,3,3,9,0,1,0,0,0,0,1,2,5,3,3,0,3,0
8346,1,3,106,2017,3,3,12,0,0,1,0,0,0,1,2,3,6,3,0,3,0
8347,1,1,102,2017,3,3,9,0,0,1,0,0,0,1,2,2,6,3,0,3,0
8348,4,5,409,2017,9,6,15,0,1,0,0,0,0,1,2,5,3,3,0,3,0
8349,7,14,715,2017,3,2,14,0,0,1,1,0,0,0,2,6,2,3,1,2,1
8350,1,14,132,2017,3,2,17,0,0,1,0,0,0,0,1,2,6,3,1,3,0
8351,1,3,106,2017,6,4,10,0,1,1,0,0,0,0,2,5,3,3,0,3,0
8352,1,2,104,2017,3,2,17,0,1,1,0,0,0,0,2,5,3,3,0,3,0
8353,4,7,417,2017,3,2,10,0,0,1,0,0,0,0,1,5,3,3,1,3,0
8354,2,3,209,2017,3,2,7,0,0,0,0,0,0,1,1,0,7,3,1,3,0
8355,7,14,715,2017,3,1,17,0,0,1,0,1,0,0,2,3,6,3,0,3,0
8356,6,1,601,2017,3,1,11,0,0,1,0,0,0,0,1,2,6,3,0,3,0
8357,1,12,130,2017,3,1,14,0,0,1,0,0,0,0,1,0,1,3,1,3,0
8358,2,5,215,2017,9,6,18,0,0,1,0,0,0,1,2,5,3,3,0,3,0
8359,4,7,417,2017,3,1,13,0,1,1,0,0,0,0,2,3,2,3,0,3,0
8360,3,7,319,2017,9,6,22,0,0,1,0,0,0,1,2,2,6,3,0,3,0
8361,3,4,316,2017,3,1,20,0,1,1,0,0,0,0,2,0,2,3,0,3,0
8362,6,2,603,2017,9,5,14,0,0,1,0,0,0,0,1,9,7,3,0,3,0
8363,4,3,406,2017,9,5,14,0,0,1,0,0,0,0,1,1,6,3,0,3,0
8364,1,16,136,2017,3,7,13,0,0,1,0,0,0,0,1,3,6,3,0,3,0
8365,2,6,218,2017,9,5,8,0,1,1,0,0,0,0,2,4,2,3,0,3,0
8366,3,8,320,2017,9,5,16,0,0,1,0,0,0,0,1,4,2,3,0,3,0
8367,2,5,216,2017,3,7,13,0,0,1,0,0,0,0,1,3,6,3,0,3,0
8368,1,3,106,2017,3,6,22,0,0,1,1,0,0,0,2,6,2,3,1,3,0
8369,3,6,318,2017,9,5,8,0,1,1,0,0,0,0,2,3,2,3,0,3,0
8370,1,16,136,2017,3,5,6,0,0,1,0,0,0,1,2,3,1,3,1,3,0
8371,3,4,316,2017,3,5,19,0,0,1,0,0,0,0,1,5,3,3,1,3,0
8372,1,1,102,2017,3,4,21,0,0,1,0,0,0,0,1,5,3,3,0,3,0
8373,1,1,102,2017,9,5,7,0,0,1,0,0,0,1,2,2,6,3,1,3,0
8374,1,6,115,2017,2,3,20,0,0,1,0,0,0,0,1,2,6,3,1,3,0
8375,4,7,417,2017,2,3,15,0,1,0,0,1,0,0,2,0,3,3,0,3,0
8376,1,15,134,2017,9,4,6,0,0,1,0,0,0,1,2,3,6,3,0,3,0
8377,2,6,218,2017,2,3,7,0,0,0,0,0,0,1,1,3,2,3,1,3,0
8378,3,4,316,2017,2,3,19,0,0,1,0,0,0,0,1,2,6,3,1,3,0
8379,6,2,602,2017,9,4,2,0,1,1,0,0,0,0,2,2,6,3,0,3,0
8380,1,15,134,2017,2,2,12,0,0,1,0,0,0,0,1,2,6,3,0,3,0
8381,3,6,318,2017,9,4,9,0,0,1,0,1,0,0,2,1,6,3,0,3,0
8382,3,5,317,2017,9,4,14,0,1,1,0,0,0,0,2,5,3,3,0,3,0
8383,7,14,715,2017,6,3,13,0,1,1,0,0,0,0,2,4,2,3,0,3,0
8384,3,8,320,2017,2,2,13,0,0,1,0,0,0,1,2,3,6,3,0,3,0
8385,2,3,209,2017,9,4,7,0,1,0,0,0,0,0,1,3,6,3,0,3,0
8386,7,14,715,2017,9,3,14,0,1,1,0,0,0,0,2,5,3,3,0,3,0
8387,7,2,703,2017,6,3,11,0,0,1,0,0,0,0,1,8,7,3,0,3,0
8388,1,6,116,2017,9,3,14,0,0,1,0,0,0,0,1,2,6,3,0,3,0
8389,1,8,124,2017,6,3,10,0,0,1,0,0,0,0,1,2,6,3,1,3,0
8390,2,5,215,2017,9,3,10,0,0,1,0,1,0,0,2,0,6,3,0,3,0
8391,1,8,124,2017,6,3,10,0,0,1,0,0,0,1,2,1,6,3,1,3,0
8392,3,4,316,2017,9,3,15,0,1,1,0,0,0,0,2,3,2,3,0,3,0
8393,2,5,215,2017,6,3,13,0,1,1,0,0,0,0,2,3,2,3,1,3,0
8394,1,4,111,2017,6,3,9,0,0,1,0,1,0,0,2,3,6,3,1,3,0
8395,1,6,117,2017,6,2,15,0,0,1,0,0,0,1,2,3,6,3,0,3,0
8396,3,8,320,2017,6,2,12,0,0,1,0,0,0,0,1,2,6,3,0,3,0
8397,3,9,321,2017,6,2,7,0,1,0,0,0,0,1,2,3,2,3,0,3,0
8398,2,9,221,2017,6,2,17,0,1,1,0,0,0,0,2,5,3,3,0,3,0
8399,2,12,225,2017,6,2,15,0,1,1,0,0,0,0,2,3,2,3,1,3,0
8400,2,7,219,2017,6,2,17,0,0,1,0,1,0,0,2,3,6,3,0,3,0
8401,2,7,219,2017,6,2,15,0,0,1,0,0,0,1,2,2,6,3,0,2,1
8402,3,8,320,2017,6,2,16,0,1,0,0,0,0,1,2,5,3,3,0,3,0
8403,2,7,219,2017,2,2,8,0,0,0,0,0,0,1,1,2,6,3,0,1,1
8404,7,1,702,2017,6,1,19,0,0,1,0,0,0,0,1,3,6,3,1,3,0
8405,3,1,306,2017,6,1,17,0,1,0,0,0,0,0,1,3,6,3,0,3,0
8406,3,1,304,2017,2,2,19,0,1,0,0,0,0,0,1,0,7,3,0,3,0
8407,7,1,702,2017,6,7,19,0,0,1,0,1,0,0,2,0,6,3,1,3,0
8408,6,1,601,2017,6,7,2,0,0,1,0,0,0,1,2,5,3,3,0,3,0
8409,2,1,206,2017,2,2,14,0,0,0,0,0,0,1,1,0,7,3,0,3,0
8410,1,1,101,2017,2,2,9,0,0,1,0,0,0,0,1,2,6,3,0,3,0
8411,3,4,316,2017,6,7,5,0,0,0,1,1,0,0,2,6,4,3,0,3,0
8412,3,9,321,2017,2,1,17,0,0,1,0,0,0,0,1,8,1,3,1,2,1
8413,4,2,405,2017,1,5,23,0,0,1,0,0,0,0,1,4,2,3,0,3,0
8414,3,2,312,2017,1,5,15,0,0,1,0,0,0,1,2,0,7,3,0,3,0
8415,1,5,114,2017,1,5,14,0,1,0,0,0,0,1,2,1,5,3,1,3,0
8416,1,11,128,2017,1,4,5,0,0,1,1,0,0,0,2,6,4,3,1,2,1
8417,4,10,429,2017,1,4,10,0,0,1,0,0,0,0,1,5,3,3,1,3,0
8418,4,5,411,2017,1,4,18,0,0,0,0,0,0,1,1,0,7,3,1,3,0
8419,4,10,429,2017,1,4,20,0,0,1,0,0,0,1,2,1,6,3,1,3,0
8420,4,10,426,2017,1,4,11,0,0,1,0,0,0,0,1,2,6,3,0,3,0
8421,4,6,414,2017,1,4,15,0,0,1,0,0,0,0,1,1,6,3,0,3,0
8422,3,8,320,2017,1,4,11,0,1,1,0,0,0,0,2,1,5,3,1,3,0
8423,3,6,318,2017,1,4,18,0,0,1,0,0,0,0,1,2,6,3,1,3,0
8424,2,4,214,2017,1,4,13,0,0,1,0,0,0,1,2,1,6,3,0,3,0
8425,1,5,114,2017,1,4,14,0,0,1,1,0,0,0,2,6,4,3,0,3,0
8426,7,2,703,2017,1,3,19,0,0,1,0,0,0,1,2,2,6,3,1,3,0
8427,7,9,710,2017,1,3,7,0,0,1,1,0,0,0,2,0,3,3,1,3,0
8428,1,12,130,2017,1,3,18,0,0,1,0,0,0,1,2,3,6,3,1,3,0
8429,1,12,130,2017,1,3,7,0,0,0,1,0,0,1,2,6,2,3,1,3,0
8430,5,4,512,2017,1,3,13,0,0,1,0,0,0,0,1,2,6,3,1,3,0
8431,5,18,526,2017,1,3,18,0,0,1,1,0,0,0,2,6,4,3,1,3,0
8432,5,6,514,2017,1,3,18,0,0,1,0,0,0,1,2,2,2,3,1,3,0
8433,4,9,425,2017,1,3,18,0,0,1,1,0,0,0,2,6,2,3,1,2,1
8434,4,12,431,2017,1,3,15,0,0,1,1,0,0,0,2,6,3,3,1,2,1
8435,4,12,431,2017,1,3,11,0,0,1,0,0,0,0,1,2,6,3,1,3,0
8436,5,1,504,2017,1,3,17,0,0,1,1,0,0,0,2,6,4,3,1,2,1
8437,3,8,320,2017,1,3,19,0,0,1,1,0,0,0,2,6,2,3,1,2,1
8438,2,9,221,2017,1,3,17,0,0,1,0,0,0,1,2,5,3,3,1,3,0
8439,2,9,221,2017,1,3,18,0,0,1,1,0,0,0,2,6,2,3,1,3,0
8440,3,2,312,2017,1,3,19,0,0,1,1,0,0,0,2,6,4,3,1,3,0
8441,1,5,114,2017,1,3,16,0,0,1,0,0,0,0,1,1,6,3,1,3,0
8442,1,16,137,2017,1,3,7,0,1,1,0,0,0,0,2,5,3,3,1,2,1
8443,7,13,714,2017,1,2,16,0,0,1,1,0,0,0,2,6,2,3,1,2,1
8444,1,12,130,2017,1,2,19,0,0,1,1,0,0,0,2,6,4,3,1,2,1
8445,5,18,526,2017,1,2,22,0,1,1,0,0,0,0,2,5,3,3,1,2,1
8446,4,5,409,2017,1,2,22,0,0,1,0,0,0,0,1,8,1,3,1,3,0