SN,District,Imperial_Circle,Community,Year,Month,Weekday,Hour,Road,Cycle,Car,Pedestrians,Motorcycle,Goods Vehicle,Others,Total,Collision Type,Accident Type,Light Condition,Road Condition,Accident_Severity,Tend_to_Death
8447,4,5,409,2017,1,2,9,0,0,1,0,0,0,0,1,8,7,3,2,3,0
8448,4,10,426,2017,1,2,6,0,0,1,0,0,0,1,2,5,2,3,1,3,0
8449,3,6,318,2017,1,2,8,0,0,1,0,0,0,0,1,8,1,3,2,3,0
8450,3,7,319,2017,1,2,10,0,0,0,0,1,0,0,1,8,1,3,2,3,0
8451,2,1,203,2017,1,2,16,0,1,1,0,0,0,0,2,5,3,3,0,3,0
8452,7,14,715,2017,1,1,19,0,0,1,0,0,0,0,1,4,2,3,1,3,0
8453,7,9,710,2017,1,1,3,0,0,1,1,0,0,0,2,6,7,3,1,3,0
8454,1,12,130,2017,1,1,15,0,0,1,0,0,0,0,1,2,2,3,0,3,0
8455,1,13,131,2017,1,1,0,0,0,1,1,0,0,0,2,6,4,3,0,2,1
8456,5,18,526,2017,1,1,10,0,0,1,0,0,0,0,1,9,1,3,0,3,0
8457,4,4,407,2017,1,1,18,0,0,1,0,0,0,0,1,5,3,3,1,3,0
8458,3,1,305,2017,1,1,7,0,0,1,1,0,0,0,2,6,3,3,0,2,1
8459,3,2,311,2017,1,1,5,0,0,1,0,0,0,0,1,5,3,3,0,3,0
8460,4,5,408,2017,1,3,15,0,0,0,0,1,0,0,1,0,1,3,1,3,0
8461,4,5,410,2017,1,3,8,0,1,1,0,0,0,0,2,5,3,3,1,3,0
8462,5,1,503,2017,1,3,7,0,0,1,1,0,0,0,2,6,4,3,1,2,1
8463,3,8,320,2017,1,3,14,0,1,1,0,0,0,0,2,5,3,3,1,3,0
8464,3,5,317,2017,1,3,20,0,0,1,1,0,0,0,2,6,7,3,1,3,0
8465,3,1,303,2017,1,3,11,0,0,0,1,1,0,0,2,0,4,3,1,3,0
8466,4,2,403,2017,1,3,16,0,1,1,0,0,0,0,2,5,3,3,0,3,0
8467,2,4,211,2017,1,3,18,0,1,0,0,0,0,0,1,4,6,3,0,3,0
8468,3,3,314,2017,1,3,17,0,0,1,1,0,0,0,2,6,2,3,0,3,0
8469,1,1,102,2017,1,3,17,0,0,1,0,0,0,0,1,3,7,3,0,3,0
8470,1,3,106,2017,1,3,0,0,0,1,1,0,0,0,2,6,2,3,0,3,0
8471,1,5,114,2017,1,3,18,0,0,1,1,0,0,0,2,6,4,3,0,2,1
8472,1,17,138,2017,1,3,14,0,0,0,0,0,0,1,1,5,3,3,1,3,0
8473,6,6,607,2017,1,2,9,0,0,1,0,0,0,1,2,5,3,3,0,2,1
8474,1,11,129,2017,1,2,9,0,0,1,0,0,0,0,1,3,6,3,0,3,0
8475,1,12,130,2017,1,2,7,0,1,0,1,0,0,0,2,0,6,3,0,3,0
8476,5,6,514,2017,1,2,7,0,1,1,0,0,0,0,2,5,3,3,0,3,0
8477,4,8,422,2017,1,5,13,0,1,1,0,0,0,0,2,5,3,3,0,3,0
8478,4,8,422,2017,1,5,13,0,1,1,0,0,0,0,2,5,3,3,0,3,0
8479,2,8,220,2017,1,5,15,0,0,0,0,0,0,1,1,3,5,3,0,3,0
8480,3,6,318,2017,1,5,15,0,1,0,0,0,0,0,1,5,3,3,0,3,0
8481,2,1,203,2017,1,5,12,0,0,1,0,0,0,0,1,2,2,3,0,3,0
8482,1,1,101,2017,1,5,18,0,1,1,0,0,0,0,2,1,6,3,0,3,0
8483,1,5,114,2017,1,5,9,0,0,1,0,0,0,1,2,2,6,3,0,3,0
8484,1,16,137,2017,1,4,15,0,0,1,0,0,0,0,1,1,6,3,0,3,0
8485,6,1,601,2017,1,4,16,0,0,1,0,0,0,0,1,4,6,3,0,3,0
8486,5,4,512,2017,1,4,15,0,0,1,0,0,0,0,1,4,2,3,0,3,0
8487,5,7,515,2017,1,4,7,0,1,1,0,0,0,0,2,5,3,3,0,3,0
8488,4,5,408,2017,1,4,16,0,0,1,0,0,0,0,1,1,6,3,0,2,1
8489,4,7,416,2017,1,4,18,0,1,1,0,0,0,0,2,5,3,3,0,3,0
8490,2,5,215,2017,1,4,21,0,1,1,0,0,0,0,2,1,7,3,0,3,0
8491,2,8,220,2017,1,4,10,0,0,1,0,0,0,1,2,3,6,3,0,3,0
8492,1,4,112,2017,1,4,14,0,0,1,0,0,0,0,1,4,2,3,0,3,0
8493,1,19,140,2017,1,4,13,0,0,1,0,0,0,1,2,3,6,3,0,3,0
8494,7,4,705,2017,1,3,8,0,1,1,0,0,0,0,2,5,3,3,0,3,0
8495,1,16,137,2017,1,3,9,0,1,1,0,0,0,0,2,5,3,3,1,3,0
8496,1,12,130,2017,1,3,12,0,1,1,0,0,0,0,2,5,3,3,0,3,0
8497,1,12,130,2017,1,3,17,0,0,1,0,0,0,0,1,2,2,3,0,3,0
8498,1,8,126,2017,1,3,17,0,0,1,0,0,0,0,1,5,3,3,0,3,0
8499,1,8,124,2017,1,3,7,0,0,1,0,0,0,0,1,0,5,3,0,3,0
8500,5,5,513,2017,1,3,5,0,1,1,0,0,0,0,2,5,3,3,1,2,1
8501,5,18,526,2017,1,3,15,0,1,1,0,0,0,0,2,5,3,3,0,3,0
8502,5,18,526,2017,1,3,10,0,0,1,0,0,0,0,1,1,2,3,1,3,0
8503,5,3,510,2017,1,3,18,0,0,1,0,0,0,1,2,5,3,3,0,3,0
8504,4,11,430,2017,1,3,8,0,1,1,0,0,0,0,2,3,2,3,1,3,0
8505,4,13,432,2017,1,3,15,0,0,1,0,0,0,0,1,2,2,3,0,3,0
8506,4,4,407,2017,1,3,12,0,0,1,0,0,0,0,1,5,3,3,1,3,0
8507,5,6,514,2017,1,2,7,0,0,1,0,0,0,1,2,2,6,3,1,3,0
8508,5,3,510,2017,1,2,16,0,0,1,0,0,0,0,1,2,2,3,0,3,0
8509,5,3,511,2017,1,2,7,0,0,1,1,0,0,0,2,6,2,3,1,3,0
8510,5,11,519,2017,1,2,8,0,0,1,0,0,0,0,1,1,5,3,0,3,0
8511,4,5,409,2017,1,2,7,0,1,1,0,0,0,0,2,5,3,3,0,3,0
8512,4,6,414,2017,1,2,12,0,1,1,0,0,0,0,2,2,2,3,0,3,0
8513,2,7,219,2017,1,2,18,0,1,0,0,0,0,0,1,5,3,3,0,2,1
8514,2,5,215,2017,1,2,7,0,0,1,0,0,0,1,2,1,2,3,1,3,0
8515,2,8,220,2017,1,2,7,0,0,1,0,0,0,0,1,2,6,3,0,3,0
8516,3,7,319,2017,1,2,7,0,0,1,0,0,0,0,1,1,6,3,1,3,0
8517,3,6,318,2017,1,2,14,0,1,1,0,0,0,0,2,4,6,3,0,3,0
8518,4,4,407,2017,1,2,13,0,0,1,0,0,0,0,1,2,6,3,0,3,0
8519,4,2,403,2017,1,2,7,0,0,1,0,0,0,0,1,4,2,3,0,3,0
8520,1,3,108,2017,1,2,7,0,0,1,1,0,0,0,2,6,4,3,0,3,0
8521,7,1,702,2017,1,2,8,0,0,1,0,0,0,0,1,2,6,3,0,3,0
8522,5,4,512,2017,1,1,9,0,0,1,0,0,0,1,2,4,6,3,0,3,0
8523,5,5,513,2017,1,1,0,0,0,1,0,0,0,0,1,4,2,3,0,2,1
8524,5,18,526,2017,1,1,1,0,0,1,0,0,0,0,1,8,1,3,1,3,0
8525,4,10,427,2017,1,1,21,0,0,1,0,0,0,0,1,5,3,3,0,3,0
8526,2,3,210,2017,1,1,16,0,0,0,1,0,0,1,2,0,4,3,0,3,0
8527,6,1,601,2017,1,7,20,0,0,1,0,0,0,1,2,9,1,3,1,3,0
8528,1,11,128,2017,1,7,18,0,0,1,0,0,0,0,1,5,3,3,0,3,0
8529,5,4,512,2017,1,7,17,0,0,1,1,0,0,0,2,6,7,3,0,3,0
8530,5,6,514,2017,1,7,13,0,1,1,0,0,0,0,2,5,2,3,1,3,0
8531,4,9,425,2017,1,7,21,0,0,1,1,0,0,0,2,6,4,3,0,3,0
8532,5,12,520,2017,1,7,10,0,0,1,1,0,0,0,2,6,2,3,0,3,0
8533,4,8,420,2017,1,7,16,0,0,1,0,0,0,0,1,5,3,3,0,3,0
8534,4,10,427,2017,1,7,18,0,0,0,0,1,0,0,1,0,7,3,0,3,0
8535,6,12,613,2017,1,6,5,0,0,1,0,0,0,0,1,0,1,3,0,3,0
8536,6,9,610,2017,1,6,6,0,0,1,0,0,0,0,1,9,1,3,1,3,0
8537,1,14,132,2017,1,6,22,0,0,1,0,0,0,0,1,5,3,3,1,3,0
8538,1,6,116,2017,1,6,14,0,1,1,0,0,0,0,2,5,2,3,0,3,0
8539,5,4,512,2017,1,6,8,0,0,1,0,0,0,1,2,4,7,3,1,3,0
8540,5,3,510,2017,1,6,8,0,0,1,0,0,0,0,1,2,6,3,1,3,0
8541,5,2,508,2017,1,6,8,0,0,1,0,0,0,0,1,4,2,3,1,3,0
8542,4,10,426,2017,1,6,7,0,0,1,0,0,0,0,1,2,6,3,1,3,0
8543,5,7,515,2017,1,6,7,0,1,1,0,0,0,1,3,3,6,3,0,3,0
8544,5,10,518,2017,1,6,21,0,0,1,0,0,0,0,1,1,5,3,1,3,0
8545,4,5,413,2017,1,6,8,0,1,1,0,0,0,0,2,3,6,3,1,3,0
8546,4,5,408,2017,1,6,13,0,0,1,0,0,0,0,1,2,6,3,1,3,0
8547,4,5,408,2017,1,6,18,0,1,0,0,0,0,0,1,3,6,3,0,3,0
8548,4,5,413,2017,1,6,14,0,1,1,0,0,0,0,2,3,6,3,1,3,0
8549,2,5,215,2017,1,6,22,0,1,1,0,0,0,0,2,0,2,3,0,3,0
8550,3,8,320,2017,1,6,18,0,0,1,1,0,0,0,2,6,4,3,1,2,1
8551,2,5,215,2017,1,6,7,0,1,0,0,0,0,1,2,5,3,3,1,2,1
8552,1,5,113,2017,1,6,15,0,0,1,0,0,0,0,1,2,6,3,1,3,0
8553,6,14,615,2017,1,5,8,0,1,1,0,0,0,0,2,5,3,3,0,3,0
8554,1,11,128,2017,1,5,7,0,0,1,0,0,0,0,1,2,6,3,0,3,0
8555,5,16,524,2017,1,5,16,0,0,1,0,0,0,0,1,0,1,3,1,2,1
8556,4,10,429,2017,1,5,17,0,1,1,0,0,0,0,2,5,2,3,0,3,0
8557,5,1,501,2017,1,5,15,0,0,1,0,0,0,0,1,2,6,3,0,3,0
8558,4,8,419,2017,1,5,8,0,1,1,0,0,0,0,2,5,3,3,0,3,0
8559,3,1,309,2017,1,5,15,0,0,1,0,0,0,0,1,2,6,3,0,3,0
8560,3,1,309,2017,1,5,7,0,1,0,0,0,0,1,2,5,3,3,0,3,0
8561,1,18,139,2017,1,5,17,0,0,0,0,0,0,1,1,8,7,3,1,3,0
8562,6,4,605,2017,1,4,16,0,0,1,0,0,0,0,1,0,3,3,0,3,0
8563,6,2,602,2017,1,4,8,0,1,1,0,0,0,0,2,5,3,3,0,2,1
8564,6,1,601,2017,1,4,6,0,0,1,1,0,0,0,2,6,4,3,1,2,1
8565,1,8,125,2017,1,4,11,0,0,1,0,0,0,0,1,5,3,3,1,3,0
8566,1,14,132,2017,1,4,8,0,0,1,0,0,0,0,1,5,2,3,0,3,0
8567,5,6,514,2017,1,4,11,0,0,0,1,0,0,1,2,5,4,3,0,1,1
8568,5,2,507,2017,1,4,19,0,0,1,0,0,0,0,1,5,3,3,0,3,0
8569,4,11,430,2017,1,4,17,0,0,1,0,0,0,0,1,2,6,3,1,3,0
8570,5,12,520,2017,1,4,10,0,0,1,0,0,0,0,1,5,3,3,0,3,0
8571,4,13,432,2017,1,4,19,0,1,1,0,0,0,0,2,4,2,3,0,3,0
8572,4,11,430,2017,1,4,8,0,0,1,0,0,0,0,1,2,2,3,0,3,0
8573,4,10,426,2017,1,4,4,0,0,1,0,0,0,0,1,7,7,3,0,3,0
8574,3,8,320,2017,1,4,12,0,1,1,0,0,0,0,2,1,5,3,0,3,0
8575,2,8,220,2017,1,4,17,0,0,1,1,0,0,0,2,6,4,3,0,3,0
8576,4,2,403,2017,1,4,17,0,0,1,1,0,0,0,2,6,4,3,0,3,0
8577,3,4,316,2017,1,4,7,0,1,0,0,0,0,1,2,3,6,3,0,3,0
8578,3,1,309,2017,1,4,8,0,1,0,0,0,0,1,2,5,7,3,0,3,0
8579,1,13,131,2017,1,3,11,0,0,1,0,0,0,1,2,5,3,3,0,2,1
8580,1,11,128,2017,1,3,8,0,1,1,0,0,0,0,2,5,3,3,1,3,0
8581,5,18,526,2017,1,3,12,0,0,1,0,0,0,0,1,8,1,3,0,3,0
8582,4,11,430,2017,1,3,18,0,0,1,0,0,0,0,1,4,2,3,1,3,0
8583,5,9,517,2017,1,3,16,0,1,1,0,0,0,0,2,5,3,3,0,3,0
8584,5,16,524,2017,1,3,11,0,0,1,0,0,0,1,2,0,7,3,0,3,0
8585,5,16,524,2017,1,3,13,0,0,1,0,0,0,0,1,5,3,3,0,3,0
8586,4,13,432,2017,1,3,7,0,1,0,0,0,0,0,1,0,7,3,0,3,0
8587,4,5,408,2017,1,3,12,0,0,1,0,0,0,0,1,2,2,3,0,3,0
8588,4,10,426,2017,1,3,12,0,0,1,1,0,0,0,2,6,4,3,0,2,1
8589,5,1,503,2017,1,3,21,0,0,1,0,0,0,0,1,1,5,3,0,3,0
8590,2,11,223,2017,1,3,15,0,0,1,0,0,0,0,1,8,7,3,0,3,0
8591,2,14,227,2017,1,3,7,0,1,1,0,0,0,0,2,4,2,3,1,3,0
8592,2,7,219,2017,1,3,22,0,0,1,0,0,0,0,1,5,3,3,1,3,0
8593,2,5,217,2017,1,3,7,0,0,1,1,0,0,0,2,6,3,3,0,2,1
8594,2,8,220,2017,1,3,8,0,0,1,1,0,0,0,2,6,4,3,0,3,0
8595,4,3,406,2017,1,3,7,0,0,1,1,0,0,0,2,6,2,3,0,3,0
8596,2,4,212,2017,1,3,14,0,1,0,0,0,0,0,1,7,7,3,0,3,0
8597,3,1,310,2017,1,3,12,0,1,1,0,0,0,0,2,5,2,3,0,3,0
8598,2,2,207,2017,1,3,21,0,0,1,0,0,0,0,1,2,6,3,0,3,0
8599,1,3,107,2017,1,3,18,0,0,0,1,1,0,0,2,6,4,3,0,3,0
8600,1,2,103,2017,1,3,16,0,0,1,0,0,0,0,1,5,2,3,0,3,0
8601,7,1,702,2017,1,2,11,0,0,1,1,0,0,0,2,6,4,3,0,3,0
8602,1,12,130,2017,1,2,7,0,0,1,1,0,0,0,2,6,2,3,0,3,0
8603,5,5,513,2017,1,2,11,0,0,1,1,0,0,0,2,6,4,3,1,2,1
8604,5,2,509,2017,1,2,7,0,0,1,1,0,0,0,2,6,3,3,0,3,0
8605,5,7,515,2017,1,2,12,0,0,1,0,0,0,1,2,1,5,3,0,3,0
8606,4,11,430,2017,1,2,8,0,0,1,1,0,0,0,2,6,4,3,0,3,0
8607,5,10,518,2017,1,2,18,0,0,1,0,0,0,0,1,5,3,3,1,3,0
8608,5,11,519,2017,1,2,14,0,0,1,0,0,0,1,2,5,2,3,0,3,0
8609,4,13,432,2017,1,2,16,0,1,0,0,0,0,0,1,5,3,3,1,3,0
8610,4,13,432,2017,1,2,11,0,1,1,0,0,0,0,2,5,3,3,0,3,0
8611,4,4,407,2017,1,2,14,0,0,1,0,0,0,0,1,2,2,3,1,3,0
8612,4,13,432,2017,1,2,9,0,1,1,0,0,0,0,2,5,2,3,0,3,0
8613,2,7,219,2017,1,2,20,0,0,1,0,0,0,1,2,1,6,3,1,3,0
8614,3,7,319,2017,1,2,6,0,0,1,1,0,0,0,2,6,4,3,0,3,0
8615,3,1,301,2017,1,2,14,0,0,1,0,0,0,0,1,4,2,3,0,3,0
8616,1,3,106,2017,1,2,11,0,0,1,0,0,0,0,1,1,6,3,1,3,0
8617,1,1,101,2017,1,2,6,0,0,1,0,0,0,1,2,5,3,3,1,3,0
8618,1,12,130,2017,1,1,20,0,0,1,0,0,0,0,1,5,3,3,0,3,0
8619,1,12,130,2017,1,1,21,0,0,1,0,0,0,0,1,2,2,3,0,3,0
8620,1,12,130,2017,1,1,0,0,0,1,1,0,0,0,2,6,2,3,0,3,0
8621,2,8,220,2017,1,1,18,0,0,1,0,0,0,0,1,5,3,3,1,3,0
8622,2,7,219,2017,1,1,15,0,0,1,1,0,0,0,2,6,2,3,1,3,0
8623,3,6,318,2017,1,1,9,0,1,1,0,0,0,0,2,5,3,3,0,3,0
8624,3,2,311,2017,1,1,11,0,0,1,0,0,0,0,1,9,1,3,1,3,0
8625,1,4,112,2017,1,1,2,0,0,1,1,0,0,0,2,6,7,3,1,2,1
8626,6,6,607,2017,1,7,20,0,0,1,0,0,0,1,2,8,6,3,2,3,0
8627,5,6,514,2017,1,7,15,0,0,1,0,0,0,0,1,5,3,3,0,3,0
8628,4,6,414,2017,1,7,11,0,0,1,0,0,0,0,1,5,2,3,1,3,0
8629,2,11,223,2017,1,7,10,0,0,1,1,0,0,0,2,6,3,3,2,3,0
8630,2,8,220,2017,1,7,18,0,0,1,1,0,0,0,2,6,2,3,1,2,1
8631,3,4,316,2017,1,7,20,0,0,1,1,0,0,0,2,6,2,3,1,3,0
8632,3,1,307,2017,1,7,11,0,0,1,0,0,0,0,1,3,6,3,1,3,0
8633,3,3,314,2017,1,7,10,0,1,0,0,0,0,0,1,0,1,3,2,3,0
8634,1,19,140,2017,1,6,8,0,0,1,0,0,0,1,2,3,6,3,1,3,0
8635,7,1,701,2017,1,6,17,0,0,1,0,0,0,0,1,1,2,3,1,3,0
8636,1,12,130,2017,1,6,8,0,0,1,1,0,0,0,2,6,7,3,2,3,0
8637,1,12,130,2017,1,6,13,0,0,1,1,0,0,0,2,6,7,3,2,3,0
8638,5,4,512,2017,1,6,17,0,0,1,1,0,0,1,3,1,5,3,1,3,0
8639,5,6,514,2017,1,6,18,0,0,1,0,0,0,0,1,4,2,3,2,3,0
8640,5,2,509,2017,1,6,15,0,0,1,0,0,0,0,1,1,5,3,1,3,0
8641,4,13,432,2017,1,6,19,0,0,1,1,0,0,0,2,6,2,3,1,3,0
8642,4,13,432,2017,1,6,18,0,0,1,1,0,0,0,2,6,4,3,1,2,1
8643,4,13,432,2017,1,6,14,0,0,1,0,0,0,0,1,2,6,3,1,3,0
8644,2,11,223,2017,1,6,12,0,0,1,0,0,0,1,2,2,6,3,1,3,0
8645,3,7,319,2017,1,6,14,0,1,0,0,0,0,1,2,1,7,3,0,3,0
8646,3,1,310,2017,1,6,13,0,1,0,0,0,0,1,2,5,3,3,1,3,0
8647,2,3,210,2017,1,6,15,0,0,1,1,0,0,0,2,6,4,3,0,2,1
8648,3,1,309,2017,1,6,12,0,1,0,1,0,0,0,2,6,6,3,0,3,0
8649,1,1,101,2017,1,6,20,0,0,1,0,0,0,0,1,5,2,3,1,3,0
8650,1,5,114,2017,1,6,17,0,1,1,0,0,0,0,2,5,3,3,1,2,1
8651,1,1,101,2017,1,6,10,0,0,0,0,0,0,1,1,1,5,3,1,2,1
8652,1,5,114,2017,1,6,8,0,0,1,1,0,0,0,2,6,2,3,1,3,0
8653,7,9,710,2017,1,5,7,0,0,1,0,0,0,0,1,4,2,3,1,3,0
8654,6,9,610,2017,1,5,17,0,1,1,0,0,0,0,2,5,3,3,1,3,0
8655,1,12,130,2017,1,5,7,0,0,1,1,0,0,0,2,6,2,3,1,3,0
8656,1,7,120,2017,1,5,17,0,0,1,0,0,0,0,1,1,6,3,0,3,0
8657,1,6,118,2017,1,5,10,0,0,1,0,0,0,1,2,5,3,3,1,2,1
8658,1,8,126,2017,1,5,7,0,0,1,1,0,0,0,2,6,4,3,1,2,1
8659,5,18,526,2017,1,5,7,0,0,1,1,0,0,0,2,6,3,3,1,3,0
8660,5,2,505,2017,1,5,8,0,1,1,0,0,0,0,2,5,3,3,1,3,0
8661,2,9,221,2017,1,5,8,0,1,1,0,0,0,0,2,5,2,3,1,3,0
8662,2,8,220,2017,1,5,16,0,1,1,0,0,0,0,2,5,2,3,0,2,1
8663,3,7,319,2017,1,5,15,0,0,1,1,0,0,0,2,6,2,3,0,3,0
8664,3,3,313,2017,1,5,17,0,0,1,0,0,0,0,1,2,6,3,1,3,0
8665,1,8,121,2017,1,4,18,0,1,1,0,0,0,0,2,0,5,3,1,3,0
8666,5,4,512,2017,1,4,17,0,0,1,1,0,0,0,2,6,4,3,1,3,0
8667,5,2,507,2017,1,4,16,0,0,1,0,0,0,0,1,5,2,3,1,3,0
8668,4,9,425,2017,1,4,13,0,1,1,0,0,0,0,2,1,6,3,1,3,0
8669,5,7,515,2017,1,4,17,0,0,1,0,0,0,0,1,3,6,3,1,3,0
8670,4,11,430,2017,1,4,7,0,1,1,0,0,0,0,2,5,3,3,0,3,0
8671,4,7,416,2017,1,4,2,0,0,0,1,0,0,1,2,6,7,3,0,2,1
8672,3,8,320,2017,1,4,14,0,1,1,0,0,0,0,2,5,3,3,1,3,0
8673,2,7,219,2017,1,4,7,0,1,1,0,0,0,0,2,5,3,3,1,3,0
8674,3,5,317,2017,1,4,7,0,0,1,1,0,0,0,2,6,4,3,0,3,0
8675,7,4,705,2017,1,3,18,0,0,1,0,0,0,0,1,5,3,3,1,3,0
8676,1,16,136,2017,1,3,19,0,0,1,0,0,0,0,1,1,1,3,1,3,0
8677,1,7,120,2017,1,3,7,0,0,1,0,0,0,0,1,2,6,3,1,2,1
8678,1,8,125,2017,1,3,18,0,0,1,0,0,0,0,1,4,2,3,0,3,0
8679,4,7,417,2017,1,3,18,0,0,1,0,0,0,1,2,0,6,3,1,3,0
8680,4,7,417,2017,1,3,17,0,0,1,0,0,0,0,1,5,3,3,1,3,0
8681,2,9,221,2017,1,3,11,0,0,0,1,0,0,1,2,6,2,3,1,3,0
8682,2,8,220,2017,1,3,15,0,0,1,1,0,0,0,2,6,3,3,0,3,0
8683,4,2,403,2017,1,3,13,0,1,1,0,0,0,0,2,0,2,3,1,3,0
8684,4,2,404,2017,1,3,11,0,1,0,0,0,0,0,1,5,3,3,1,3,0
8685,1,4,111,2017,1,3,14,0,0,1,0,0,0,0,1,2,6,3,0,3,0
8686,1,4,112,2017,1,3,9,0,1,1,0,0,0,0,2,3,6,3,0,3,0
8687,1,3,108,2017,1,3,20,0,0,1,0,0,0,0,1,5,2,3,0,3,0
8688,1,1,101,2017,1,3,19,0,0,1,1,0,0,0,2,6,2,3,0,2,1
8689,1,5,114,2017,1,3,23,0,1,1,0,0,0,0,2,5,3,3,0,3,0
8690,1,5,113,2017,1,3,19,0,0,1,0,0,0,0,1,3,6,3,1,3,0
8691,7,2,703,2017,1,2,18,0,0,1,0,0,0,0,1,2,6,3,1,3,0
8692,5,18,526,2017,1,2,17,0,0,1,0,0,0,1,2,1,5,3,0,3,0
8693,5,5,513,2017,1,2,15,0,0,1,0,0,0,0,1,2,2,3,1,3,0
8694,5,5,513,2017,1,2,6,0,0,1,0,0,0,1,2,5,2,3,1,3,0
8695,5,7,515,2017,1,2,10,0,0,1,1,0,0,0,2,6,4,3,1,2,1
8696,5,7,515,2017,1,2,17,0,0,1,0,0,0,0,1,2,6,3,1,3,0
8697,5,7,515,2017,1,2,14,0,0,1,0,0,0,1,2,5,3,3,1,3,0
8698,4,10,429,2017,1,2,22,0,0,0,1,1,0,0,2,6,4,3,0,2,1
8699,4,8,421,2017,1,2,9,0,0,1,0,0,0,0,1,2,6,3,0,3,0
8700,4,10,428,2017,1,2,7,0,0,1,0,0,0,0,1,1,6,3,1,3,0
8701,2,4,212,2017,1,2,10,0,1,0,1,0,0,0,2,6,6,3,0,3,0
8702,3,6,318,2017,1,2,18,0,0,1,0,0,0,0,1,2,6,3,1,3,0
8703,2,1,202,2017,1,2,9,0,0,1,0,0,0,0,1,2,6,3,0,3,0
8704,6,1,601,2017,1,1,2,0,0,1,0,0,0,0,1,1,1,3,2,3,0
8705,5,1,501,2017,1,1,19,0,0,1,0,0,0,0,1,5,2,3,1,3,0
8706,2,5,217,2017,1,1,17,0,0,1,0,1,0,0,2,5,2,3,1,3,0
8707,1,5,114,2017,1,1,2,0,0,1,1,0,0,0,2,6,4,3,1,2,1
8708,5,2,506,2017,1,7,18,0,0,1,0,0,0,0,1,5,2,3,2,3,0
8709,4,11,430,2017,1,7,13,0,0,1,0,0,0,0,1,2,2,3,2,3,0
8710,5,10,518,2017,1,7,14,0,0,1,0,0,0,0,1,2,6,3,2,3,0
8711,5,12,520,2017,1,7,11,0,0,1,0,0,0,0,1,9,1,3,2,3,0
8712,3,8,320,2017,1,7,17,0,0,0,0,0,0,1,1,5,7,3,2,3,0
8713,2,8,220,2017,1,7,20,0,0,1,0,0,0,0,1,1,5,3,1,3,0
8714,3,1,307,2017,1,7,12,0,1,1,0,0,0,0,2,1,7,3,2,3,0
8715,7,13,714,2017,1,6,14,0,0,1,0,0,0,0,1,5,3,3,0,3,0
8716,1,11,128,2017,1,6,19,0,0,1,0,0,0,0,1,0,7,3,0,3,0
8717,1,12,130,2017,1,6,15,0,0,1,1,0,0,0,2,6,2,3,0,3,0
8718,1,7,119,2017,1,6,14,0,1,1,0,0,0,0,2,5,3,3,0,3,0
8719,5,4,512,2017,1,6,14,0,0,1,0,0,0,0,1,5,3,3,0,2,1
8720,5,2,506,2017,1,6,20,0,0,1,0,0,0,0,1,5,3,3,0,3,0
8721,4,10,429,2017,1,6,18,0,0,1,0,0,0,0,1,2,6,3,0,3,0
8722,4,10,429,2017,1,6,15,0,0,1,0,0,0,0,1,2,6,3,0,3,0
8723,4,5,410,2017,1,6,20,0,0,1,0,0,0,1,2,5,3,3,0,3,0
8724,4,5,413,2017,1,6,19,0,0,1,0,0,0,0,1,2,6,3,1,3,0
8725,4,10,427,2017,1,6,14,0,0,0,1,0,0,1,2,0,4,3,0,3,0
8726,4,6,414,2017,1,6,8,0,1,0,0,0,0,0,1,0,7,3,0,3,0
8727,2,5,216,2017,1,6,14,0,1,1,0,0,0,0,2,5,3,3,0,2,1
8728,2,3,208,2017,1,6,7,0,0,1,0,0,0,0,1,4,2,3,0,3,0
8729,1,16,137,2017,1,6,6,0,0,1,0,0,0,0,1,4,7,3,0,3,0
8730,1,16,137,2017,1,5,7,0,0,1,0,1,0,0,2,5,2,3,0,3,0
8731,5,4,512,2017,1,5,15,0,0,1,0,0,0,0,1,2,6,3,0,3,0
8732,1,12,130,2017,1,5,17,0,0,1,1,0,0,0,2,6,4,3,0,2,1
8733,5,6,514,2017,1,5,18,0,0,1,1,0,0,0,2,6,2,3,0,2,1
8734,5,18,526,2017,1,5,14,0,0,1,0,0,0,0,1,4,6,3,2,3,0
8735,4,9,424,2017,1,5,9,0,1,1,0,0,0,0,2,3,6,3,0,3,0
8736,5,10,518,2017,1,5,15,0,0,1,0,0,0,0,1,4,2,3,0,3,0
8737,4,13,432,2017,1,5,10,0,1,0,0,0,0,1,2,5,3,3,0,3,0
8738,4,4,407,2017,1,5,10,0,0,0,1,0,0,1,2,5,3,3,0,3,0
8739,3,9,321,2017,1,5,9,0,0,0,0,0,0,1,1,5,3,3,0,3,0
8740,2,11,223,2017,1,5,14,0,0,1,0,0,0,0,1,1,7,3,0,3,0
8741,2,14,227,2017,1,5,1,0,0,1,0,0,0,0,1,1,1,3,0,3,0
8742,2,7,219,2017,1,5,17,0,0,1,0,0,0,0,1,8,1,3,0,3,0
8743,4,5,408,2017,1,3,22,0,0,1,0,0,0,0,1,2,6,3,0,3,0
8744,1,3,108,2017,2,7,12,0,0,0,1,0,0,1,2,0,4,3,0,3,0
8745,1,3,108,2017,2,7,6,0,0,1,0,0,0,1,2,2,6,3,1,3,0
8746,1,1,101,2017,2,7,0,0,0,1,1,0,0,0,2,6,4,3,0,2,1
8747,7,13,714,2017,2,6,14,0,0,1,1,0,0,0,2,6,2,3,1,3,0
8748,1,20,141,2017,2,6,13,0,0,1,1,0,0,0,2,6,4,3,1,3,0
8749,7,1,701,2017,2,6,16,0,0,1,0,0,0,0,1,5,3,3,1,3,0