SN,District,Imperial_Circle,Community,Year,Month,Weekday,Hour,Road,Cycle,Car,Pedestrians,Motorcycle,Goods Vehicle,Others,Total,Collision Type,Accident Type,Light Condition,Road Condition,Accident_Severity,Tend_to_Death
9959,2,5,215,2017,5,2,18,0,0,1,0,0,0,1,2,5,3,3,0,3,0
9960,5,7,515,2017,5,3,17,0,1,1,0,0,0,0,2,5,2,3,1,3,0
9961,4,4,407,2017,5,3,12,0,1,0,1,0,0,0,2,6,3,3,0,3,0
9962,4,5,413,2017,5,3,9,0,1,0,0,0,0,0,1,0,7,3,0,3,0
9963,4,7,416,2017,5,3,21,0,1,1,0,0,0,0,2,5,2,3,1,3,0
9964,4,8,419,2017,5,3,13,0,1,1,0,0,0,0,2,5,3,3,0,3,0
9965,4,7,416,2017,5,3,8,0,1,1,0,0,0,0,2,5,2,3,0,3,0
9966,3,8,320,2017,5,3,6,0,0,1,0,1,0,0,2,3,6,3,0,3,0
9967,3,1,304,2017,5,3,17,0,0,1,1,0,0,0,2,6,5,3,1,3,0
9968,3,1,304,2017,5,3,7,0,1,1,0,0,0,0,2,5,3,3,0,3,0
9969,3,2,311,2017,5,3,18,0,1,1,0,0,0,0,2,5,3,3,1,3,0
9970,1,3,108,2017,5,3,21,0,0,1,0,0,0,0,1,4,2,3,1,3,0
9971,1,5,114,2017,5,3,18,0,1,0,1,0,0,0,2,6,4,3,0,3,0
9972,2,8,220,2017,5,2,14,0,0,1,0,1,0,0,2,2,6,3,0,3,0
9973,2,4,214,2017,5,2,13,0,1,0,1,0,0,0,2,0,7,3,0,3,0
9974,1,3,106,2017,5,2,12,0,0,0,1,0,0,1,2,6,4,3,0,3,0
9975,7,14,715,2017,4,5,11,0,1,1,0,0,0,0,2,5,3,3,1,3,0
9976,7,1,702,2017,4,5,19,0,1,1,0,0,0,0,2,3,2,3,0,3,0
9977,6,1,601,2017,4,5,15,0,0,1,0,0,0,1,2,1,1,3,0,3,0
9978,6,1,601,2017,4,5,11,0,1,1,0,0,0,0,2,5,3,3,0,3,0
9979,1,3,107,2017,5,2,16,0,1,0,1,0,0,0,2,6,6,3,0,2,1
9980,6,5,606,2017,4,5,11,0,1,0,0,0,0,1,2,1,5,3,0,2,1
9981,1,11,128,2017,4,5,18,0,0,1,0,0,0,0,1,5,3,3,1,3,0
9982,7,12,713,2017,4,1,14,0,0,0,0,1,0,0,1,3,2,3,0,3,0
9983,7,11,712,2017,4,1,13,0,0,1,0,1,0,0,2,8,1,3,0,2,1
9984,7,3,704,2017,4,1,13,0,1,0,0,1,0,0,2,2,6,3,0,3,0
9985,5,18,526,2017,4,1,5,0,0,1,0,0,0,0,1,9,7,3,0,3,0
9986,3,8,320,2017,4,1,12,0,0,1,0,0,0,0,1,3,7,3,0,3,0
9987,2,7,219,2017,4,1,9,0,0,1,0,0,0,1,2,2,6,3,0,3,0
9988,6,1,601,2017,4,7,12,0,0,1,1,0,0,0,2,6,3,3,0,3,0
9989,5,18,526,2017,4,7,16,0,0,1,0,0,0,0,1,1,5,3,0,3,0
9990,5,2,507,2017,4,7,8,0,0,1,0,0,0,0,1,5,2,3,0,3,0
9991,5,7,515,2017,4,7,15,0,0,1,0,0,0,0,1,2,6,3,0,3,0
9992,5,7,515,2017,4,7,17,0,0,1,1,0,0,0,2,6,4,3,0,2,1
9993,1,13,131,2017,4,5,14,0,0,0,0,1,0,0,1,0,1,3,0,3,0
9994,5,11,519,2017,4,7,9,0,0,0,0,1,0,0,1,0,7,3,1,3,0
9995,4,11,430,2017,4,7,10,0,0,1,0,0,0,0,1,2,2,3,0,3,0
9996,5,2,508,2017,4,5,14,0,0,1,0,1,0,0,2,1,5,3,0,2,1
9997,5,1,501,2017,4,7,17,0,0,1,0,0,0,0,1,5,2,3,1,3,0
9998,5,12,520,2017,4,5,10,0,0,1,0,0,0,0,1,2,6,3,0,3,0
9999,4,7,417,2017,4,7,8,0,0,1,1,0,0,0,2,6,4,3,1,3,0
10000,4,6,414,2017,4,7,8,0,0,1,0,0,0,0,1,3,2,3,1,3,0
10001,2,14,227,2017,4,7,16,0,0,1,0,0,0,0,1,1,5,3,0,3,0
10002,2,5,217,2017,4,7,8,0,0,1,0,0,0,0,1,2,6,3,0,3,0
10003,3,5,317,2017,4,7,13,0,0,1,0,0,0,0,1,4,2,3,0,3,0
10004,1,5,114,2017,4,7,15,0,0,1,0,0,0,0,1,1,6,3,1,3,0
10005,7,12,713,2017,4,6,16,0,0,1,0,0,0,1,2,2,6,3,0,3,0
10006,1,6,116,2017,5,1,13,0,1,1,0,0,0,0,2,5,2,3,0,3,0
10007,7,1,701,2017,4,6,12,0,0,1,0,0,0,0,1,2,6,3,0,3,0
10008,7,1,702,2017,4,6,12,0,0,1,0,0,0,0,1,2,6,3,1,3,0
10009,6,2,602,2017,4,6,7,0,0,0,1,0,0,1,2,6,4,3,0,3,0
10010,6,14,615,2017,4,6,7,0,0,1,1,0,0,0,2,6,4,3,0,3,0
10011,1,13,131,2017,4,6,16,0,0,0,0,0,0,1,1,5,3,3,1,3,0
10012,1,12,130,2017,4,6,16,0,0,1,0,1,0,0,2,2,2,3,1,3,0
10013,1,12,130,2017,4,6,17,0,0,1,0,0,0,0,1,1,5,3,1,3,0
10014,4,13,432,2017,4,5,13,0,0,1,1,0,0,0,2,6,4,3,1,3,0
10015,4,13,432,2017,4,5,16,0,0,1,0,0,0,0,1,3,5,3,0,3,0
10016,4,5,409,2017,4,5,8,0,0,1,0,0,0,0,1,5,3,3,0,3,0
10017,1,8,125,2017,4,6,16,0,1,1,0,0,0,0,2,4,2,3,0,3,0
10018,1,8,122,2017,4,6,12,0,0,1,0,0,0,0,1,2,6,3,1,3,0
10019,4,5,409,2017,4,5,8,0,0,1,0,0,0,0,1,2,6,3,1,3,0
10020,5,5,513,2017,4,6,7,0,1,1,0,0,0,0,2,5,3,3,0,3,0
10021,5,1,501,2017,4,5,17,0,0,1,0,0,0,0,1,5,3,3,1,3,0
10022,5,2,507,2017,4,6,12,0,0,1,0,0,0,0,1,1,6,3,1,3,0
10023,5,8,516,2017,4,6,21,0,1,0,1,0,0,0,2,6,7,3,1,3,0
10024,5,7,515,2017,4,6,13,0,1,0,0,0,0,1,2,1,5,3,0,3,0
10025,5,12,520,2017,4,6,12,0,0,1,0,0,0,0,1,2,6,3,0,3,0
10026,5,10,518,2017,4,6,12,0,0,1,0,1,0,0,2,5,3,3,0,3,0
10027,4,13,432,2017,4,6,16,0,1,1,0,0,0,0,2,5,3,3,1,3,0
10028,4,8,421,2017,4,6,23,0,0,1,0,0,0,0,1,9,1,3,1,3,0
10029,2,8,220,2017,4,6,6,0,0,1,0,0,0,0,1,1,6,3,0,3,0
10030,2,1,205,2017,4,6,20,0,0,1,0,0,0,1,2,2,6,3,1,3,0
10031,2,4,213,2017,4,6,15,0,1,1,0,0,0,0,2,1,5,3,0,3,0
10032,2,3,210,2017,4,6,8,0,1,0,0,0,0,0,1,0,7,3,0,3,0
10033,4,6,414,2017,5,2,10,0,0,1,0,0,0,0,1,3,2,3,1,3,0
10034,3,2,311,2017,4,6,7,0,0,1,1,0,0,0,2,6,4,3,0,2,1
10035,1,5,114,2017,4,6,20,0,1,0,1,0,0,0,2,6,6,3,1,3,0
10036,2,8,220,2017,4,5,11,0,0,1,0,0,0,0,1,2,6,3,1,3,0
10037,3,8,320,2017,4,5,10,0,0,1,0,0,0,0,1,4,2,3,0,3,0
10038,6,14,615,2017,4,5,12,0,1,0,0,0,0,0,1,0,7,3,0,3,0
10039,3,1,306,2017,4,5,17,0,1,1,0,0,0,0,2,1,5,3,1,3,0
10040,3,5,317,2017,4,5,17,0,1,1,0,0,0,0,2,0,6,3,0,3,0
10041,3,4,316,2017,4,5,6,0,1,1,0,0,0,0,2,5,3,3,0,3,0
10042,2,1,201,2017,4,5,10,0,0,1,0,1,0,0,2,0,7,3,1,3,0
10043,1,3,107,2017,4,5,11,0,1,1,0,0,0,0,2,0,2,3,1,3,0
10044,1,11,129,2017,4,5,17,0,1,0,1,0,0,0,2,6,6,3,0,3,0
10045,1,6,115,2017,4,5,16,0,0,1,0,0,0,0,1,2,6,3,0,3,0
10046,1,14,133,2017,4,5,15,0,0,1,0,0,0,0,1,1,6,3,0,3,0
10047,1,14,132,2017,4,5,18,0,1,0,0,0,0,0,1,0,7,3,0,3,0
10048,5,6,514,2017,4,5,16,0,1,0,0,0,0,0,1,4,6,3,1,3,0
10049,5,3,511,2017,4,5,12,0,0,1,0,0,0,1,2,5,3,3,0,3,0
10050,5,2,505,2017,4,5,11,0,1,0,0,0,0,1,2,5,3,3,0,3,0
10051,5,3,511,2017,4,5,18,0,0,1,0,0,0,0,1,5,3,3,0,3,0
10052,5,2,509,2017,4,5,12,0,0,1,1,0,0,0,2,6,7,3,0,3,0
10053,4,11,430,2017,4,5,18,0,0,1,0,0,0,0,1,2,6,3,0,3,0
10054,4,13,432,2017,4,5,10,0,0,1,0,0,0,0,1,7,7,3,0,3,0
10055,1,16,137,2017,5,1,16,0,1,1,0,0,0,0,2,5,3,3,0,3,0
10056,2,5,217,2017,4,5,7,0,0,0,1,0,0,1,2,6,3,3,0,3,0
10057,3,5,317,2017,4,5,8,0,0,1,0,0,0,0,1,1,6,3,0,3,0
10058,2,1,204,2017,4,5,19,0,0,1,0,0,0,1,2,3,6,3,0,3,0
10059,2,1,201,2017,4,5,9,0,1,1,0,0,0,0,2,3,2,3,0,3,0
10060,1,5,114,2017,4,5,17,0,1,0,0,0,0,0,1,5,3,3,0,3,0
10061,1,16,137,2017,4,4,10,0,0,1,0,0,0,0,1,2,6,3,0,3,0
10062,6,2,603,2017,4,4,20,0,1,1,0,0,0,0,2,5,3,3,0,3,0
10063,6,14,615,2017,4,4,7,0,0,1,0,0,0,0,1,8,7,3,0,3,0
10064,5,18,526,2017,4,4,16,0,0,1,0,0,0,1,2,3,2,3,0,3,0
10065,5,5,513,2017,4,4,9,0,0,1,0,0,0,0,1,2,7,3,0,3,0
10066,1,4,112,2017,5,2,7,0,0,1,0,0,0,0,1,2,6,3,0,3,0
10067,5,4,512,2017,4,4,8,0,1,0,0,0,0,0,1,2,6,3,0,3,0
10068,5,4,512,2017,4,4,7,0,0,0,1,0,0,1,2,0,4,3,0,3,0
10069,5,2,506,2017,4,4,17,0,0,1,0,0,0,0,1,5,3,3,0,3,0
10070,4,12,431,2017,4,4,12,0,0,1,1,0,0,0,2,6,3,3,1,3,0
10071,4,13,432,2017,4,4,7,0,1,0,1,0,0,0,2,6,6,3,0,3,0
10072,1,1,101,2017,4,5,14,0,0,1,0,0,0,0,1,3,6,3,1,3,0
10073,1,5,114,2017,4,5,11,0,0,0,0,0,0,1,1,0,7,3,1,3,0
10074,4,10,426,2017,4,4,16,0,0,1,0,0,0,0,1,5,3,3,0,3,0
10075,4,8,423,2017,4,4,15,0,0,1,0,0,0,0,1,2,6,3,0,3,0
10076,4,10,426,2017,4,4,7,0,0,1,0,0,0,0,1,1,6,3,0,3,0
10077,4,7,417,2017,4,4,15,0,0,0,0,1,0,0,1,0,7,3,1,3,0
10078,2,14,227,2017,4,4,19,0,0,1,0,1,0,0,2,0,7,3,0,3,0
10079,2,11,224,2017,4,4,7,0,0,1,1,0,0,0,2,0,7,3,0,3,0
10080,2,9,221,2017,4,4,12,0,0,1,0,0,0,0,1,2,6,3,0,3,0
10081,2,5,217,2017,4,4,16,0,0,0,1,0,0,1,2,6,4,3,0,2,1
10082,4,3,406,2017,4,4,17,0,0,1,0,0,0,0,1,1,6,3,0,3,0
10083,3,2,312,2017,4,4,16,0,0,0,1,0,0,1,2,6,4,3,0,3,0
10084,3,3,314,2017,4,4,14,0,0,1,1,0,0,0,2,6,7,3,0,3,0
10085,4,8,419,2017,5,1,17,0,0,1,0,0,0,0,1,5,3,3,0,2,1
10086,1,19,140,2017,4,4,11,0,0,1,0,1,0,0,2,2,6,3,1,3,0
10087,3,3,313,2017,4,4,9,0,1,1,0,0,0,0,2,3,3,3,0,3,0
10088,1,16,137,2017,4,4,15,0,0,0,0,0,0,1,1,5,2,3,1,3,0
10089,3,3,313,2017,4,4,9,0,1,0,0,0,0,0,1,5,3,3,0,3,0
10090,1,1,102,2017,4,4,18,0,0,1,1,0,0,0,2,0,7,3,0,3,0
10091,1,11,128,2017,4,3,8,0,1,1,0,0,0,0,2,5,3,3,1,3,0
10092,1,11,129,2017,4,3,16,0,0,1,0,0,0,0,1,2,6,3,0,3,0
10093,5,6,514,2017,4,3,14,0,0,1,0,0,0,0,1,0,7,3,0,3,0
10094,5,18,526,2017,4,3,7,0,0,1,0,0,0,0,1,5,3,3,1,3,0
10095,5,3,510,2017,4,3,8,0,1,1,1,0,0,0,3,0,7,3,1,3,0
10096,4,5,410,2017,4,3,14,0,1,1,0,0,0,0,2,5,3,3,0,3,0
10097,4,5,413,2017,4,3,10,0,0,1,0,0,0,0,1,5,7,3,0,3,0
10098,5,9,517,2017,5,1,11,0,1,1,0,0,0,0,2,1,3,3,0,3,0
10099,4,5,409,2017,4,3,8,0,1,0,0,0,0,0,1,0,7,3,1,3,0
10100,5,1,504,2017,5,2,17,0,0,1,0,0,0,0,1,3,6,3,0,3,0
10101,2,9,221,2017,4,3,14,0,0,1,0,1,0,0,2,4,6,3,0,3,0
10102,2,11,224,2017,4,3,16,0,0,1,1,0,0,0,2,0,7,3,0,3,0
10103,2,9,221,2017,4,3,12,0,1,0,1,0,0,0,2,6,6,3,0,3,0
10104,2,1,203,2017,4,3,18,0,0,1,0,0,0,0,1,5,3,3,0,3,0
10105,3,2,312,2017,4,3,8,0,0,1,0,0,0,0,1,2,6,3,1,3,0
10106,1,4,112,2017,4,3,16,0,0,1,1,0,0,0,2,6,6,3,0,3,0
10107,1,12,130,2017,4,4,17,0,1,1,0,0,0,0,2,3,2,3,1,3,0
10108,1,20,141,2017,4,2,13,0,0,1,0,0,0,0,1,1,6,3,0,3,0
10109,7,12,713,2017,4,2,9,0,0,1,0,0,0,1,2,4,2,3,0,2,1
10110,5,18,526,2017,4,4,8,0,0,1,1,0,0,0,2,6,4,3,1,2,1
10111,5,6,514,2017,4,4,10,0,0,1,0,0,0,0,1,5,2,3,1,3,0
10112,7,9,710,2017,4,2,18,0,0,1,0,0,0,0,1,2,6,3,1,3,0
10113,6,2,602,2017,4,2,15,0,1,1,0,0,0,0,2,5,3,3,0,3,0
10114,5,8,516,2017,4,2,22,0,1,0,0,0,0,0,1,0,7,3,1,3,0
10115,5,7,515,2017,4,2,17,0,0,1,0,0,0,0,1,4,2,3,1,3,0
10116,4,10,428,2017,4,2,12,0,0,1,0,0,0,0,1,2,6,3,0,3,0
10117,4,10,427,2017,4,2,11,0,1,1,0,0,0,0,2,5,3,3,0,2,1
10118,3,9,321,2017,4,2,12,0,0,1,0,0,0,0,1,9,7,3,0,3,0
10119,2,6,218,2017,4,2,16,0,0,1,0,1,0,0,2,2,6,3,0,3,0
10120,2,5,217,2017,4,2,10,0,0,1,0,0,0,0,1,3,6,3,0,3,0
10121,3,6,318,2017,4,2,19,0,1,1,0,0,0,0,2,4,2,3,1,3,0
10122,4,2,403,2017,4,2,14,0,1,1,0,0,0,0,2,4,2,3,0,3,0
10123,2,6,218,2017,5,2,11,0,0,1,0,0,0,0,1,2,2,3,0,3,0
10124,2,1,204,2017,4,2,17,0,1,1,0,0,0,0,2,0,7,3,1,3,0
10125,3,1,310,2017,4,2,17,0,0,1,0,0,0,1,2,4,2,3,1,2,1
10126,1,15,134,2017,4,1,7,0,0,1,0,0,0,0,1,0,6,3,1,3,0
10127,1,7,119,2017,4,1,3,0,0,1,0,0,0,1,2,8,1,3,1,3,0
10128,4,9,425,2017,4,4,17,0,0,1,0,0,0,0,1,2,6,3,1,3,0
10129,5,2,509,2017,4,4,12,0,0,1,0,0,0,0,1,4,2,3,1,3,0
10130,5,8,516,2017,4,4,18,0,1,1,0,0,0,0,2,5,3,3,1,3,0
10131,5,3,511,2017,4,1,14,0,0,1,0,0,0,0,1,1,3,3,1,3,0
10132,5,2,509,2017,4,1,9,0,0,1,1,0,0,0,2,6,4,3,1,3,0
10133,5,8,516,2017,4,4,15,0,0,1,0,0,0,1,2,1,7,3,1,3,0
10134,4,13,432,2017,4,1,0,0,1,0,1,0,0,0,2,6,6,3,0,2,1
10135,2,9,221,2017,4,1,19,0,1,1,0,0,0,0,2,5,3,3,0,3,0
10136,2,8,220,2017,4,1,15,0,0,1,0,0,0,0,1,0,7,3,0,3,0
10137,3,5,317,2017,4,1,12,0,1,1,0,0,0,0,2,5,3,3,0,3,0
10138,1,3,108,2017,4,1,2,0,0,1,0,0,0,0,1,5,2,3,0,3,0
10139,1,16,136,2017,4,7,1,0,0,1,0,0,0,1,2,1,5,3,1,3,0
10140,5,18,526,2017,4,7,14,0,0,1,0,0,0,0,1,5,3,3,1,3,0
10141,5,6,514,2017,4,7,12,0,0,1,0,0,0,0,1,2,6,3,1,3,0
10142,5,18,526,2017,4,7,15,0,0,1,0,0,0,0,1,5,3,3,1,3,0
10143,5,3,510,2017,4,7,14,0,1,1,0,0,0,0,2,1,5,3,1,2,1
10144,5,3,510,2017,4,7,15,0,0,1,0,0,0,0,1,4,2,3,0,3,0
10145,5,7,515,2017,4,7,13,0,0,1,0,0,0,0,1,2,6,3,1,3,0
10146,5,12,520,2017,4,7,10,0,0,1,0,0,0,1,2,2,6,3,1,3,0
10147,5,17,525,2017,4,7,10,0,0,1,0,0,0,0,1,4,7,3,0,3,0
10148,4,8,422,2017,4,7,14,0,0,1,0,0,0,1,2,2,6,3,1,3,0
10149,4,6,415,2017,4,7,14,0,0,1,0,0,0,0,1,5,3,3,1,2,1
10150,2,8,220,2017,4,7,12,0,0,1,0,0,0,0,1,5,3,3,1,3,0
10151,7,10,711,2017,4,6,21,0,0,1,0,0,0,0,1,4,2,3,1,3,0
10152,5,11,519,2017,4,4,17,0,0,1,0,0,0,0,1,1,6,3,1,3,0
10153,4,7,416,2017,4,4,10,0,0,1,1,0,0,0,2,6,4,3,1,3,0
10154,5,2,505,2017,5,1,14,0,0,1,0,0,0,0,1,3,7,3,0,3,0
10155,7,7,708,2017,4,6,8,0,0,0,0,0,0,1,1,0,7,3,0,3,0
10156,6,1,601,2017,4,6,12,0,1,0,1,0,0,0,2,6,6,3,0,3,0
10157,6,1,601,2017,4,6,16,0,1,1,0,0,0,0,2,0,2,3,1,3,0
10158,4,13,432,2017,4,6,6,0,0,1,0,0,0,1,2,2,6,3,0,3,0
10159,5,1,501,2017,4,6,15,0,0,1,0,0,0,0,1,5,3,3,0,3,0
10160,3,8,320,2017,4,6,7,0,1,0,0,0,0,0,1,0,6,3,0,3,0
10161,2,10,222,2017,4,6,7,0,1,1,0,0,0,0,2,5,3,3,0,3,0
10162,2,9,221,2017,4,4,5,0,1,1,0,0,0,0,2,5,3,3,1,3,0
10163,2,5,215,2017,4,6,13,0,0,1,0,0,0,1,2,1,2,3,0,3,0
10164,3,1,301,2017,4,6,20,0,0,1,0,0,0,0,1,5,3,3,1,3,0
10165,2,5,216,2017,4,4,13,0,0,1,0,0,0,0,1,5,3,3,1,3,0
10166,3,5,317,2017,4,6,17,0,0,0,0,1,0,1,2,0,7,3,0,3,0
10167,3,1,303,2017,4,6,10,0,1,1,0,0,0,0,2,5,7,3,0,3,0
10168,4,2,403,2017,4,6,16,0,1,0,1,0,0,0,2,6,4,3,0,3,0
10169,3,1,310,2017,4,6,8,0,1,0,0,0,0,0,1,4,6,3,0,3,0
10170,1,6,115,2017,4,6,10,0,1,1,0,0,0,0,2,5,3,3,0,3,0
10171,7,9,710,2017,4,5,16,0,0,1,0,1,0,0,2,4,6,3,0,3,0
10172,1,16,136,2017,4,5,9,0,0,1,0,0,0,0,1,4,6,3,0,3,0
10173,1,16,136,2017,4,5,5,0,0,1,0,0,0,0,1,5,3,3,0,3,0
10174,6,2,602,2017,4,5,5,0,0,1,1,0,0,0,2,5,3,3,0,3,0
10175,6,5,606,2017,4,5,14,0,1,0,0,0,0,1,2,1,5,3,0,2,1
10176,1,11,129,2017,4,5,6,0,0,1,0,1,0,0,2,3,6,3,0,2,1
10177,1,14,132,2017,4,5,16,0,0,1,0,0,0,1,2,5,3,3,0,2,1
10178,5,5,513,2017,4,5,14,0,0,1,0,1,0,0,2,5,3,3,0,3,0
10179,5,18,526,2017,4,5,16,0,1,1,0,0,0,0,2,5,3,3,0,3,0
10180,5,18,526,2017,4,5,8,0,0,1,0,0,0,0,1,1,6,3,0,3,0
10181,5,4,512,2017,4,5,9,0,0,1,0,1,0,0,2,2,6,3,0,3,0
10182,5,2,505,2017,4,5,18,0,0,1,0,0,0,0,1,5,2,3,0,3,0
10183,5,7,515,2017,4,5,14,0,1,1,0,0,0,0,2,5,3,3,0,3,0
10184,5,2,509,2017,4,5,7,0,1,1,0,0,0,0,2,2,6,3,0,3,0
10185,4,12,431,2017,4,5,14,0,0,1,1,0,0,0,2,6,7,3,0,3,0
10186,4,4,407,2017,4,5,22,0,1,0,0,0,0,0,1,0,1,3,0,3,0
10187,3,8,320,2017,5,2,16,0,0,0,1,0,0,1,2,0,4,3,0,3,0
10188,2,14,227,2017,4,5,16,0,0,1,0,0,0,0,1,5,3,3,0,3,0
10189,2,6,218,2017,4,5,9,0,1,1,0,0,0,0,2,5,7,3,0,3,0
10190,4,2,403,2017,4,5,14,0,1,0,0,0,0,0,1,0,7,3,0,2,1
10191,2,3,208,2017,4,5,10,0,0,1,0,0,0,0,1,5,3,3,0,2,1
10192,2,4,213,2017,4,5,8,0,1,1,0,0,0,0,2,4,6,3,0,3,0
10193,2,7,219,2017,4,4,12,0,0,1,0,0,0,0,1,5,3,3,1,3,0
10194,1,5,113,2017,4,5,11,0,1,0,0,0,0,1,2,3,2,3,0,3,0
10195,7,13,714,2017,4,4,17,0,0,1,0,0,0,1,2,0,6,3,0,3,0
10196,7,10,711,2017,4,4,10,0,1,0,0,0,0,0,1,7,1,3,0,2,1
10197,6,1,601,2017,4,4,17,0,0,0,0,0,0,1,1,0,7,3,0,2,1
10198,2,7,219,2017,4,4,12,0,0,1,0,0,0,0,1,2,6,3,1,3,0
10199,1,11,128,2017,4,4,15,0,0,1,0,0,0,1,2,5,7,3,0,3,0
10200,1,11,128,2017,4,4,7,0,0,1,0,0,0,0,1,1,6,3,0,3,0
10201,2,1,203,2017,4,4,17,0,1,1,0,0,0,0,2,5,3,3,1,3,0
10202,1,11,128,2017,4,4,7,0,0,1,0,0,0,0,1,3,6,3,0,3,0
10203,1,13,131,2017,4,4,6,0,0,1,0,0,0,1,2,2,6,3,0,3,0
10204,1,11,129,2017,4,4,18,0,0,1,0,0,0,0,1,2,6,3,0,3,0
10205,5,18,526,2017,4,4,7,0,0,1,1,0,0,0,2,6,4,3,0,3,0
10206,5,4,512,2017,4,4,8,0,0,1,0,0,0,0,1,5,3,3,0,2,1
10207,5,2,505,2017,4,4,9,0,0,0,1,0,0,1,2,6,2,3,0,2,1
10208,5,11,519,2017,4,4,17,0,0,1,0,0,0,0,1,5,3,3,0,3,0
10209,2,3,209,2017,4,4,12,0,0,1,0,0,0,0,1,5,3,3,1,3,0
10210,4,13,432,2017,4,4,5,0,0,1,0,0,0,0,1,1,6,3,0,3,0
10211,4,5,413,2017,4,4,16,0,0,1,0,0,0,0,1,2,2,3,0,3,0
10212,4,5,409,2017,4,4,11,0,0,1,0,0,0,1,2,2,6,3,0,3,0
10213,4,7,417,2017,4,4,9,0,1,0,1,0,0,0,2,6,3,3,0,3,0
10214,2,12,225,2017,4,4,11,0,1,1,0,0,0,0,2,5,3,3,0,3,0
10215,2,9,221,2017,4,4,10,0,1,1,0,0,0,0,2,5,7,3,0,3,0
10216,2,8,220,2017,4,4,15,0,1,1,0,0,0,0,2,5,3,3,0,3,0
10217,2,8,220,2017,4,4,18,0,1,1,0,0,0,0,2,5,3,3,0,3,0
10218,3,6,318,2017,4,4,7,0,0,1,0,0,0,0,1,2,6,3,0,3,0
10219,3,7,319,2017,4,4,12,0,0,1,1,0,0,0,2,6,4,3,0,3,0
10220,4,2,403,2017,4,4,12,0,1,0,0,0,0,0,1,0,7,3,0,3,0
10221,3,3,313,2017,4,4,6,0,1,0,0,0,0,0,1,5,3,3,0,3,0
10222,2,1,201,2017,4,4,8,0,0,1,1,0,0,0,2,6,7,3,0,3,0
10223,1,16,137,2017,4,3,19,0,1,1,0,0,0,0,2,5,3,3,0,3,0
10224,1,16,137,2017,4,3,16,0,0,1,0,0,0,0,1,5,3,3,0,3,0
10225,6,2,603,2017,4,3,17,0,1,0,1,0,0,0,2,6,4,3,0,2,1
10226,6,14,615,2017,4,3,21,0,1,1,0,0,0,0,2,0,7,3,1,3,0
10227,5,18,526,2017,4,3,7,0,1,1,0,0,0,0,2,5,3,3,1,3,0
10228,3,2,311,2017,4,4,14,0,1,0,1,0,0,0,2,6,4,3,1,3,0
10229,3,2,312,2017,4,4,9,0,1,0,0,0,0,1,2,1,5,3,1,3,0
10230,4,9,424,2017,4,3,23,0,0,1,0,0,0,0,1,3,2,3,0,3,0
10231,4,9,425,2017,4,3,17,0,0,1,0,0,0,0,1,3,6,3,0,3,0
10232,1,4,109,2017,4,4,15,0,1,0,0,0,0,1,2,3,6,3,1,3,0
10233,5,7,515,2017,4,3,18,0,0,1,0,0,0,0,1,2,6,3,0,3,0
10234,1,1,101,2017,4,4,21,0,0,1,0,0,0,0,1,3,6,3,1,3,0
10235,5,7,515,2017,4,3,20,0,1,1,0,0,0,0,2,4,7,3,0,3,0
10236,4,11,430,2017,4,3,16,0,0,1,0,0,0,0,1,1,6,3,0,3,0
10237,1,1,101,2017,4,4,15,0,1,1,0,0,0,0,2,4,2,3,1,3,0
10238,4,5,411,2017,4,3,7,0,1,1,0,0,0,0,2,5,2,3,0,3,0
10239,4,6,415,2017,4,3,7,0,1,1,0,0,0,0,2,4,2,3,0,3,0
10240,4,7,416,2017,4,3,14,0,0,1,0,0,0,0,1,1,6,3,0,3,0
10241,2,11,224,2017,4,3,11,0,0,1,0,1,0,0,2,5,3,3,0,3,0
10242,2,8,220,2017,4,3,18,0,0,1,0,0,0,0,1,1,6,3,0,3,0
10243,2,8,220,2017,4,3,8,0,0,1,0,0,0,1,2,2,6,3,0,3,0
10244,3,1,306,2017,4,3,15,0,1,1,0,0,0,0,2,0,2,3,0,3,0
10245,4,2,404,2017,4,3,11,0,1,0,0,0,0,1,2,5,7,3,0,3,0
10246,3,1,305,2017,4,3,14,0,0,1,0,0,0,0,1,1,6,3,0,3,0
10247,3,1,307,2017,4,3,19,0,1,1,0,0,0,0,2,5,3,3,0,3,0
10248,3,5,317,2017,4,3,18,0,1,1,0,0,0,0,2,5,3,3,0,3,0
10249,2,1,206,2017,4,3,9,0,1,0,0,0,0,1,2,5,3,3,0,2,1
10250,3,1,309,2017,4,3,21,0,0,1,1,0,0,0,2,6,4,3,0,3,0
10251,6,1,601,2017,4,2,18,0,1,1,0,0,0,0,2,5,3,3,1,3,0
10252,7,1,702,2017,4,4,16,0,0,1,0,0,0,0,1,2,6,3,1,3,0
10253,4,10,426,2017,5,6,16,0,0,1,0,0,0,0,1,4,2,3,0,3,0
10254,5,1,501,2017,5,2,13,0,1,1,0,0,0,0,2,0,7,3,0,2,1
10255,3,9,321,2017,5,6,12,0,0,1,0,1,0,0,2,3,6,3,0,3,0
10256,1,1,102,2017,5,3,12,0,0,1,0,0,0,0,1,3,7,3,0,3,0