SN,District,Imperial_Circle,Community,Year,Month,Weekday,Hour,Road,Cycle,Car,Pedestrians,Motorcycle,Goods Vehicle,Others,Total,Collision Type,Accident Type,Light Condition,Road Condition,Accident_Severity,Tend_to_Death
10553,4,2,404,2017,5,4,8,0,0,1,0,0,0,1,2,3,6,3,0,3,0
10554,3,1,305,2017,5,1,13,0,1,1,0,0,0,0,2,5,2,3,0,3,0
10555,5,2,506,2017,5,4,9,0,0,1,0,0,0,0,1,5,3,3,0,3,0
10556,2,11,223,2017,5,4,13,0,0,1,0,1,0,0,2,0,7,3,0,3,0
10557,5,6,514,2017,5,4,13,0,1,1,0,0,0,0,2,3,6,3,0,3,0
10558,2,4,212,2017,5,1,12,0,0,1,0,1,0,0,2,5,2,3,0,3,0
10559,1,4,111,2017,5,1,22,0,1,0,0,0,0,0,1,0,7,3,1,3,0
10560,7,1,702,2017,5,1,13,0,1,1,0,0,0,0,2,5,3,3,0,3,0
10561,6,7,608,2017,5,7,9,0,0,0,0,1,0,0,1,4,6,3,1,2,1
10562,5,18,526,2017,5,7,13,0,0,1,0,0,0,0,1,2,6,3,0,3,0
10563,5,11,519,2017,5,7,12,0,0,1,0,0,0,0,1,2,6,3,0,3,0
10564,4,8,419,2017,5,7,17,0,1,1,0,0,0,0,2,4,7,3,1,3,0
10565,4,2,405,2017,5,7,15,0,0,1,0,0,0,0,1,1,7,3,1,3,0
10566,1,3,108,2017,5,7,1,0,0,1,0,0,0,0,1,5,3,3,1,3,0
10567,1,16,136,2017,5,6,14,0,0,1,0,0,0,0,1,8,1,3,0,2,1
10568,1,6,115,2017,5,6,17,0,1,0,0,0,0,1,2,0,7,3,0,3,0
10569,5,6,514,2017,5,6,16,0,1,1,0,0,0,0,2,1,7,3,0,3,0
10570,5,18,526,2017,5,6,16,0,1,1,0,0,0,0,2,0,3,3,0,3,0
10571,5,6,514,2017,5,6,7,0,0,1,0,0,0,1,2,1,5,3,0,2,1
10572,5,7,515,2017,5,2,13,0,1,0,0,0,0,1,2,5,2,3,0,3,0
10573,5,2,508,2017,5,6,14,0,0,1,0,0,0,0,1,5,3,3,0,3,0
10574,2,4,212,2017,5,3,15,0,1,1,0,0,0,0,2,1,7,3,0,3,0
10575,4,11,430,2017,5,6,20,0,0,1,0,0,0,1,2,3,6,3,1,3,0
10576,5,8,516,2017,5,3,6,0,0,0,0,1,0,0,1,0,7,3,1,3,0
10577,5,12,520,2017,5,6,21,0,0,1,0,0,0,1,2,4,2,3,1,3,0
10578,4,12,431,2017,5,6,13,0,1,1,0,0,0,0,2,3,6,3,0,3,0
10579,1,2,103,2017,5,4,19,0,0,1,0,0,0,0,1,4,2,3,0,3,0
10580,4,8,422,2017,5,6,18,0,0,1,0,0,0,0,1,5,2,3,0,3,0
10581,4,13,432,2017,5,4,17,0,1,0,0,0,0,1,2,0,3,3,0,2,1
10582,3,8,320,2017,5,6,16,0,1,1,0,0,0,0,2,0,5,3,0,3,0
10583,5,1,501,2017,5,6,17,0,1,1,0,0,0,0,2,4,2,3,0,2,1
10584,2,5,216,2017,5,6,10,0,1,1,0,0,0,0,2,5,2,3,1,3,0
10585,2,5,217,2017,5,6,8,0,0,1,0,0,0,0,1,2,6,3,0,3,0
10586,1,4,112,2017,5,1,9,0,1,0,0,0,0,1,2,3,6,3,0,3,0
10587,2,5,215,2017,5,6,7,0,0,1,0,0,0,0,1,3,6,3,0,3,0
10588,5,6,514,2017,5,3,6,0,0,1,0,0,0,1,2,1,6,3,1,3,0
10589,3,6,318,2017,5,6,11,0,1,1,0,0,0,0,2,1,5,3,1,3,0
10590,1,4,109,2017,5,4,17,0,0,1,0,0,0,1,2,2,6,3,0,3,0
10591,5,12,520,2017,5,4,14,0,0,1,0,0,0,1,2,2,6,3,0,3,0
10592,3,4,315,2017,5,6,14,0,0,1,1,0,0,0,2,6,4,3,0,3,0
10593,6,2,602,2017,5,4,14,0,1,0,0,0,0,0,1,0,3,3,0,3,0
10594,3,4,315,2017,5,6,14,0,0,1,0,1,0,0,2,3,6,3,0,3,0
10595,3,5,317,2017,5,6,11,0,0,0,0,1,0,0,1,0,1,3,1,3,0
10596,4,1,402,2017,5,6,7,0,1,1,0,0,0,0,2,5,3,3,0,3,0
10597,1,4,109,2017,5,6,15,0,1,1,0,0,0,0,2,5,3,3,0,3,0
10598,1,5,113,2017,5,6,13,0,1,0,0,0,0,0,1,0,7,3,0,3,0
10599,1,16,137,2017,5,5,14,0,0,1,1,0,0,0,2,6,4,3,0,3,0
10600,6,1,601,2017,5,5,16,0,0,1,0,0,0,0,1,3,6,3,0,3,0
10601,6,2,602,2017,5,5,9,0,1,0,1,0,0,0,2,0,7,3,0,3,0
10602,1,12,130,2017,5,5,16,0,1,0,0,0,0,1,2,4,1,3,0,3,0
10603,1,11,129,2017,5,5,14,0,0,1,0,0,0,1,2,2,2,3,0,3,0
10604,1,12,130,2017,5,5,8,0,1,1,0,0,0,0,2,5,3,3,0,2,1
10605,1,13,131,2017,5,5,17,0,0,1,0,0,0,0,1,5,2,3,0,2,1
10606,1,14,132,2017,5,5,17,0,0,0,0,1,0,1,2,3,6,3,0,3,0
10607,1,8,125,2017,5,5,13,0,0,1,0,0,0,1,2,3,2,3,0,3,0
10608,1,8,121,2017,5,5,18,0,0,1,0,1,0,0,2,4,2,3,0,3,0
10609,1,20,141,2017,5,1,14,0,1,1,0,0,0,0,2,3,6,3,0,3,0
10610,5,18,526,2017,5,5,12,0,0,1,0,0,0,0,1,1,6,3,0,3,0
10611,5,2,509,2017,5,5,13,0,0,1,0,0,0,0,1,5,3,3,0,3,0
10612,5,7,515,2017,5,5,15,0,0,1,0,0,0,0,1,1,6,3,0,3,0
10613,5,12,520,2017,5,5,14,0,0,1,0,1,0,0,2,3,6,3,0,3,0
10614,4,4,407,2017,5,5,12,0,0,1,0,0,0,0,1,2,6,3,0,3,0
10615,4,5,413,2017,5,5,15,0,1,1,0,0,0,0,2,3,6,3,0,3,0
10616,4,10,428,2017,5,5,16,0,0,1,0,0,0,0,1,2,6,3,0,3,0
10617,3,9,321,2017,5,5,11,0,0,1,1,0,0,0,2,6,7,3,0,3,0
10618,2,5,215,2017,5,5,17,0,1,1,0,0,0,0,2,5,3,3,0,3,0
10619,3,1,305,2017,5,5,16,0,1,1,0,0,0,0,2,0,6,3,0,3,0
10620,4,7,417,2017,5,6,19,0,1,1,0,0,0,0,2,0,5,3,0,3,0
10621,4,2,404,2017,5,5,11,0,0,1,0,0,0,1,2,5,3,3,0,3,0
10622,7,4,705,2017,5,2,12,0,0,1,0,0,0,0,1,1,2,3,0,3,0
10623,3,1,306,2017,5,5,8,0,1,0,0,0,0,0,1,0,7,3,0,3,0
10624,2,5,215,2017,5,3,19,0,0,1,0,0,0,0,1,4,2,3,0,3,0
10625,2,4,213,2017,5,5,13,0,0,0,1,0,0,1,2,0,4,3,0,3,0
10626,7,8,709,2017,5,3,7,0,0,1,0,0,0,0,1,2,6,3,0,3,0
10627,3,1,310,2017,5,5,21,0,0,1,0,1,0,0,2,4,2,3,0,3,0
10628,4,6,415,2017,5,4,13,0,1,1,0,0,0,0,2,0,5,3,0,3,0
10629,1,3,105,2017,5,5,23,0,0,0,0,1,0,1,2,0,5,3,0,3,0
10630,5,4,512,2017,5,4,19,0,0,0,1,0,0,1,2,0,4,3,0,3,0
10631,1,3,107,2017,5,5,19,0,1,1,0,0,0,0,2,5,3,3,0,3,0
10632,1,5,114,2017,5,5,22,0,0,1,1,0,0,0,2,6,4,3,0,1,1
10633,1,5,113,2017,5,5,19,0,0,1,0,0,0,0,1,2,6,3,0,3,0
10634,7,14,715,2017,5,4,7,0,1,1,0,0,0,0,2,5,3,3,0,3,0
10635,7,1,701,2017,5,4,13,0,0,1,0,0,0,0,1,5,3,3,0,3,0
10636,1,16,137,2017,5,4,8,0,1,0,0,0,0,0,1,4,7,3,0,2,1
10637,1,11,129,2017,5,4,19,0,1,1,0,0,0,0,2,5,2,3,0,3,0
10638,1,12,130,2017,5,4,17,0,0,1,0,0,0,0,1,2,6,3,0,3,0
10639,1,12,130,2017,5,4,12,0,1,0,0,0,0,0,1,4,6,3,0,3,0
10640,1,6,118,2017,5,4,22,0,0,1,0,0,0,1,2,3,6,3,0,3,0
10641,1,7,119,2017,5,4,9,0,0,1,0,1,0,0,2,3,7,3,1,3,0
10642,5,4,512,2017,5,4,18,0,1,1,0,0,0,0,2,5,3,3,0,3,0
10643,5,18,526,2017,5,4,16,0,0,1,0,0,0,0,1,2,6,3,0,3,0
10644,5,18,526,2017,5,4,7,0,1,0,0,0,0,1,2,4,2,3,0,2,1
10645,5,2,507,2017,5,4,14,0,0,1,0,1,0,0,2,5,3,3,0,3,0
10646,4,11,430,2017,5,4,18,0,0,1,0,0,0,0,1,2,6,3,0,3,0
10647,4,6,414,2017,5,4,8,0,1,1,0,0,0,0,2,5,3,3,0,3,0
10648,5,1,503,2017,5,4,14,0,1,1,0,0,0,0,2,5,3,3,0,3,0
10649,3,9,321,2017,5,4,8,0,1,0,0,0,0,0,1,0,7,3,0,3,0
10650,3,1,304,2017,5,4,20,0,1,0,1,0,0,0,2,6,7,3,0,3,0
10651,3,3,313,2017,5,4,6,0,0,0,1,0,0,1,2,6,2,3,0,3,0
10652,1,3,106,2017,5,4,14,0,0,1,1,0,0,0,2,6,4,3,0,3,0
10653,1,5,113,2017,5,4,12,0,0,1,0,0,0,0,1,5,7,3,0,3,0
10654,1,17,138,2017,5,4,12,0,0,1,0,0,0,0,1,5,3,3,0,3,0
10655,2,1,203,2017,5,2,10,0,0,1,0,1,0,0,2,3,6,3,0,3,0
10656,7,9,710,2017,5,3,7,0,0,1,0,1,0,0,2,5,3,3,0,2,1
10657,5,3,510,2017,5,2,16,0,1,1,0,0,0,0,2,5,3,3,0,3,0
10658,1,14,132,2017,5,3,10,0,1,0,0,0,0,1,2,5,2,3,0,3,0
10659,4,2,403,2017,5,3,11,0,0,1,1,0,0,0,2,6,2,3,0,3,0
10660,5,5,513,2017,5,3,9,0,0,1,0,0,0,1,2,0,7,3,0,3,0
10661,5,6,514,2017,5,3,13,0,0,1,0,0,0,0,1,2,6,3,0,3,0
10662,5,6,514,2017,5,3,8,0,0,1,0,1,0,0,2,2,6,3,0,3,0
10663,4,9,425,2017,5,3,10,0,0,1,0,0,0,1,2,3,6,3,0,2,1
10664,3,3,314,2017,5,4,15,0,1,1,0,0,0,0,2,4,2,3,0,3,0
10665,4,11,430,2017,5,3,7,0,1,1,0,0,0,0,2,3,6,3,0,3,0
10666,5,8,516,2017,5,3,16,0,1,1,0,0,0,0,2,2,6,3,0,3,0
10667,4,5,409,2017,5,3,10,0,0,1,0,1,0,1,3,0,6,3,0,3,0
10668,5,1,501,2017,5,3,15,0,0,1,0,0,0,0,1,1,5,3,0,2,1
10669,4,6,415,2017,5,3,15,0,1,1,0,0,0,0,2,5,3,3,0,3,0
10670,5,1,501,2017,5,3,18,0,0,1,0,0,0,0,1,5,3,3,0,3,0
10671,2,5,216,2017,5,3,14,0,0,1,0,0,0,0,1,1,5,3,0,3,0
10672,4,1,402,2017,5,3,12,0,1,0,0,0,0,1,2,3,6,3,0,3,0
10673,4,2,404,2017,5,3,12,0,0,1,0,0,0,1,2,5,3,3,0,3,0
10674,1,4,111,2017,5,3,12,0,0,1,0,1,0,0,2,5,3,3,0,3,0
10675,1,3,108,2017,5,3,10,0,0,1,0,0,0,0,1,2,6,3,0,3,0
10676,7,14,715,2017,5,2,16,0,1,1,0,0,0,0,2,5,3,3,0,3,0
10677,7,7,708,2017,5,2,15,0,0,1,0,0,0,0,1,2,6,3,0,3,0
10678,6,14,615,2017,5,2,13,0,0,1,1,0,0,0,2,6,4,3,0,3,0
10679,1,14,132,2017,5,2,7,0,1,1,0,0,0,0,2,5,2,3,1,3,0
10680,5,2,509,2017,5,2,17,0,0,1,0,0,0,0,1,2,6,3,0,3,0
10681,2,1,201,2017,5,1,21,0,0,1,0,0,0,0,1,4,2,3,0,3,0
10682,5,7,515,2017,5,2,17,0,0,1,0,0,0,0,1,1,6,3,0,3,0
10683,1,5,114,2017,5,2,7,0,0,1,0,0,0,0,1,5,3,3,0,3,0
10684,4,3,406,2017,5,2,8,0,1,1,0,0,0,0,2,5,3,3,1,3,0
10685,4,6,414,2017,5,2,15,0,0,0,1,1,0,0,2,6,4,3,0,3,0
10686,5,12,520,2017,5,2,13,0,1,0,1,0,0,0,2,6,3,3,0,3,0
10687,7,9,710,2017,5,2,4,0,1,1,0,0,0,0,2,3,2,3,0,3,0
10688,4,13,432,2017,5,2,22,0,0,1,1,0,0,0,2,6,4,3,0,2,1
10689,4,10,428,2017,5,3,13,0,0,1,0,0,0,0,1,2,6,3,0,3,0
10690,4,5,409,2017,5,2,18,0,1,1,0,0,0,0,2,5,3,3,0,3,0
10691,6,9,610,2017,6,1,17,0,0,1,0,0,0,0,1,2,2,3,0,3,0
10692,4,13,432,2017,6,2,13,0,1,1,0,0,0,0,2,5,3,3,0,3,0
10693,5,17,525,2017,6,2,9,0,0,1,0,0,0,0,1,5,3,3,0,3,0
10694,2,3,209,2017,6,3,10,0,1,1,0,0,0,0,2,5,3,3,1,3,0
10695,4,4,407,2017,6,2,18,0,0,1,0,0,0,0,1,2,6,3,0,3,0
10696,2,9,221,2017,6,3,21,0,0,1,0,0,0,1,2,2,6,3,0,2,1
10697,1,1,101,2017,6,2,17,0,0,1,1,0,0,0,2,6,4,3,0,2,1
10698,1,12,130,2017,6,3,15,0,0,1,0,0,0,0,1,2,6,3,0,3,0
10699,1,5,114,2017,6,2,16,0,1,0,1,0,0,0,2,6,3,3,0,2,1
10700,7,14,715,2017,6,1,16,0,0,0,0,1,0,0,1,8,1,3,0,2,1
10701,6,2,603,2017,6,1,17,0,1,1,0,0,0,0,2,5,3,3,0,3,0
10702,2,1,206,2017,6,6,3,0,1,0,0,0,0,0,1,0,7,3,0,3,0
10703,5,9,517,2017,6,6,15,0,0,1,0,0,0,0,1,2,6,3,0,3,0
10704,1,16,136,2017,6,6,9,0,0,1,0,0,0,0,1,3,2,3,0,3,0
10705,6,1,601,2017,6,4,16,0,0,1,0,1,0,0,2,5,7,3,1,2,1
10706,4,10,427,2017,6,5,16,0,0,1,0,1,0,0,2,0,6,3,1,3,0
10707,3,1,310,2017,6,6,9,0,0,1,0,0,0,0,1,2,6,3,0,3,0
10708,1,8,121,2017,6,6,20,0,0,0,0,1,0,0,1,0,2,3,1,3,0
10709,3,2,311,2017,6,7,12,0,0,1,0,0,0,1,2,5,3,3,0,3,0
10710,1,11,129,2017,6,1,19,0,1,1,0,0,0,0,2,5,3,3,0,3,0
10711,1,11,129,2017,6,7,0,0,0,1,0,0,0,1,2,1,6,3,1,3,0
10712,1,14,133,2017,6,1,18,0,0,1,0,1,0,0,2,5,3,3,0,3,0
10713,3,7,319,2017,6,1,20,0,0,1,0,0,0,1,2,4,6,3,1,3,0
10714,5,6,514,2017,6,1,15,0,0,1,0,0,0,0,1,2,6,3,0,3,0
10715,2,3,208,2017,6,2,14,0,1,1,0,0,0,0,2,4,2,3,0,3,0
10716,5,18,526,2017,6,1,10,0,0,1,0,0,0,0,1,3,2,3,1,3,0
10717,5,5,513,2017,6,1,13,0,0,1,0,0,0,0,1,2,6,3,0,3,0
10718,1,12,130,2017,6,7,18,0,0,1,1,0,0,0,2,6,4,3,0,3,0
10719,2,6,218,2017,6,1,10,0,0,1,0,0,0,0,1,5,2,3,0,3,0
10720,5,6,514,2017,6,1,19,0,1,1,0,0,0,0,2,5,3,3,0,2,1
10721,3,2,312,2017,6,2,12,0,0,1,1,0,0,0,2,6,4,3,0,3,0
10722,5,7,515,2017,6,1,16,0,0,1,1,0,0,0,2,6,4,3,0,3,0
10723,7,10,711,2017,6,2,6,0,0,1,1,0,0,0,2,6,2,3,0,3,0
10724,4,11,430,2017,6,1,10,0,0,1,0,0,0,0,1,5,3,3,1,3,0
10725,3,1,307,2017,6,3,14,0,1,1,0,0,0,0,2,1,5,3,0,3,0
10726,5,13,521,2017,6,1,18,0,1,1,0,0,0,0,2,5,2,3,0,3,0
10727,4,5,409,2017,6,1,10,0,0,1,0,0,0,0,1,2,6,3,1,3,0
10728,5,1,501,2017,6,1,1,0,0,1,1,0,0,0,2,0,7,3,1,3,0
10729,4,9,425,2017,6,5,19,0,0,1,0,1,0,0,2,4,2,3,0,3,0
10730,7,4,705,2017,6,5,18,0,0,1,0,0,0,1,2,2,6,3,0,3,0
10731,2,4,212,2017,6,6,19,0,1,1,0,0,0,0,2,4,6,3,0,3,0
10732,3,1,309,2017,6,4,16,0,1,1,0,0,0,0,2,4,2,3,1,3,0
10733,1,8,123,2017,6,6,16,0,1,1,0,0,0,0,2,3,2,3,0,3,0
10734,5,8,516,2017,6,4,8,0,1,1,0,0,0,0,2,5,3,3,0,3,0
10735,3,1,303,2017,6,5,19,0,1,1,0,0,0,0,2,0,7,3,0,3,0
10736,4,5,409,2017,6,7,16,0,0,0,0,1,0,0,1,0,1,3,0,3,0
10737,5,6,514,2017,6,5,17,0,0,1,0,1,0,0,2,5,3,3,1,3,0
10738,1,5,113,2017,6,7,17,0,1,1,0,0,0,0,2,0,3,3,0,3,0
10739,4,10,428,2017,6,7,14,0,0,1,0,1,0,0,2,1,5,3,0,3,0
10740,1,6,115,2017,6,1,23,0,0,1,0,0,0,0,1,5,3,3,1,3,0
10741,3,6,318,2017,6,1,16,0,1,1,0,0,0,0,2,1,5,3,0,3,0
10742,6,2,602,2017,6,1,20,0,1,1,0,0,0,0,2,5,3,3,1,3,0
10743,3,1,307,2017,6,1,23,0,0,1,1,0,0,0,2,6,7,3,0,3,0
10744,5,17,525,2017,6,2,9,0,0,1,1,0,0,0,2,6,4,3,0,3,0
10745,1,4,112,2017,6,1,14,0,1,1,0,0,0,0,2,1,5,3,0,3,0
10746,7,9,710,2017,6,7,14,0,0,1,0,0,0,0,1,4,6,3,1,2,1
10747,7,8,709,2017,6,7,9,0,0,0,0,1,0,0,1,0,7,3,1,3,0
10748,6,1,601,2017,6,4,11,0,1,1,0,0,0,0,2,5,3,3,0,2,1
10749,2,8,220,2017,6,5,18,0,1,0,0,0,0,1,2,5,3,3,0,3,0
10750,1,11,128,2017,6,5,9,0,0,1,0,0,0,0,1,3,7,3,0,3,0
10751,4,10,427,2017,6,3,10,0,1,1,0,0,0,0,2,4,2,3,0,3,0
10752,3,1,303,2017,6,6,12,0,0,1,0,0,0,0,1,5,2,3,1,3,0
10753,1,12,130,2017,6,3,16,0,0,1,0,0,0,0,1,1,2,3,1,3,0
10754,4,11,430,2017,6,6,19,0,1,0,0,0,0,1,2,0,3,3,0,3,0
10755,4,7,416,2017,6,4,12,0,0,1,0,0,0,0,1,1,6,3,1,3,0
10756,1,4,112,2017,6,7,21,0,0,1,0,0,0,0,1,2,6,3,0,3,0
10757,1,16,137,2017,6,4,16,0,1,0,0,0,0,1,2,3,2,3,1,3,0
10758,4,4,407,2017,6,5,13,0,0,1,0,0,0,0,1,2,6,3,1,3,0
10759,3,5,317,2017,6,6,1,0,0,1,0,0,0,0,1,9,7,3,1,3,0
10760,5,7,515,2017,6,6,17,0,0,1,0,0,0,0,1,2,6,3,0,3,0
10761,4,7,416,2017,6,4,12,0,0,1,0,0,0,0,1,1,6,3,1,3,0
10762,1,4,111,2017,6,7,1,0,0,1,1,0,0,0,2,6,7,3,0,3,0
10763,1,18,139,2017,6,5,11,0,0,1,0,0,0,1,2,2,6,3,0,3,0
10764,4,13,432,2017,6,5,18,0,1,1,0,0,0,0,2,3,2,3,1,3,0
10765,2,5,216,2017,6,6,14,0,1,1,0,0,0,0,2,1,5,3,0,3,0
10766,1,11,128,2017,6,6,23,0,0,0,1,1,0,0,2,6,3,3,0,3,0
10767,7,5,706,2017,6,7,12,0,1,1,0,0,0,0,2,0,7,3,1,3,0
10768,3,1,306,2017,6,7,12,0,1,1,0,0,0,0,2,1,5,3,0,3,0
10769,6,5,606,2017,6,7,1,0,0,1,0,0,0,0,1,9,7,3,1,3,0
10770,1,16,136,2017,6,7,22,0,0,1,1,0,0,0,2,6,4,3,0,2,1
10771,5,1,501,2017,6,1,18,0,0,1,0,0,0,0,1,5,7,3,1,3,0
10772,1,12,130,2017,6,7,1,0,0,1,0,0,0,0,1,2,6,3,0,3,0
10773,5,3,510,2017,6,7,10,0,0,1,0,0,0,0,1,3,7,3,1,3,0
10774,5,10,518,2017,6,7,12,0,0,1,0,0,0,0,1,3,6,3,1,3,0
10775,1,5,114,2017,6,4,9,0,1,0,0,0,0,0,1,3,6,3,0,3,0
10776,5,10,518,2017,6,4,9,0,0,1,0,0,0,0,1,5,7,3,0,3,0
10777,1,3,108,2017,6,5,16,0,0,1,1,0,0,1,3,6,4,3,0,2,1
10778,4,5,409,2017,6,7,14,0,0,1,0,0,0,0,1,2,6,3,0,3,0
10779,5,4,512,2017,6,5,9,0,0,1,0,0,0,1,2,1,5,3,0,3,0
10780,4,1,401,2017,6,3,19,0,1,1,1,0,0,0,3,6,6,3,0,3,0
10781,1,1,101,2017,6,6,7,0,1,0,0,0,0,0,1,2,6,3,0,3,0
10782,5,8,516,2017,6,3,15,0,0,1,0,0,0,0,1,5,3,3,0,2,1
10783,2,14,227,2017,6,6,20,0,1,0,0,0,0,0,1,0,1,3,0,3,0
10784,3,5,317,2017,6,4,7,0,1,1,0,0,0,0,2,5,3,3,0,3,0
10785,4,9,424,2017,6,4,13,0,0,1,0,0,0,0,1,1,6,3,1,3,0
10786,4,8,423,2017,6,7,15,0,0,1,0,1,0,0,2,0,7,3,0,3,0
10787,7,13,714,2017,6,2,17,0,0,1,0,0,0,0,1,1,6,3,1,3,0
10788,4,6,415,2017,6,7,17,0,0,1,0,0,0,0,1,2,6,3,0,3,0
10789,3,8,320,2017,6,7,17,0,0,1,0,0,0,0,1,1,5,3,0,3,0
10790,2,5,215,2017,6,7,0,0,0,1,0,1,0,0,2,4,5,3,0,2,1
10791,5,4,512,2017,6,5,19,0,0,1,0,0,0,0,1,3,6,3,1,3,0
10792,1,1,102,2017,6,6,7,0,1,0,0,0,0,1,2,2,6,3,0,3,0
10793,5,7,515,2017,6,3,17,0,1,0,0,0,0,0,1,0,3,3,1,3,0
10794,2,10,222,2017,6,6,19,0,1,1,0,0,0,0,2,5,3,3,0,3,0
10795,2,12,225,2017,6,4,12,0,0,1,1,0,0,0,2,6,4,3,1,2,1
10796,1,12,130,2017,6,6,16,0,0,1,0,0,0,1,2,2,6,3,0,3,0
10797,5,6,514,2017,6,4,16,0,1,1,0,0,0,0,2,5,3,3,1,3,0
10798,2,5,215,2017,6,5,14,0,1,1,0,0,0,0,2,5,3,3,1,3,0
10799,7,10,711,2017,6,7,13,0,0,1,0,0,0,1,2,4,6,3,0,3,0
10800,6,7,608,2017,6,5,15,0,0,0,0,0,0,1,1,0,6,3,0,3,0
10801,5,7,515,2017,6,6,16,0,0,1,0,0,0,0,1,5,3,3,1,3,0
10802,1,5,114,2017,6,7,16,0,1,0,1,0,0,0,2,0,7,3,0,3,0
10803,2,4,212,2017,6,7,20,0,1,1,0,0,0,0,2,2,6,3,0,3,0
10804,4,5,413,2017,6,7,19,0,1,1,0,0,0,0,2,0,7,3,0,3,0
10805,7,10,711,2017,6,6,15,0,1,0,1,0,0,0,2,6,7,3,0,3,0
10806,1,16,136,2017,6,6,14,0,1,1,0,0,0,0,2,3,2,3,0,3,0
10807,2,8,220,2017,6,3,15,0,1,0,0,0,0,1,2,5,3,3,0,3,0
10808,5,18,526,2017,6,3,20,0,0,1,0,0,0,1,2,1,5,3,0,3,0
10809,7,12,713,2017,6,7,21,0,0,0,0,1,0,0,1,8,1,3,0,2,1
10810,5,4,512,2017,6,6,15,0,0,1,0,0,0,1,2,4,2,3,0,3,0
10811,1,1,102,2017,6,7,15,0,0,1,0,1,0,0,2,1,6,3,0,3,0
10812,4,12,431,2017,6,7,16,0,0,1,0,0,0,1,2,3,2,3,0,3,0
10813,6,1,601,2017,6,6,16,0,0,1,0,0,0,0,1,2,6,3,0,3,0
10814,3,2,312,2017,6,1,11,0,1,1,0,0,0,0,2,5,3,3,0,2,1
10815,1,12,130,2017,6,6,11,0,0,1,0,0,0,1,2,4,2,3,0,3,0
10816,1,5,114,2017,6,2,14,0,1,1,0,0,0,0,2,1,5,3,1,3,0
10817,1,11,128,2017,6,6,8,0,0,0,0,0,0,1,1,5,3,3,0,3,0
10818,1,8,121,2017,6,6,17,0,0,1,0,0,0,0,1,4,2,3,0,3,0
10819,1,6,116,2017,6,6,9,0,0,1,0,0,0,0,1,2,7,3,0,3,0
10820,1,15,134,2017,6,4,12,0,0,1,0,0,0,1,2,3,6,3,0,3,0
10821,4,13,432,2017,6,5,7,0,1,1,0,0,0,0,2,5,3,3,0,3,0
10822,1,5,114,2017,6,3,8,0,0,1,1,0,0,0,2,6,7,3,0,3,0
10823,1,16,136,2017,6,5,15,0,1,1,0,0,0,0,2,4,1,3,0,3,0
10824,4,13,432,2017,6,3,7,0,1,0,0,0,0,1,2,5,3,3,0,3,0
10825,3,5,317,2017,6,6,9,0,0,1,0,0,0,1,2,2,6,3,0,3,0
10826,6,2,602,2017,6,3,18,0,0,1,0,0,0,0,1,5,3,3,0,3,0
10827,5,3,510,2017,6,6,18,0,0,1,0,0,0,0,1,1,5,3,0,3,0
10828,4,6,415,2017,6,4,16,0,1,0,0,0,0,1,2,3,2,3,1,3,0
10829,1,5,114,2017,6,5,7,0,1,1,0,0,0,0,2,5,3,3,0,3,0
10830,5,13,521,2017,6,5,19,0,0,1,0,0,0,1,2,4,6,3,1,2,1
10831,2,8,220,2017,6,6,11,0,0,1,0,0,0,1,2,1,7,3,0,3,0
10832,6,6,607,2017,6,6,18,0,0,0,0,1,0,0,1,0,7,3,1,3,0
10833,3,8,320,2017,6,7,14,0,0,1,0,0,0,0,1,5,3,3,0,3,0
10834,5,7,515,2017,6,5,16,0,0,0,0,1,0,1,2,3,5,3,1,3,0
10835,2,5,216,2017,6,6,17,0,1,1,0,0,0,0,2,5,3,3,1,3,0
10836,1,16,137,2017,6,6,6,0,0,0,0,1,0,0,1,0,1,3,0,3,0
10837,5,4,512,2017,6,6,11,0,1,0,0,0,0,1,2,5,2,3,0,3,0
10838,3,7,319,2017,6,7,16,0,0,1,0,0,0,0,1,1,7,3,0,3,0
10839,1,16,137,2017,6,7,22,0,1,0,1,0,0,0,2,6,6,3,0,3,0
10840,5,4,512,2017,6,6,7,0,0,1,0,0,0,1,2,2,6,3,0,3,0
10841,4,9,425,2017,6,6,5,0,0,1,0,0,0,0,1,5,3,3,0,3,0
10842,4,9,424,2017,6,6,13,0,1,1,0,0,0,0,2,3,6,3,0,3,0
10843,1,1,102,2017,6,4,8,0,0,1,0,1,0,0,2,2,7,3,0,3,0
10844,5,2,507,2017,6,4,17,0,1,0,0,0,0,0,1,0,7,3,0,3,0
10845,5,3,511,2017,6,6,7,0,0,1,0,0,0,1,2,1,2,3,0,3,0
10846,3,1,301,2017,6,5,8,0,0,1,0,0,0,1,2,3,6,3,0,3,0
10847,5,12,520,2017,6,2,17,0,1,1,0,0,0,0,2,5,3,3,0,2,1
10848,5,18,526,2017,6,5,12,0,0,1,0,0,0,0,1,1,5,3,0,3,0