SN,District,Imperial_Circle,Community,Year,Month,Weekday,Hour,Road,Cycle,Car,Pedestrians,Motorcycle,Goods Vehicle,Others,Total,Collision Type,Accident Type,Light Condition,Road Condition,Accident_Severity,Tend_to_Death
10849,3,8,320,2017,6,3,15,0,0,1,0,0,0,0,1,4,6,3,0,3,0
10850,3,1,310,2017,6,6,18,0,1,1,0,0,0,0,2,4,2,3,0,3,0
10851,5,18,526,2017,6,3,17,0,0,1,0,0,0,0,1,4,2,3,1,3,0
10852,2,9,221,2017,6,4,20,0,0,1,0,0,0,0,1,2,6,3,1,3,0
10853,5,4,512,2017,6,4,13,0,1,1,0,0,0,0,2,2,2,3,1,3,0
10854,3,8,320,2017,6,4,16,0,1,0,0,0,0,0,1,0,7,3,1,3,0
10855,6,1,601,2017,6,6,10,0,0,1,0,0,0,0,1,1,2,3,1,3,0
10856,1,8,123,2017,6,4,16,0,1,1,0,0,0,0,2,5,3,3,1,3,0
10857,2,4,212,2017,6,5,18,0,1,1,0,0,0,0,2,5,3,3,1,3,0
10858,3,9,321,2017,6,1,17,0,0,1,0,1,0,0,2,1,6,3,0,3,0
10859,3,2,311,2017,6,6,17,0,0,1,0,0,0,0,1,2,6,3,1,3,0
10860,5,2,508,2017,6,6,13,0,1,1,0,0,0,0,2,5,3,3,0,3,0
10861,3,2,312,2017,6,7,13,0,0,1,0,1,0,0,2,1,5,3,0,3,0
10862,5,3,510,2017,6,6,14,0,0,0,0,1,0,1,2,2,6,3,0,3,0
10863,5,7,515,2017,6,6,17,0,1,1,0,0,0,0,2,5,3,3,0,3,0
10864,5,7,515,2017,6,6,13,0,0,1,0,0,0,0,1,1,6,3,0,3,0
10865,2,11,223,2017,6,3,17,0,1,1,0,0,0,0,2,3,2,3,0,3,0
10866,1,8,126,2017,6,3,18,0,0,1,0,0,0,0,1,4,2,3,0,3,0
10867,5,12,520,2017,6,6,12,0,0,1,0,0,0,0,1,5,3,3,0,3,0
10868,3,7,319,2017,6,4,18,0,0,1,0,0,0,0,1,2,6,3,0,3,0
10869,5,11,519,2017,6,6,9,0,1,0,0,0,0,0,1,0,7,3,0,3,0
10870,7,4,705,2017,6,4,18,0,0,1,0,0,0,0,1,5,3,3,0,3,0
10871,4,13,432,2017,6,6,18,0,0,0,1,0,0,1,2,0,7,3,0,3,0
10872,5,7,515,2017,6,5,16,0,1,1,0,0,0,0,2,0,3,3,0,3,0
10873,1,1,102,2017,6,3,18,0,0,1,0,0,0,0,1,2,6,3,0,3,0
10874,5,10,518,2017,6,3,18,0,0,1,0,0,0,0,1,4,2,3,1,3,0
10875,7,13,714,2017,6,3,15,0,1,1,0,0,0,0,2,5,2,3,0,3,0
10876,5,11,519,2017,6,4,8,0,1,0,0,0,0,0,1,3,6,3,0,3,0
10877,7,16,717,2017,6,4,19,0,1,1,0,0,0,0,2,5,3,3,0,2,1
10878,4,9,425,2017,6,5,16,0,1,1,0,0,0,0,2,0,7,3,0,3,0
10879,1,1,101,2017,6,3,19,0,0,1,0,0,0,0,1,3,7,3,0,3,0
10880,7,1,702,2017,6,5,16,0,0,1,0,0,0,0,1,2,6,3,0,3,0
10881,5,10,518,2017,6,3,17,0,1,1,0,0,0,0,2,5,3,3,1,3,0
10882,3,1,310,2017,6,6,20,0,1,0,0,0,0,0,1,4,6,3,0,3,0
10883,1,5,114,2017,6,4,17,0,1,0,1,0,0,0,2,6,3,3,1,3,0
10884,5,17,525,2017,6,4,13,0,0,1,0,0,0,0,1,1,6,3,1,3,0
10885,2,4,214,2017,6,5,9,0,1,1,0,0,0,0,2,5,3,3,0,3,0
10886,3,9,321,2017,6,7,15,0,1,1,0,0,0,0,2,1,5,3,0,3,0
10887,5,2,508,2017,6,5,6,0,1,1,0,0,0,0,2,0,3,3,0,3,0
10888,4,7,416,2017,6,6,15,0,1,1,0,0,0,0,2,5,3,3,0,3,0
10889,4,13,432,2017,6,6,8,0,1,1,0,0,0,0,2,5,3,3,0,3,0
10890,1,13,131,2017,6,2,15,0,0,0,0,0,0,1,1,2,6,3,0,3,0
10891,3,1,310,2017,6,3,13,0,0,1,0,0,0,0,1,5,3,3,0,3,0
10892,4,5,412,2017,6,6,11,0,1,0,0,0,0,0,1,3,2,3,0,3,0
10893,4,13,432,2017,6,3,23,0,0,1,0,0,0,0,1,1,5,3,0,3,0
10894,4,5,411,2017,6,6,18,0,1,1,0,0,0,0,2,1,5,3,0,3,0
10895,1,3,108,2017,6,4,9,0,0,1,0,0,0,1,2,3,6,3,0,3,0
10896,4,6,414,2017,6,6,19,0,1,1,0,0,0,0,2,0,6,3,0,3,0
10897,5,2,508,2017,6,4,15,0,0,1,0,0,0,0,1,2,7,3,0,3,0
10898,4,8,421,2017,6,6,12,0,0,1,0,0,0,0,1,2,6,3,0,3,0
10899,5,16,524,2017,6,6,17,0,0,1,0,0,0,0,1,2,6,3,1,3,0
10900,1,18,139,2017,6,7,5,0,0,1,0,0,0,1,2,1,6,3,1,3,0
10901,4,8,422,2017,6,6,18,0,0,0,0,1,0,0,1,0,7,3,0,2,1
10902,5,1,504,2017,6,7,19,0,0,1,0,0,0,0,1,5,3,3,0,3,0
10903,7,1,702,2017,6,7,19,0,0,1,0,0,0,0,1,5,3,3,1,3,0
10904,5,1,504,2017,6,6,7,0,0,1,0,0,0,0,1,2,6,3,0,3,0
10905,4,7,416,2017,6,6,13,0,0,1,0,0,0,0,1,3,6,3,0,3,0
10906,5,7,515,2017,6,3,0,0,0,1,0,0,0,0,1,8,1,3,1,2,1
10907,1,3,108,2017,6,4,19,0,1,0,1,0,0,0,2,6,7,3,0,3,0
10908,5,18,526,2017,6,4,13,0,0,1,1,0,0,0,2,6,4,3,0,2,1
10909,3,8,320,2017,6,6,19,0,0,1,0,0,0,0,1,5,3,3,0,3,0
10910,4,2,404,2017,6,5,17,0,1,1,0,0,0,0,2,5,3,3,0,3,0
10911,1,8,123,2017,6,2,17,0,1,1,0,0,0,0,2,3,2,3,0,3,0
10912,1,8,121,2017,6,5,19,0,1,0,0,0,0,0,1,3,2,3,1,3,0
10913,4,7,417,2017,6,3,17,0,1,1,1,0,0,0,3,7,7,3,1,3,0
10914,1,12,130,2017,6,3,16,0,0,1,0,0,0,0,1,3,7,3,1,3,0
10915,4,10,426,2017,6,4,13,0,0,1,0,0,0,0,1,1,6,3,1,3,0
10916,3,8,320,2017,6,6,14,0,1,1,0,0,0,0,2,0,5,3,0,3,0
10917,3,6,318,2017,6,6,15,0,1,1,0,0,0,0,2,5,3,3,0,3,0
10918,1,12,130,2017,6,6,12,0,1,1,0,0,0,0,2,5,3,3,0,3,0
10919,2,14,227,2017,6,6,11,0,1,1,0,0,0,0,2,3,5,3,0,3,0
10920,2,4,211,2017,6,7,18,0,0,1,0,0,0,1,2,1,5,3,0,3,0
10921,2,5,216,2017,6,6,7,0,0,1,0,0,0,0,1,1,6,3,0,3,0
10922,3,6,318,2017,6,6,10,0,0,0,0,1,0,0,1,0,1,3,0,3,0
10923,2,3,209,2017,6,3,12,0,1,1,0,0,0,0,2,3,2,3,1,3,0
10924,3,8,320,2017,6,3,9,0,0,0,0,1,0,0,1,0,1,3,1,3,0
10925,1,11,129,2017,6,3,19,0,0,1,0,0,0,0,1,2,6,3,0,3,0
10926,3,2,312,2017,6,6,10,0,0,1,0,0,0,1,2,5,3,3,0,3,0
10927,5,12,520,2017,6,4,16,0,0,1,0,0,0,0,1,5,2,3,0,3,0
10928,1,4,111,2017,6,6,15,0,1,1,0,0,0,0,2,3,6,3,0,3,0
10929,1,1,102,2017,6,5,7,0,1,1,0,0,0,0,2,5,3,3,0,3,0
10930,1,3,108,2017,6,6,6,0,0,1,0,1,0,0,2,0,6,3,0,3,0
10931,3,1,303,2017,6,3,11,0,1,1,0,0,0,0,2,4,6,3,0,3,0
10932,5,7,515,2017,6,3,13,0,1,1,0,0,0,0,2,5,3,3,0,3,0
10933,7,16,717,2017,6,6,8,0,1,1,0,0,0,0,2,4,2,3,1,3,0
10934,1,19,140,2017,6,6,8,0,0,1,0,0,0,1,2,1,6,3,0,3,0
10935,7,1,702,2017,6,6,20,0,0,1,0,0,0,0,1,4,2,3,1,3,0
10936,1,16,137,2017,6,6,15,0,1,1,0,0,0,0,2,5,3,3,0,3,0
10937,1,16,137,2017,6,6,13,0,0,1,0,0,0,1,2,3,6,3,0,3,0
10938,1,11,129,2017,6,6,13,0,1,1,0,0,0,0,2,5,3,3,0,3,0
10939,1,6,116,2017,6,6,15,0,0,1,0,1,0,0,2,5,3,3,0,3,0
10940,5,10,518,2017,6,7,3,0,0,1,0,0,0,0,1,9,1,3,0,3,0
10941,5,18,526,2017,6,6,17,0,0,1,0,0,0,0,1,1,6,3,0,3,0
10942,5,18,526,2017,6,6,11,0,0,1,0,1,0,0,2,0,6,3,1,3,0
10943,4,9,424,2017,6,6,21,0,0,1,0,0,0,1,2,1,6,3,1,3,0
10944,5,4,512,2017,6,5,14,0,1,1,0,0,0,0,2,5,3,3,0,3,0
10945,5,2,505,2017,6,6,15,0,0,1,1,0,0,0,2,6,4,3,0,3,0
10946,4,11,430,2017,6,6,7,0,0,1,0,0,0,0,1,2,6,3,1,3,0
10947,5,7,515,2017,6,6,15,0,1,1,0,0,0,0,2,3,2,3,0,3,0
10948,4,12,431,2017,6,6,12,0,0,1,0,0,0,0,1,1,6,3,0,3,0
10949,4,8,422,2017,6,6,14,0,1,1,0,0,0,0,2,5,3,3,0,2,1
10950,7,9,710,2017,6,5,17,0,0,1,0,0,0,0,1,0,7,3,0,3,0
10951,4,6,415,2017,6,6,8,0,0,1,0,0,0,1,2,2,6,3,1,3,0
10952,2,7,219,2017,6,2,14,0,1,1,0,0,0,0,2,5,3,3,0,2,1
10953,7,9,710,2017,6,2,21,0,0,1,1,0,0,0,2,6,4,3,0,3,0
10954,3,7,319,2017,6,3,9,0,1,1,0,0,0,0,2,3,2,3,1,3,0
10955,2,5,215,2017,6,6,19,0,1,0,0,0,0,0,1,0,7,3,0,2,1
10956,7,7,708,2017,6,5,7,0,0,1,0,1,0,0,2,3,2,3,0,3,0
10957,5,2,508,2017,6,3,12,0,0,1,0,0,0,0,1,2,6,3,1,3,0
10958,2,6,218,2017,6,6,15,0,0,1,1,0,0,0,2,6,7,3,0,3,0
10959,1,15,134,2017,6,5,18,0,0,1,0,0,0,0,1,2,6,3,0,3,0
10960,1,4,111,2017,6,4,13,0,1,1,0,0,0,0,2,4,2,3,0,3,0
10961,1,16,137,2017,6,5,16,0,0,1,0,0,0,0,1,2,2,3,0,3,0
10962,2,5,216,2017,6,6,21,0,0,1,0,1,0,0,2,0,7,3,1,3,0
10963,1,12,130,2017,6,5,20,0,0,1,0,0,0,0,1,2,6,3,0,3,0
10964,6,14,615,2017,6,2,16,0,1,1,0,0,0,0,2,5,2,3,0,3,0
10965,1,13,131,2017,6,6,15,0,0,1,0,0,0,0,1,4,7,3,0,3,0
10966,2,5,216,2017,6,5,19,0,1,0,0,0,0,0,1,0,7,3,0,3,0
10967,3,2,311,2017,6,4,8,0,1,0,0,0,0,0,1,3,6,3,0,3,0
10968,1,13,131,2017,6,5,19,0,1,1,0,0,0,0,2,3,2,3,0,3,0
10969,1,16,137,2017,6,4,14,0,0,1,0,0,0,1,2,0,6,3,0,3,0
10970,1,8,124,2017,6,5,19,0,0,1,0,1,0,0,2,0,2,3,0,3,0
10971,4,7,416,2017,6,5,22,0,0,1,0,0,0,0,1,5,3,3,1,3,0
10972,7,12,713,2017,6,2,19,0,0,0,0,1,0,0,1,8,1,3,0,2,1
10973,6,1,601,2017,6,5,7,0,1,1,0,0,0,0,2,4,2,3,0,3,0
10974,4,13,432,2017,6,3,10,0,1,0,0,1,0,0,2,4,2,3,0,3,0
10975,1,12,130,2017,6,3,18,0,0,1,0,0,0,1,2,2,6,3,1,3,0
10976,2,8,220,2017,6,6,20,0,0,1,0,0,0,0,1,1,5,3,1,2,1
10977,3,7,319,2017,6,6,8,0,1,1,0,0,0,0,2,5,3,3,1,3,0
10978,3,1,307,2017,6,6,16,0,1,1,0,0,0,0,2,3,2,3,0,3,0
10979,2,1,202,2017,6,6,10,0,0,1,0,1,0,0,2,3,2,3,1,2,1
10980,3,2,311,2017,6,6,18,0,1,1,0,0,0,0,2,4,2,3,0,3,0
10981,3,2,312,2017,6,6,9,0,0,1,0,1,0,0,2,2,2,3,1,3,0
10982,1,4,110,2017,6,6,16,0,0,1,1,0,0,0,2,6,4,3,0,2,1
10983,1,3,108,2017,6,6,12,0,0,1,0,0,0,1,2,2,6,3,0,3,0
10984,1,5,114,2017,6,6,10,0,0,0,1,0,0,1,2,6,4,3,0,2,1
10985,1,5,114,2017,6,6,7,0,0,1,1,0,0,0,2,6,4,3,0,3,0
10986,1,5,114,2017,6,6,18,0,1,1,0,0,0,0,2,5,3,3,0,3,0
10987,1,20,141,2017,6,5,13,0,0,1,0,0,0,0,1,4,6,3,0,3,0
10988,1,4,112,2017,6,1,21,0,0,1,1,0,0,0,2,6,4,3,1,3,0
10989,7,10,711,2017,6,5,20,0,1,1,0,0,0,0,2,5,3,3,1,3,0
10990,7,16,717,2017,6,1,18,0,0,1,0,0,0,0,1,9,7,3,0,2,1
10991,4,11,430,2017,6,2,5,0,0,1,0,0,0,1,2,0,7,3,1,3,0
10992,7,1,702,2017,6,5,13,0,1,1,0,0,0,0,2,5,2,3,0,3,0
10993,1,8,123,2017,6,5,14,0,0,1,0,0,0,0,1,2,6,3,0,3,0
10994,2,1,206,2017,6,3,16,0,1,1,0,0,0,0,2,5,3,3,0,3,0
10995,7,10,711,2017,6,5,12,0,1,0,1,0,0,0,2,6,7,3,0,3,0
10996,1,6,117,2017,6,5,11,0,0,1,1,0,0,0,2,6,2,3,0,3,0
10997,4,5,410,2017,6,3,16,0,1,1,0,0,0,0,2,0,6,3,0,3,0
10998,6,14,615,2017,6,5,13,0,1,0,0,0,0,1,2,0,7,3,0,3,0
10999,5,18,526,2017,6,5,16,0,1,1,0,0,0,0,2,5,2,3,0,3,0
11000,6,6,607,2017,6,5,14,0,1,1,0,0,0,0,2,1,2,3,0,3,0
11001,5,4,512,2017,6,5,9,0,0,1,0,0,0,0,1,2,6,3,0,3,0
11002,5,18,526,2017,6,5,6,0,0,0,0,1,0,1,2,0,2,3,0,3,0
11003,5,18,526,2017,6,5,16,0,1,1,0,0,0,0,2,5,3,3,0,3,0
11004,5,18,526,2017,6,5,5,0,0,1,0,0,0,0,1,8,1,3,0,2,1
11005,5,3,510,2017,6,5,16,0,0,1,0,0,0,0,1,0,7,3,0,3,0
11006,5,3,510,2017,6,5,8,0,0,1,0,0,0,0,1,2,2,3,0,3,0
11007,5,3,510,2017,6,5,17,0,0,1,0,0,0,0,1,4,2,3,0,3,0
11008,5,7,515,2017,6,5,8,0,1,1,0,0,0,0,2,3,2,3,0,3,0
11009,5,10,518,2017,6,5,15,0,0,1,1,0,0,0,2,6,4,3,0,3,0
11010,4,9,425,2017,6,2,15,0,0,1,0,0,0,0,1,2,6,3,0,3,0
11011,3,5,317,2017,6,3,13,0,0,0,0,1,0,0,1,0,1,3,1,3,0
11012,4,12,431,2017,6,3,7,0,1,0,1,0,0,0,2,6,7,3,1,2,1
11013,5,8,516,2017,6,5,20,0,0,1,0,0,0,0,1,5,3,3,1,3,0
11014,4,11,430,2017,6,5,13,0,1,0,0,0,0,0,1,5,3,3,0,3,0
11015,1,5,113,2017,6,4,13,0,0,1,0,0,0,0,1,2,2,3,0,3,0
11016,5,16,524,2017,6,5,18,0,1,1,0,0,0,0,2,5,3,3,0,3,0
11017,4,13,432,2017,6,5,18,0,1,0,0,0,0,0,1,5,3,3,0,3,0
11018,5,14,522,2017,6,4,17,0,0,1,0,1,0,0,2,2,2,3,0,3,0
11019,4,12,431,2017,6,5,10,0,1,1,0,0,0,0,2,5,3,3,0,3,0
11020,5,10,518,2017,6,5,20,0,0,1,0,0,0,0,1,3,6,3,1,3,0
11021,2,1,201,2017,6,5,8,0,0,1,0,0,0,1,2,3,7,3,0,3,0
11022,4,5,410,2017,6,5,18,0,1,1,0,0,0,0,2,5,2,3,0,3,0
11023,2,8,220,2017,6,3,19,0,1,1,0,0,0,0,2,3,2,3,0,3,0
11024,1,4,111,2017,6,7,6,0,0,1,0,0,0,1,2,3,6,3,0,3,0
11025,4,13,432,2017,6,5,12,0,1,1,0,0,0,0,2,5,3,3,1,3,0
11026,4,4,407,2017,6,5,10,0,0,1,0,0,0,0,1,1,6,3,0,3,0
11027,2,12,225,2017,6,5,13,0,0,1,1,0,0,0,2,6,4,3,0,3,0
11028,2,4,212,2017,6,5,7,0,1,1,0,0,0,0,2,4,2,3,0,3,0
11029,2,8,220,2017,6,5,7,0,0,1,0,1,0,0,2,3,7,3,0,2,1
11030,4,2,404,2017,6,5,15,0,1,1,0,0,0,0,2,3,2,3,0,3,0
11031,4,2,403,2017,6,5,14,0,0,0,1,0,0,1,2,6,3,3,1,3,0
11032,3,2,312,2017,6,5,13,0,0,1,0,0,0,0,1,2,6,3,0,2,1
11033,3,3,313,2017,6,5,11,0,1,1,0,0,0,0,2,4,2,3,0,3,0
11034,2,2,207,2017,6,5,12,0,0,1,0,0,0,1,2,2,6,3,1,3,0
11035,1,5,114,2017,6,5,0,0,1,0,0,0,0,0,1,4,6,3,0,3,0
11036,1,5,114,2017,6,5,7,0,1,1,0,0,0,0,2,5,3,3,0,2,1
11037,3,5,317,2017,6,7,23,0,1,1,0,0,0,0,2,1,5,3,0,3,0
11038,7,1,702,2017,6,4,20,0,0,1,0,0,0,1,2,1,2,3,0,3,0
11039,1,16,136,2017,6,7,6,0,0,1,0,0,0,0,1,5,3,3,0,3,0
11040,1,16,137,2017,6,4,20,0,1,1,0,0,0,0,2,3,2,3,0,3,0
11041,5,12,520,2017,6,1,21,0,0,1,0,0,0,0,1,8,1,3,1,3,0
11042,1,12,130,2017,6,4,16,0,0,1,0,1,0,0,2,4,2,3,0,3,0
11043,4,10,428,2017,6,5,10,0,1,1,0,0,0,0,2,5,3,3,0,3,0
11044,2,11,223,2017,6,2,7,0,1,0,0,0,0,1,2,0,7,3,1,3,0
11045,1,8,123,2017,6,4,18,0,0,1,0,0,0,0,1,2,6,3,0,3,0
11046,1,8,124,2017,6,4,14,0,0,1,0,1,0,0,2,5,7,3,0,3,0
11047,1,14,132,2017,6,4,14,0,1,1,0,0,0,0,2,0,6,3,0,3,0
11048,1,14,132,2017,6,4,14,0,1,0,0,0,0,0,1,0,1,3,0,2,1
11049,5,18,526,2017,6,4,5,0,0,1,0,0,0,0,1,5,3,3,0,3,0
11050,5,18,526,2017,6,4,7,0,0,1,1,0,0,0,2,6,4,3,0,3,0
11051,5,18,526,2017,6,4,7,0,0,1,0,1,0,0,2,5,2,3,0,3,0
11052,3,1,310,2017,6,6,18,0,1,1,0,0,0,0,2,5,2,3,0,3,0
11053,5,11,519,2017,6,4,16,0,1,1,0,0,0,0,2,5,3,3,0,3,0
11054,5,10,518,2017,6,4,13,0,1,1,0,0,0,0,2,4,6,3,0,3,0
11055,5,12,520,2017,6,4,7,0,1,1,0,0,0,0,2,5,3,3,0,3,0
11056,4,10,428,2017,6,5,9,0,0,1,0,0,0,1,2,1,5,3,0,3,0
11057,1,13,131,2017,6,1,10,0,0,0,0,1,0,0,1,0,2,3,0,2,1
11058,2,9,221,2017,6,2,7,0,1,0,0,0,0,0,1,5,3,3,0,3,0
11059,3,1,310,2017,6,3,14,0,0,1,0,0,0,0,1,2,6,3,1,3,0
11060,5,9,517,2017,6,4,17,0,1,1,0,0,0,0,2,3,2,3,0,3,0
11061,3,8,320,2017,6,5,16,0,1,1,0,0,0,0,2,3,2,3,0,2,1
11062,2,6,218,2017,6,3,15,0,0,1,0,0,0,0,1,2,6,3,0,3,0
11063,5,1,501,2017,6,4,16,0,0,1,0,1,0,0,2,5,7,3,0,3,0
11064,2,13,226,2017,6,5,14,0,0,0,0,1,0,1,2,0,6,3,0,3,0
11065,5,18,526,2017,6,3,7,0,1,0,0,0,0,1,2,5,2,3,0,3,0
11066,4,7,416,2017,6,4,20,0,1,0,0,0,0,0,1,0,1,3,0,3,0
11067,2,8,220,2017,6,5,8,0,0,1,0,0,0,0,1,2,6,3,0,3,0
11068,3,8,320,2017,6,4,15,0,0,1,0,1,0,0,2,2,6,3,0,3,0
11069,2,3,210,2017,6,4,19,0,0,1,1,0,0,0,2,6,4,3,0,3,0
11070,2,8,220,2017,6,5,17,0,0,1,1,0,0,0,2,6,4,3,0,3,0
11071,2,9,221,2017,6,4,16,0,1,0,0,1,0,0,2,5,3,3,0,3,0
11072,3,7,319,2017,6,5,15,0,0,1,0,0,0,1,2,1,6,3,0,3,0
11073,4,7,416,2017,6,6,20,0,0,1,0,0,0,0,1,5,3,3,0,3,0
11074,1,12,130,2017,6,6,18,0,1,0,1,0,0,0,2,6,6,3,0,3,0
11075,2,5,217,2017,6,5,16,0,0,1,0,0,0,1,2,2,6,3,1,3,0
11076,2,5,215,2017,6,4,9,0,1,1,0,0,0,0,2,4,2,3,0,3,0
11077,4,2,405,2017,6,4,17,0,0,1,0,0,0,0,1,5,3,3,0,3,0
11078,3,4,315,2017,6,4,7,0,1,0,0,0,0,0,1,4,6,3,0,3,0
11079,3,2,311,2017,6,4,8,0,1,0,0,0,0,0,1,1,6,3,0,3,0
11080,1,3,108,2017,6,4,16,0,0,0,0,1,0,1,2,3,6,3,0,3,0
11081,1,5,114,2017,6,4,16,0,1,0,0,0,0,0,1,4,6,3,0,3,0
11082,1,16,137,2017,6,3,16,0,0,1,0,0,0,1,2,3,6,3,0,3,0
11083,1,11,129,2017,6,3,16,0,0,0,0,0,0,1,1,3,6,3,0,3,0
11084,1,12,130,2017,6,3,6,0,1,0,1,0,0,0,2,6,3,3,0,3,0
11085,5,6,514,2017,6,3,13,0,0,1,0,0,0,1,2,5,3,3,0,2,1
11086,5,2,505,2017,6,3,11,0,0,1,0,0,0,1,2,2,6,3,0,3,0
11087,5,10,518,2017,6,3,19,0,1,1,0,0,0,0,2,5,3,3,0,3,0
11088,5,12,520,2017,6,3,10,0,0,1,0,0,0,0,1,2,6,3,0,3,0
11089,5,16,524,2017,6,3,13,0,1,1,0,0,0,0,2,3,6,3,0,3,0
11090,4,5,410,2017,6,3,19,0,0,1,0,0,0,1,2,4,2,3,0,3,0
11091,4,5,411,2017,6,3,16,0,0,1,1,0,0,0,2,6,3,3,0,3,0
11092,4,6,415,2017,6,3,9,0,1,0,0,1,0,0,2,3,2,3,0,3,0
11093,2,9,221,2017,6,3,7,0,1,1,0,0,0,0,2,4,2,3,0,3,0
11094,3,6,318,2017,6,3,16,0,0,1,0,0,0,0,1,4,2,3,0,2,1
11095,3,5,317,2017,6,3,13,0,0,1,0,0,0,0,1,4,2,3,0,3,0
11096,2,2,207,2017,6,3,7,0,1,0,0,0,0,0,1,5,3,3,0,3,0
11097,5,4,512,2017,6,7,10,0,1,1,0,0,0,0,2,5,3,3,0,3,0
11098,1,1,101,2017,6,3,19,0,0,1,0,1,0,0,2,5,3,3,0,3,0
11099,4,2,403,2017,6,1,15,0,1,1,1,0,0,0,3,6,6,3,0,3,0
11100,1,3,108,2017,6,3,17,0,1,1,0,0,0,0,2,5,3,3,0,3,0
11101,1,4,112,2017,6,2,9,0,0,1,0,0,0,1,2,1,6,3,0,3,0
11102,7,10,711,2017,6,3,9,0,0,1,0,0,0,0,1,8,1,3,0,3,0
11103,4,3,406,2017,6,5,7,0,1,1,0,0,0,0,2,5,3,3,0,3,0
11104,5,18,526,2017,6,2,9,0,0,1,1,0,0,0,2,6,4,3,0,3,0
11105,1,20,141,2017,6,2,16,0,1,0,0,0,0,0,1,0,7,3,0,2,1
11106,2,1,206,2017,6,5,14,0,1,0,0,0,0,0,1,2,6,3,0,3,0
11107,4,2,404,2017,6,3,10,0,0,1,1,0,0,0,2,6,4,3,1,3,0
11108,1,11,129,2017,6,2,10,0,0,1,0,0,0,1,2,1,6,3,0,3,0
11109,3,3,314,2017,6,5,9,0,0,1,0,0,0,0,1,2,6,3,0,3,0
11110,4,3,406,2017,6,3,16,0,0,1,0,0,0,0,1,5,2,3,0,3,0
11111,1,7,120,2017,6,2,12,0,1,1,0,0,0,0,2,5,2,3,0,3,0
11112,2,2,207,2017,6,5,14,0,1,1,0,0,0,0,2,5,2,3,0,2,1
11113,5,3,511,2017,6,2,0,0,0,1,1,0,0,0,2,6,7,3,0,2,1
11114,5,18,526,2017,6,2,13,0,0,0,0,1,0,0,1,8,1,3,0,3,0
11115,1,3,108,2017,6,5,16,0,1,0,0,0,0,0,1,0,7,3,0,2,1
11116,5,13,521,2017,6,2,16,0,0,0,0,1,0,0,1,8,1,3,0,3,0
11117,3,9,321,2017,6,2,8,0,1,0,0,0,0,0,1,0,7,3,0,3,0
11118,7,1,702,2017,6,5,11,0,0,1,0,0,0,1,2,0,3,3,0,3,0
11119,4,2,404,2017,6,6,14,0,1,1,0,0,0,0,2,5,3,3,0,2,1
11120,5,5,513,2017,6,6,18,0,0,1,0,1,0,0,2,0,7,3,0,2,1
11121,4,8,421,2017,6,4,17,0,1,1,0,0,0,0,2,5,3,3,1,2,1
11122,3,1,307,2017,6,7,19,0,1,1,0,0,0,0,2,3,2,3,0,3,0
11123,1,5,113,2017,6,5,17,0,1,0,1,0,0,0,2,6,6,3,0,2,1
11124,5,7,515,2017,6,5,17,0,0,1,1,0,0,0,2,6,4,3,1,2,1
11125,1,8,125,2017,6,2,14,0,0,1,0,0,0,1,2,2,6,3,0,3,0
11126,5,1,501,2017,6,3,10,0,0,1,1,0,0,0,2,6,6,3,0,3,0
11127,1,7,119,2017,6,6,14,0,0,1,0,0,0,0,1,1,6,3,0,3,0
11128,2,8,220,2017,6,2,10,0,0,0,0,0,0,1,1,1,5,3,0,3,0
11129,3,6,318,2017,6,2,19,0,1,1,0,0,0,0,2,5,3,3,0,3,0
11130,3,1,308,2017,6,2,19,0,0,1,0,0,0,0,1,3,6,3,0,3,0
11131,3,1,308,2017,6,2,8,0,1,1,0,0,0,0,2,2,6,3,0,3,0
11132,2,1,202,2017,6,2,15,0,0,1,0,0,0,0,1,3,6,3,0,3,0
11133,2,3,210,2017,6,2,14,0,1,1,0,0,0,0,2,5,3,3,0,3,0
11134,1,4,112,2017,6,2,15,0,0,1,0,1,0,0,2,4,2,3,0,2,1
11135,1,1,102,2017,6,2,9,0,0,1,0,0,0,0,1,3,7,3,0,3,0
11136,7,1,702,2017,6,2,11,0,1,0,0,0,0,0,1,0,7,3,0,3,0
11137,1,20,141,2017,6,1,20,0,0,1,0,1,0,0,2,3,6,3,0,3,0
11138,7,13,714,2017,6,6,17,0,0,1,0,0,0,0,1,4,6,3,1,3,0
11139,6,2,602,2017,6,1,12,0,1,0,0,0,0,1,2,0,3,3,0,3,0
11140,4,8,420,2017,6,7,20,0,1,1,0,0,0,0,2,5,3,3,0,2,1
11141,1,12,130,2017,6,1,22,0,0,1,1,0,0,0,2,6,4,3,0,2,1
11142,7,1,702,2017,6,7,13,0,0,1,0,0,0,1,2,2,7,3,0,3,0
11143,1,8,124,2017,6,1,20,0,1,1,0,0,0,0,2,5,3,3,0,3,0
11144,5,3,510,2017,6,1,23,0,0,1,0,0,0,0,1,4,7,3,0,3,0
11145,1,3,108,2017,6,5,16,0,0,0,0,0,0,1,1,3,6,3,0,3,0