SN,District,Imperial_Circle,Community,Year,Month,Weekday,Hour,Road,Cycle,Car,Pedestrians,Motorcycle,Goods Vehicle,Others,Total,Collision Type,Accident Type,Light Condition,Road Condition,Accident_Severity,Tend_to_Death
11146,6,11,612,2017,6,1,12,0,1,0,0,0,0,0,1,0,7,3,0,2,1
11147,5,7,515,2017,6,1,16,0,0,1,1,0,0,0,2,6,5,3,0,3,0
11148,1,3,107,2017,6,5,15,0,1,1,0,0,0,0,2,1,5,3,0,3,0
11149,4,13,432,2017,6,2,13,0,0,0,0,1,0,0,1,0,1,3,1,3,0
11150,5,8,516,2017,6,1,13,0,0,1,0,0,0,0,1,4,2,3,0,3,0
11151,1,3,108,2017,6,5,14,0,0,1,0,0,0,1,2,0,2,3,0,3,0
11152,3,2,312,2017,6,3,17,0,0,1,0,0,0,0,1,1,7,3,0,3,0
11153,5,7,515,2017,6,1,13,0,1,0,0,0,0,0,1,0,7,3,0,3,0
11154,1,1,101,2017,6,5,12,0,1,1,0,0,0,0,2,5,3,3,0,3,0
11155,4,8,421,2017,6,1,0,0,0,1,1,0,0,0,2,6,4,3,0,2,1
11156,4,7,416,2017,6,5,9,0,1,1,0,0,0,0,2,4,2,3,0,3,0
11157,3,1,302,2017,6,5,17,0,1,1,0,0,0,0,2,4,7,3,0,3,0
11158,1,8,121,2017,6,5,8,0,0,1,0,0,0,0,1,5,3,3,0,3,0
11159,3,2,312,2017,6,6,13,0,1,0,0,0,0,1,2,5,3,3,0,3,0
11160,5,5,513,2017,6,3,13,0,0,1,0,0,0,0,1,2,6,3,0,3,0
11161,4,13,432,2017,6,6,17,0,0,1,0,0,0,0,1,5,2,3,0,3,0
11162,2,3,208,2017,7,4,14,0,1,1,0,0,0,0,2,3,2,3,1,3,0
11163,7,12,713,2017,7,4,10,0,0,1,0,0,0,1,2,5,7,3,1,2,1
11164,1,19,140,2017,7,3,9,0,0,1,0,0,0,0,1,1,2,3,1,3,0
11165,1,16,137,2017,7,3,9,0,0,1,0,0,0,0,1,4,2,3,1,3,0
11166,6,1,601,2017,7,3,16,0,0,1,1,0,0,0,2,6,4,3,0,1,1
11167,1,12,130,2017,7,3,15,0,0,1,0,0,0,0,1,1,6,3,0,3,0
11168,1,12,130,2017,7,3,17,0,0,1,1,0,0,0,2,6,4,3,0,3,0
11169,1,12,130,2017,7,3,19,0,0,1,0,0,0,0,1,5,3,3,1,3,0
11170,1,11,129,2017,7,3,10,0,0,1,0,0,0,0,1,1,6,3,1,3,0
11171,5,4,512,2017,7,3,17,0,0,0,0,1,0,1,2,0,6,3,1,2,1
11172,5,4,512,2017,7,3,11,0,1,1,0,0,0,0,2,5,3,3,0,3,0
11173,5,8,516,2017,7,3,15,0,1,0,0,0,0,0,1,3,6,3,1,3,0
11174,5,7,515,2017,7,3,18,0,1,1,0,0,0,0,2,1,5,3,0,3,0
11175,5,17,525,2017,7,3,16,0,1,1,0,0,0,0,2,5,3,3,1,3,0
11176,5,14,522,2017,7,3,8,0,1,1,0,0,0,0,2,5,3,3,0,3,0
11177,5,14,522,2017,7,3,14,0,1,1,0,0,0,0,2,5,3,3,1,3,0
11178,4,13,432,2017,7,3,17,0,0,1,0,0,0,0,1,2,6,3,0,3,0
11179,4,6,415,2017,7,3,12,0,1,1,0,0,0,0,2,1,5,3,1,3,0
11180,4,6,414,2017,7,3,17,0,1,1,0,0,0,0,2,5,3,3,0,3,0
11181,3,8,320,2017,7,3,14,0,0,1,0,0,0,1,2,4,6,3,1,3,0
11182,2,10,222,2017,7,3,8,0,0,1,0,1,0,0,2,5,2,3,1,3,0
11183,2,5,215,2017,7,3,16,0,1,0,0,0,0,0,1,4,6,3,0,3,0
11184,2,7,219,2017,7,3,9,0,0,1,0,0,0,0,1,2,6,3,1,3,0
11185,2,4,212,2017,7,3,18,0,1,0,1,0,0,0,2,6,3,3,1,3,0
11186,2,7,219,2017,7,3,15,0,1,1,0,0,0,0,2,5,3,3,0,3,0
11187,3,5,317,2017,7,3,12,0,1,0,1,0,0,0,2,6,7,3,0,3,0
11188,2,4,211,2017,7,3,6,0,1,0,0,0,0,1,2,5,3,3,1,3,0
11189,2,3,209,2017,7,3,8,0,1,0,0,0,0,0,1,4,6,3,1,3,0
11190,1,3,106,2017,7,3,21,0,1,1,0,0,0,0,2,3,2,3,0,3,0
11191,1,16,137,2017,7,2,12,0,0,1,0,0,0,1,2,5,3,3,1,3,0
11192,1,12,130,2017,7,2,20,0,0,1,0,0,0,0,1,9,1,3,1,3,0
11193,5,6,514,2017,7,2,17,0,0,1,0,0,0,0,1,2,6,3,1,3,0
11194,5,6,514,2017,7,2,13,0,1,1,0,0,0,0,2,5,3,3,1,3,0
11195,5,6,514,2017,7,2,15,0,0,1,0,0,0,0,1,4,2,3,1,3,0
11196,5,3,511,2017,7,2,16,0,0,1,0,0,0,1,2,0,6,3,1,3,0
11197,3,9,321,2017,7,2,11,0,1,0,0,0,0,0,1,0,7,3,1,3,0
11198,3,8,320,2017,7,2,17,0,0,1,0,0,0,1,2,9,7,3,1,3,0
11199,3,7,319,2017,7,2,12,0,1,0,0,0,0,0,1,0,7,3,1,3,0
11200,3,5,317,2017,7,2,18,0,0,1,0,0,0,0,1,2,6,3,0,3,0
11201,3,2,311,2017,7,2,9,0,0,1,1,0,0,0,2,6,4,3,0,3,0
11202,1,4,112,2017,7,2,18,0,1,0,1,0,0,0,2,6,4,3,1,3,0
11203,1,3,108,2017,7,2,22,0,0,1,0,0,0,0,1,4,2,3,0,3,0
11204,1,5,113,2017,7,2,7,0,1,1,0,0,0,0,2,5,3,3,0,3,0
11205,7,14,715,2017,7,1,21,0,1,0,0,0,0,1,2,0,3,3,0,3,0
11206,1,16,137,2017,7,1,18,0,0,1,0,0,0,0,1,8,1,3,0,3,0
11207,6,11,612,2017,7,1,14,0,1,0,0,1,0,0,2,3,6,3,0,3,0
11208,6,9,610,2017,7,1,23,0,1,1,0,0,0,0,2,1,5,3,0,3,0
11209,6,9,610,2017,7,1,14,0,0,0,0,1,0,0,1,2,6,3,0,3,0
11210,1,6,115,2017,7,1,9,0,0,1,0,0,0,0,1,3,6,3,0,3,0
11211,5,4,512,2017,7,1,0,0,0,1,1,0,0,0,2,6,3,3,0,3,0
11212,5,4,512,2017,7,1,18,0,0,1,0,0,0,0,1,2,6,3,0,3,0
11213,5,7,515,2017,7,1,13,0,0,1,0,1,0,0,2,5,3,3,0,3,0
11214,4,12,431,2017,7,1,5,0,0,1,0,0,0,1,2,1,5,3,0,3,0
11215,4,5,409,2017,7,1,17,0,0,1,1,0,0,0,2,6,4,3,0,3,0
11216,4,5,413,2017,7,1,15,0,1,1,0,0,0,0,2,5,2,3,0,3,0
11217,3,7,319,2017,7,1,17,0,0,1,0,0,0,0,1,5,3,3,0,3,0
11218,3,1,306,2017,7,1,11,0,1,0,1,0,0,0,2,0,4,3,0,3,0
11219,4,2,405,2017,7,1,15,0,0,1,0,0,0,0,1,2,6,3,0,3,0
11220,3,3,314,2017,7,1,18,0,0,1,0,0,0,0,1,5,3,3,0,3,0
11221,1,6,117,2017,7,7,9,0,0,0,1,0,0,1,2,6,6,3,0,3,0
11222,5,5,513,2017,7,7,6,0,0,1,0,0,0,0,1,4,6,3,0,3,0
11223,5,6,514,2017,7,7,19,0,0,1,0,0,0,0,1,2,2,3,0,3,0
11224,4,12,431,2017,7,7,22,0,1,1,0,0,0,0,2,5,3,3,0,3,0
11225,3,4,315,2017,7,7,18,0,0,0,0,1,0,0,1,3,6,3,0,2,1
11226,2,3,210,2017,7,7,14,0,0,1,0,1,0,0,2,5,3,3,0,3,0
11227,2,3,208,2017,7,7,4,0,0,1,1,0,0,0,2,7,7,3,0,3,0
11228,7,1,702,2017,7,6,20,0,1,1,0,0,0,0,2,4,6,3,0,3,0
11229,6,1,601,2017,7,6,9,0,1,1,0,0,0,0,2,3,6,3,0,3,0
11230,4,7,416,2017,7,6,7,0,0,0,1,0,0,1,2,6,4,3,0,3,0
11231,1,6,117,2017,7,6,5,0,1,1,0,0,0,0,2,5,3,3,0,2,1
11232,5,18,526,2017,7,6,13,0,0,1,0,0,0,1,2,2,6,3,0,3,0
11233,5,9,517,2017,7,6,11,0,0,1,0,0,0,1,2,4,7,3,0,3,0
11234,4,12,431,2017,7,6,15,0,1,0,0,0,0,0,1,4,6,3,0,3,0
11235,4,13,432,2017,7,6,15,0,0,1,0,1,0,0,2,2,7,3,0,2,1
11236,4,13,432,2017,7,6,20,0,0,1,0,0,0,0,1,5,2,3,0,3,0
11237,4,5,413,2017,7,6,8,0,1,0,0,0,0,1,2,1,5,3,0,2,1
11238,4,10,426,2017,7,6,8,0,0,1,0,0,0,0,1,1,2,3,0,3,0
11239,3,9,321,2017,7,6,14,0,1,0,0,1,0,0,2,4,6,3,0,3,0
11240,2,5,215,2017,7,6,17,0,1,1,0,0,0,0,2,0,3,3,0,3,0
11241,3,7,319,2017,7,6,13,0,1,1,0,0,0,0,2,5,3,3,0,3,0
11242,2,1,205,2017,7,6,15,0,0,1,0,0,0,0,1,3,6,3,0,3,0
11243,7,12,713,2017,7,5,14,0,1,1,0,0,0,0,2,5,3,3,0,3,0
11244,6,6,607,2017,7,5,15,0,0,1,0,1,0,0,2,9,5,3,0,3,0
11245,1,12,130,2017,7,5,14,0,1,0,1,0,0,0,2,6,4,3,0,3,0
11246,1,12,130,2017,7,5,11,0,0,0,0,0,0,1,1,0,7,3,0,3,0
11247,1,13,131,2017,7,5,12,0,1,0,0,0,0,0,1,0,7,3,0,3,0
11248,1,14,133,2017,7,5,21,0,0,1,0,0,0,0,1,3,6,3,0,3,0
11249,1,7,119,2017,7,5,13,0,0,1,0,1,0,0,2,4,2,3,0,3,0
11250,5,7,515,2017,7,5,16,0,0,1,0,1,0,0,2,5,3,3,0,3,0
11251,5,4,512,2017,7,5,16,0,0,0,1,1,0,0,2,6,4,3,0,3,0
11252,5,18,526,2017,7,5,10,0,1,1,0,0,0,0,2,5,3,3,0,2,1
11253,4,9,425,2017,7,5,15,0,1,1,0,0,0,0,2,4,2,3,0,3,0
11254,5,3,510,2017,7,5,9,0,0,1,0,0,0,0,1,5,3,3,0,3,0
11255,5,2,506,2017,7,5,18,0,0,1,1,0,0,0,2,6,3,3,0,3,0
11256,5,7,515,2017,7,5,11,0,1,0,1,0,0,0,2,6,7,3,0,3,0
11257,5,7,515,2017,7,5,12,0,1,1,0,0,0,0,2,5,3,3,0,3,0
11258,5,7,515,2017,7,5,7,0,0,1,0,0,0,0,1,2,6,3,0,3,0
11259,5,17,525,2017,7,5,16,0,0,1,1,0,0,0,2,6,4,3,0,2,1
11260,5,11,519,2017,7,5,22,0,1,1,0,0,0,0,2,0,3,3,0,3,0
11261,5,11,519,2017,7,5,7,0,1,1,0,0,0,0,2,5,3,3,0,3,0
11262,5,13,521,2017,7,5,9,0,1,0,0,0,0,0,1,0,1,3,0,3,0
11263,4,5,410,2017,7,5,14,0,0,1,0,0,0,0,1,2,6,3,0,3,0
11264,4,10,426,2017,7,5,17,0,0,1,0,0,0,1,2,1,6,3,0,3,0
11265,5,1,504,2017,7,5,19,0,1,1,0,0,0,0,2,5,2,3,0,3,0
11266,5,1,504,2017,7,5,11,0,0,1,0,0,0,0,1,5,3,3,0,3,0
11267,4,6,414,2017,7,5,12,0,1,1,0,0,0,0,2,5,3,3,0,3,0
11268,2,9,221,2017,7,5,14,0,1,0,0,0,0,0,1,0,7,3,0,3,0
11269,2,12,225,2017,7,5,8,0,1,1,0,0,0,0,2,5,3,3,0,3,0
11270,2,5,215,2017,7,5,22,0,0,0,0,1,0,1,2,0,3,3,0,3,0
11271,2,3,210,2017,7,5,17,0,0,1,0,0,0,0,1,2,6,3,0,3,0
11272,3,3,314,2017,7,5,19,0,1,1,0,0,0,0,2,1,5,3,0,2,1
11273,1,3,108,2017,7,5,21,0,1,0,0,0,0,0,1,0,7,3,0,3,0
11274,1,6,115,2017,7,5,6,0,1,1,0,0,0,0,2,5,3,3,0,3,0
11275,1,19,140,2017,7,5,5,0,0,1,0,0,0,1,2,3,6,3,0,3,0
11276,1,16,137,2017,7,4,7,0,0,1,0,0,0,0,1,4,2,3,1,3,0
11277,6,5,606,2017,7,4,14,0,0,1,0,0,0,0,1,2,6,3,0,3,0
11278,6,5,606,2017,7,4,10,0,1,1,0,0,0,0,2,5,3,3,0,2,1
11279,1,12,130,2017,7,4,15,0,0,1,0,0,0,1,2,2,2,3,0,3,0
11280,1,13,131,2017,7,4,16,0,0,1,0,0,0,1,2,2,7,3,0,3,0
11281,5,5,513,2017,7,4,8,0,0,1,0,0,0,1,2,3,7,3,1,3,0
11282,5,2,507,2017,7,4,14,0,0,1,0,0,0,0,1,1,6,3,0,3,0
11283,5,2,507,2017,7,4,12,0,0,1,0,0,0,0,1,4,2,3,0,3,0
11284,5,7,515,2017,7,4,9,0,0,1,0,0,0,0,1,1,6,3,0,3,0
11285,5,11,519,2017,7,4,14,0,0,1,0,0,0,0,1,1,1,3,0,2,1
11286,5,10,518,2017,7,4,6,0,0,1,0,1,0,0,2,2,6,3,1,3,0
11287,5,12,520,2017,7,4,15,0,1,1,0,0,0,0,2,5,3,3,0,3,0
11288,4,8,423,2017,7,4,18,0,1,0,0,0,0,0,1,3,6,3,0,3,0
11289,3,8,320,2017,7,4,16,0,0,0,0,0,0,1,1,0,7,3,0,3,0
11290,2,9,221,2017,7,4,12,0,0,1,0,0,0,0,1,5,3,3,0,3,0
11291,2,10,222,2017,7,4,11,0,1,1,0,0,0,1,3,1,6,3,0,3,0
11292,2,8,220,2017,7,4,19,0,1,0,0,0,0,0,1,0,7,3,0,3,0
11293,2,8,220,2017,7,4,7,0,1,1,0,0,0,0,2,5,3,3,1,3,0
11294,3,7,319,2017,7,4,8,0,0,1,0,0,0,0,1,2,6,3,0,3,0
11295,2,4,213,2017,7,4,17,0,0,0,1,0,0,1,2,6,2,3,0,3,0
11296,2,1,204,2017,7,4,11,0,0,1,0,0,0,0,1,5,3,3,0,3,0
11297,2,1,206,2017,7,4,8,0,1,0,0,0,0,0,1,5,3,3,1,3,0
11298,1,3,108,2017,7,4,12,0,0,1,0,0,0,1,2,3,2,3,0,2,1
11299,7,1,702,2017,7,3,10,0,1,1,0,0,0,0,2,5,3,3,0,3,0
11300,7,1,701,2017,7,3,12,0,0,1,0,0,0,0,1,2,2,3,0,3,0
11301,6,14,615,2017,7,3,9,0,1,0,0,0,0,0,1,5,3,3,0,3,0
11302,6,2,602,2017,7,3,9,0,1,0,0,0,0,1,2,0,6,3,0,3,0
11303,1,6,118,2017,7,3,7,0,0,0,0,1,0,1,2,4,2,3,0,3,0
11304,5,2,506,2017,7,3,16,0,0,1,0,0,0,0,1,2,2,3,0,3,0
11305,5,10,518,2017,7,3,12,0,0,1,0,0,0,0,1,5,3,3,0,3,0
11306,5,11,519,2017,7,3,15,0,0,1,0,0,0,0,1,5,3,3,0,3,0
11307,4,13,432,2017,7,3,16,0,0,1,0,0,0,0,1,2,6,3,0,3,0
11308,4,13,432,2017,7,3,16,0,1,1,0,0,0,0,2,5,3,3,0,3,0
11309,4,5,410,2017,7,3,10,0,0,0,0,1,0,0,1,0,2,3,0,2,1
11310,4,5,409,2017,7,3,16,0,0,1,0,1,0,0,2,3,6,3,0,3,0
11311,4,5,408,2017,7,3,8,0,1,1,0,0,0,0,2,5,3,3,0,3,0
11312,3,7,319,2017,7,3,17,0,1,1,0,0,0,0,2,5,3,3,0,3,0
11313,3,7,319,2017,7,3,8,0,1,1,0,0,0,0,2,2,3,3,0,3,0
11314,4,2,405,2017,7,3,16,0,1,1,0,0,0,0,2,5,3,3,0,3,0
11315,3,5,317,2017,7,3,6,0,0,1,0,0,0,0,1,5,2,3,0,3,0
11316,3,2,312,2017,7,3,18,0,1,1,0,0,0,0,2,5,2,3,0,3,0
11317,1,3,106,2017,7,3,15,0,0,1,0,0,0,0,1,3,6,3,0,3,0
11318,1,3,107,2017,7,3,4,0,0,1,0,0,0,1,2,1,5,3,0,3,0
11319,1,3,106,2017,7,3,8,0,1,1,0,0,0,0,2,5,3,3,0,3,0
11320,1,5,114,2017,7,3,14,0,1,1,0,0,0,0,2,0,3,3,0,3,0
11321,1,20,141,2017,7,2,18,0,1,1,0,0,0,0,2,0,6,3,1,3,0
11322,7,1,702,2017,7,2,12,0,0,1,1,0,0,0,2,6,4,3,0,3,0
11323,6,1,601,2017,7,2,20,0,0,1,0,0,0,0,1,8,1,3,1,1,1
11324,6,2,602,2017,7,2,17,0,0,1,0,0,0,0,1,2,6,3,0,3,0
11325,6,14,615,2017,7,2,5,0,0,1,0,0,0,0,1,5,2,3,0,3,0
11326,5,18,526,2017,7,2,13,0,0,0,1,0,0,1,2,6,7,3,0,2,1
11327,5,4,512,2017,7,2,18,0,0,1,0,1,0,0,2,3,6,3,1,3,0
11328,5,18,526,2017,7,2,9,0,1,1,0,0,0,0,2,5,3,3,0,3,0
11329,5,18,526,2017,7,2,13,0,1,1,0,0,0,0,2,5,3,3,0,3,0
11330,4,9,424,2017,7,2,8,0,1,0,0,0,0,0,1,3,6,3,0,3,0
11331,5,8,516,2017,7,2,15,0,0,1,0,0,0,0,1,1,6,3,0,3,0
11332,5,12,520,2017,7,2,13,0,1,1,0,0,0,0,2,4,2,3,0,3,0
11333,4,5,409,2017,7,2,15,0,1,1,0,0,0,0,2,5,3,3,0,3,0
11334,4,6,415,2017,7,2,18,0,0,1,0,0,0,0,1,1,6,3,1,3,0
11335,3,9,321,2017,7,2,6,0,1,0,0,0,0,1,2,3,2,3,0,3,0
11336,2,7,219,2017,7,2,14,0,0,1,1,0,0,0,2,6,4,3,0,3,0
11337,3,1,305,2017,7,2,9,0,1,1,0,0,0,0,2,1,5,3,0,3,0
11338,1,6,115,2017,7,2,17,0,1,0,0,0,0,1,2,5,2,3,1,3,0
11339,7,14,715,2017,7,1,13,0,1,0,0,0,0,1,2,0,7,3,1,3,0
11340,1,20,141,2017,7,1,16,0,0,1,0,0,0,0,1,0,7,3,0,3,0
11341,5,5,513,2017,7,1,15,0,0,1,0,0,0,0,1,5,3,3,0,3,0
11342,2,14,227,2017,7,1,15,0,0,1,0,1,0,0,2,5,3,3,0,3,0
11343,1,4,112,2017,7,1,22,0,0,1,0,1,0,0,2,2,6,3,0,3,0
11344,7,13,714,2017,7,7,13,0,0,1,0,0,0,0,1,2,6,3,1,3,0
11345,1,12,130,2017,7,7,13,0,0,1,1,0,0,0,2,6,7,3,1,2,1
11346,1,8,121,2017,7,7,19,0,0,1,0,0,0,0,1,5,3,3,0,3,0
11347,5,18,526,2017,7,7,14,0,0,1,0,0,0,0,1,4,2,3,1,3,0
11348,5,2,505,2017,7,7,18,0,1,1,0,0,0,0,2,5,2,3,0,3,0
11349,5,8,516,2017,7,7,13,0,0,1,0,0,0,0,1,2,6,3,1,3,0
11350,4,11,430,2017,7,7,9,0,0,1,0,0,0,0,1,3,7,3,1,3,0
11351,4,5,413,2017,7,7,2,0,0,1,0,0,0,0,1,5,3,3,1,3,0
11352,4,8,419,2017,7,7,12,0,0,1,1,0,0,0,2,6,4,3,1,3,0
11353,2,5,217,2017,7,7,20,0,1,1,0,0,0,0,2,5,3,3,0,3,0
11354,3,4,316,2017,7,7,16,0,1,0,0,0,0,0,1,0,7,3,0,2,1
11355,2,4,212,2017,7,7,14,0,1,1,0,0,0,0,2,5,3,3,1,3,0
11356,3,2,312,2017,7,7,0,0,0,1,0,0,0,0,1,2,6,3,1,3,0
11357,7,14,715,2017,6,6,11,0,1,1,0,0,0,0,2,5,3,3,1,2,1
11358,7,1,702,2017,6,6,12,0,0,1,0,0,0,0,1,2,6,3,1,3,0
11359,1,12,130,2017,6,6,19,0,0,1,0,0,0,0,1,1,2,3,1,3,0
11360,1,11,128,2017,6,6,8,0,0,1,0,0,0,0,1,5,3,3,1,3,0
11361,1,14,132,2017,6,6,18,0,0,1,0,0,0,0,1,5,3,3,1,3,0
11362,1,8,121,2017,6,6,8,0,0,1,0,0,0,1,2,2,6,3,1,3,0
11363,5,18,526,2017,6,6,11,0,0,1,0,0,0,0,1,2,2,3,1,3,0
11364,4,10,429,2017,6,6,15,0,1,1,0,0,0,0,2,5,2,3,1,3,0
11365,5,11,519,2017,6,6,7,0,0,1,1,0,0,0,2,6,4,3,1,3,0
11366,5,16,524,2017,6,6,18,0,0,1,0,0,0,0,1,2,6,3,1,3,0
11367,4,12,431,2017,6,6,19,0,0,1,1,0,0,0,2,6,4,3,1,2,1
11368,4,13,432,2017,6,6,14,0,0,1,0,0,0,1,2,2,6,3,1,3,0
11369,4,12,431,2017,6,6,14,0,0,1,0,0,0,0,1,2,6,3,1,3,0
11370,4,5,409,2017,6,6,19,0,1,1,0,0,0,0,2,5,7,3,1,3,0
11371,4,6,415,2017,6,6,11,0,1,0,0,0,0,0,1,0,6,3,1,2,1
11372,2,9,221,2017,6,6,17,0,1,1,0,0,0,0,2,5,3,3,1,3,0
11373,2,11,223,2017,6,6,14,0,0,1,0,0,0,1,2,1,6,3,1,3,0
11374,3,1,305,2017,6,6,12,0,1,1,0,0,0,0,2,1,5,3,1,3,0
11375,4,1,401,2017,6,6,8,0,0,1,1,0,0,0,2,6,2,3,1,3,0
11376,3,5,317,2017,6,6,7,0,0,1,1,0,0,0,2,6,3,3,1,3,0
11377,3,2,312,2017,6,6,21,0,1,1,0,0,0,0,2,5,3,3,1,3,0
11378,3,2,312,2017,6,6,20,0,0,1,0,1,0,0,2,4,2,3,1,3,0
11379,1,4,112,2017,6,6,3,0,0,1,1,0,0,0,2,6,4,3,0,3,0
11380,6,2,603,2017,6,5,15,0,1,1,0,0,0,0,2,4,2,3,0,3,0
11381,6,1,601,2017,6,5,15,0,0,1,0,1,0,0,2,2,6,3,0,3,0
11382,1,12,130,2017,6,5,17,0,0,1,0,0,0,1,2,0,6,3,0,3,0
11383,1,11,128,2017,6,5,15,0,1,1,0,0,0,0,2,5,3,3,0,3,0
11384,1,13,131,2017,6,5,10,0,0,0,0,0,0,1,1,7,7,3,0,3,0
11385,1,11,129,2017,6,5,10,0,1,0,0,0,0,1,2,5,3,3,0,2,1
11386,1,14,132,2017,6,5,16,0,0,1,0,0,0,1,2,5,7,3,0,3,0
11387,4,10,428,2017,7,4,7,0,1,1,0,0,0,0,2,5,3,3,0,3,0
11388,3,5,317,2017,7,4,21,0,1,1,0,0,0,0,2,5,3,3,0,3,0
11389,3,9,321,2017,7,4,14,0,1,1,0,0,0,0,2,5,3,3,0,3,0
11390,1,8,125,2017,6,5,8,0,0,1,0,0,0,1,2,5,3,3,0,3,0
11391,3,5,317,2017,7,4,17,0,1,0,1,0,0,0,2,6,4,3,0,3,0
11392,2,4,214,2017,7,4,19,0,1,1,0,0,0,0,2,5,2,3,0,3,0
11393,2,4,213,2017,7,4,7,0,1,1,0,0,0,0,2,1,7,3,0,3,0
11394,2,4,214,2017,7,4,22,0,1,1,0,0,0,0,2,0,5,3,1,3,0
11395,2,3,210,2017,7,4,0,0,0,1,0,0,0,1,2,1,5,3,0,3,0
11396,3,3,314,2017,7,4,17,0,1,0,1,0,0,0,2,6,4,3,0,3,0
11397,5,4,512,2017,6,5,11,0,0,1,0,0,0,0,1,1,6,3,0,3,0
11398,1,4,109,2017,7,4,19,0,1,0,0,1,0,0,2,5,3,3,0,2,1
11399,1,19,140,2017,7,4,12,0,0,0,0,0,0,1,1,0,7,3,0,3,0
11400,5,4,512,2017,6,5,9,0,0,1,0,0,0,1,2,1,6,3,0,3,0
11401,7,14,715,2017,7,3,9,0,1,1,0,0,0,0,2,5,3,3,0,3,0
11402,6,12,613,2017,7,3,19,0,1,1,0,0,0,0,2,4,2,3,0,2,1
11403,5,6,514,2017,6,5,17,0,0,1,1,0,0,0,2,6,4,3,0,3,0
11404,5,18,526,2017,6,5,13,0,0,1,0,0,0,0,1,2,2,3,0,3,0
11405,6,14,615,2017,7,3,20,0,0,1,0,0,0,0,1,2,2,3,0,3,0
11406,5,2,506,2017,6,5,18,0,0,1,0,0,0,0,1,1,6,3,1,3,0
11407,1,13,131,2017,7,3,16,0,0,1,0,0,0,0,1,2,2,3,0,3,0
11408,5,12,520,2017,6,5,14,0,1,1,0,0,0,0,2,4,2,3,0,3,0
11409,1,8,123,2017,7,3,8,0,0,1,1,0,0,0,2,6,4,3,0,3,0
11410,4,13,432,2017,6,5,19,0,1,1,0,0,0,0,2,4,2,3,0,3,0
11411,3,9,321,2017,6,5,19,0,1,1,0,0,0,0,2,1,5,3,1,3,0
11412,3,8,320,2017,6,5,6,0,1,1,0,0,0,0,2,3,6,3,0,3,0
11413,1,8,123,2017,7,3,12,0,0,1,0,0,0,0,1,2,6,3,0,3,0
11414,3,9,321,2017,6,5,6,0,0,1,0,1,0,0,2,5,3,3,0,3,0
11415,2,11,223,2017,6,5,13,0,0,1,1,0,0,0,2,1,7,3,0,3,0
11416,2,8,220,2017,6,5,14,0,1,1,0,0,0,0,2,5,3,3,0,3,0
11417,3,7,319,2017,6,5,17,0,1,1,0,0,0,0,2,0,7,3,0,2,1
11418,3,7,319,2017,6,5,14,0,1,1,0,0,0,0,2,0,2,3,0,2,1
11419,2,3,210,2017,6,5,17,0,0,1,0,0,0,0,1,2,6,3,0,3,0
11420,3,3,314,2017,6,5,17,0,1,1,0,0,0,0,2,4,2,3,0,3,0
11421,1,8,121,2017,7,3,8,0,0,0,0,0,0,1,1,0,6,3,0,3,0
11422,5,18,526,2017,7,3,10,0,0,1,0,0,0,0,1,5,3,3,0,3,0
11423,5,6,514,2017,7,3,14,0,0,1,0,0,0,0,1,2,2,3,0,3,0
11424,5,6,514,2017,7,3,7,0,1,1,0,0,0,0,2,5,3,3,0,3,0
11425,5,7,515,2017,7,3,12,0,1,0,0,0,0,1,2,5,3,3,0,3,0
11426,5,12,520,2017,7,3,15,0,0,1,0,0,0,1,2,2,6,3,0,3,0
11427,5,10,518,2017,7,3,9,0,0,1,0,0,0,0,1,2,2,3,0,3,0
11428,1,4,110,2017,6,5,20,0,1,0,0,0,0,0,1,4,3,3,1,3,0
11429,4,13,432,2017,7,3,7,0,1,0,0,0,0,1,2,5,3,3,0,3,0
11430,4,5,409,2017,7,3,9,0,1,1,0,0,0,0,2,0,5,3,0,3,0
11431,2,11,223,2017,7,3,9,0,0,1,0,0,0,0,1,2,6,3,0,3,0
11432,3,1,310,2017,6,5,15,0,1,1,0,0,0,0,2,4,2,3,0,3,0
11433,2,11,223,2017,7,3,0,0,0,0,0,1,0,0,1,9,1,3,0,2,1
11434,2,5,215,2017,7,3,16,0,1,1,0,0,0,0,2,1,7,3,0,3,0
11435,2,3,208,2017,6,5,12,0,1,1,0,0,0,0,2,3,2,3,0,3,0
11436,2,8,220,2017,7,3,17,0,1,1,0,0,0,0,2,3,2,3,0,3,0
11437,3,5,317,2017,7,3,11,0,0,1,0,0,0,0,1,3,6,3,0,3,0
11438,1,4,111,2017,6,5,2,0,1,0,0,0,0,0,1,4,6,3,0,3,0
11439,1,4,111,2017,7,3,19,0,0,1,0,0,0,0,1,5,2,3,0,3,0
11440,1,1,101,2017,6,5,10,0,0,0,1,0,0,1,2,0,4,3,0,3,0
11441,1,3,108,2017,6,5,9,0,1,1,0,0,0,0,2,3,5,3,0,3,0