SN,District,Imperial_Circle,Community,Year,Month,Weekday,Hour,Road,Cycle,Car,Pedestrians,Motorcycle,Goods Vehicle,Others,Total,Collision Type,Accident Type,Light Condition,Road Condition,Accident_Severity,Tend_to_Death
11442,1,17,138,2017,6,5,9,0,0,1,0,0,0,1,2,3,2,3,0,3,0
11443,3,1,309,2017,7,3,8,0,1,0,0,0,0,0,1,0,7,3,0,3,0
11444,5,18,526,2017,6,4,17,0,0,1,1,0,0,0,2,6,7,3,0,2,1
11445,5,5,513,2017,6,4,7,0,0,0,1,0,0,1,2,6,2,3,0,3,0
11446,1,5,113,2017,7,3,9,0,1,0,0,0,0,0,1,4,6,3,0,3,0
11447,5,18,526,2017,6,4,20,0,0,1,0,0,0,0,1,5,3,3,0,3,0
11448,5,7,515,2017,6,4,14,0,1,1,0,0,0,0,2,2,6,3,0,2,1
11449,5,10,518,2017,6,4,7,0,0,1,0,0,0,0,1,2,2,3,0,3,0
11450,7,1,701,2017,7,2,17,0,0,1,0,1,0,0,2,2,6,3,0,3,0
11451,5,11,519,2017,6,4,13,0,1,1,0,0,0,0,2,5,3,3,0,3,0
11452,5,17,525,2017,6,4,11,0,0,1,0,0,0,0,1,9,1,3,0,3,0
11453,4,4,407,2017,6,4,17,0,1,0,0,0,0,0,1,3,6,3,1,3,0
11454,4,5,409,2017,6,4,9,0,1,1,0,0,0,0,2,0,5,3,0,2,1
11455,4,5,412,2017,6,4,9,0,1,1,0,0,0,0,2,1,5,3,0,3,0
11456,5,1,501,2017,6,4,17,0,1,1,0,0,0,0,2,1,5,3,1,3,0
11457,2,9,221,2017,6,4,18,0,0,1,0,0,0,1,2,3,6,3,1,3,0
11458,3,6,318,2017,6,4,12,0,0,1,0,0,0,0,1,3,6,3,0,3,0
11459,3,1,307,2017,6,4,14,0,0,1,0,0,0,1,2,2,6,3,0,3,0
11460,2,4,212,2017,6,4,22,0,0,1,0,0,0,0,1,4,3,3,0,3,0
11461,2,3,210,2017,6,4,20,0,1,0,0,0,0,0,1,9,1,3,1,3,0
11462,3,1,309,2017,6,4,21,0,1,1,0,0,0,0,2,4,2,3,0,3,0
11463,3,2,311,2017,6,4,9,0,1,1,0,0,0,0,2,3,6,3,0,3,0
11464,1,16,137,2017,7,2,7,0,1,1,0,0,0,0,2,4,2,3,0,3,0
11465,6,9,610,2017,7,2,18,0,1,1,0,0,0,0,2,1,5,3,0,3,0
11466,6,7,608,2017,7,2,18,0,1,0,0,0,0,0,1,4,6,3,0,2,1
11467,1,12,130,2017,7,2,17,0,1,1,0,0,0,0,2,3,2,3,0,3,0
11468,1,13,131,2017,7,2,16,0,0,1,0,0,0,0,1,5,3,3,0,3,0
11469,1,8,123,2017,7,2,21,0,0,1,0,0,0,1,2,1,5,3,0,3,0
11470,1,14,132,2017,7,2,17,0,1,1,0,0,0,0,2,5,3,3,0,3,0
11471,1,6,117,2017,7,2,7,0,0,0,1,0,0,1,2,6,4,3,0,2,1
11472,5,18,526,2017,7,2,12,0,0,1,0,0,0,0,1,2,2,3,0,3,0
11473,5,18,526,2017,7,2,14,0,0,1,0,0,0,0,1,5,3,3,0,3,0
11474,5,5,513,2017,7,2,7,0,0,1,1,0,0,0,2,6,4,3,0,3,0
11475,5,7,515,2017,7,2,17,0,1,1,0,0,0,0,2,5,2,3,0,3,0
11476,1,4,110,2017,6,4,3,0,0,1,1,0,0,0,2,6,3,3,0,3,0
11477,5,7,515,2017,7,2,9,0,0,1,1,0,0,0,2,6,4,3,0,3,0
11478,1,4,111,2017,6,4,9,0,0,1,0,1,0,0,2,1,7,3,0,3,0
11479,1,3,108,2017,6,4,17,0,1,1,0,0,0,0,2,5,3,3,1,3,0
11480,5,16,524,2017,7,2,6,0,0,1,0,0,0,0,1,5,3,3,0,3,0
11481,1,5,114,2017,6,4,8,0,1,1,0,0,0,0,2,5,2,3,0,3,0
11482,7,16,717,2017,6,3,12,0,0,1,0,0,0,0,1,4,2,3,0,3,0
11483,5,17,525,2017,7,2,10,0,1,1,0,0,0,0,2,5,3,3,0,3,0
11484,7,1,702,2017,6,3,18,0,0,1,1,0,0,0,2,6,4,3,0,3,0
11485,1,16,137,2017,6,3,16,0,0,1,0,1,0,0,2,5,3,3,0,3,0
11486,4,12,431,2017,7,2,8,0,0,1,0,0,0,0,1,2,2,3,0,3,0
11487,1,11,128,2017,6,3,11,0,0,1,0,0,0,0,1,2,6,3,0,3,0
11488,4,5,413,2017,7,2,11,0,0,1,0,0,0,0,1,5,3,3,0,3,0
11489,4,6,415,2017,7,2,15,0,1,1,0,0,0,0,2,5,3,3,0,2,1
11490,5,18,526,2017,6,3,13,0,0,1,0,0,0,0,1,8,1,3,0,3,0
11491,5,1,503,2017,7,2,10,0,0,1,0,0,0,0,1,5,3,3,0,3,0
11492,5,4,512,2017,6,3,14,0,1,0,1,0,0,0,2,6,4,3,0,3,0
11493,2,9,221,2017,7,2,13,0,1,1,0,0,0,0,2,5,2,3,0,3,0
11494,5,2,508,2017,6,3,11,0,0,1,0,0,0,0,1,5,3,3,0,3,0
11495,2,1,203,2017,7,2,11,0,0,1,0,1,0,0,2,1,6,3,0,3,0
11496,3,2,312,2017,7,2,18,0,1,0,0,0,0,1,2,5,3,3,0,3,0
11497,5,17,525,2017,6,3,16,0,0,1,0,0,0,0,1,2,6,3,0,2,1
11498,5,11,519,2017,6,3,14,0,0,1,0,0,0,0,1,2,6,3,0,3,0
11499,5,10,518,2017,6,3,12,0,1,1,0,0,0,0,2,5,3,3,0,3,0
11500,5,11,519,2017,6,3,14,0,1,1,0,0,0,0,2,0,2,3,0,3,0
11501,1,3,108,2017,7,2,18,0,1,1,0,0,0,0,2,3,2,3,0,3,0
11502,5,17,525,2017,6,3,7,0,1,0,0,0,0,0,1,4,7,3,0,2,1
11503,4,12,431,2017,6,3,7,0,1,1,0,0,0,0,2,1,5,3,0,3,0
11504,1,17,138,2017,7,2,18,0,0,0,0,1,0,1,2,0,7,3,0,3,0
11505,3,8,320,2017,6,3,9,0,0,0,1,0,0,1,2,6,7,3,0,3,0
11506,2,10,222,2017,6,3,10,0,0,1,0,0,0,0,1,2,6,3,0,3,0
11507,2,5,215,2017,6,3,19,0,1,1,0,0,0,0,2,4,2,3,0,3,0
11508,5,4,512,2017,7,1,20,0,0,1,0,0,0,0,1,2,6,3,1,3,0
11509,2,5,215,2017,6,3,14,0,1,1,0,0,0,0,2,5,3,3,0,3,0
11510,3,7,319,2017,6,3,16,0,1,1,0,0,0,0,2,5,3,3,0,3,0
11511,3,7,319,2017,6,3,15,0,1,0,1,0,0,0,2,6,7,3,0,3,0
11512,3,7,319,2017,6,3,13,0,1,0,1,0,0,0,2,6,6,3,0,3,0
11513,4,11,430,2017,7,1,0,0,0,1,0,0,0,0,1,5,3,3,0,3,0
11514,4,6,415,2017,7,1,13,0,0,1,0,0,0,0,1,2,6,3,1,3,0
11515,4,8,423,2017,7,1,20,0,0,1,0,1,0,0,2,2,6,3,1,3,0
11516,2,8,220,2017,7,1,16,0,0,1,0,1,0,0,2,4,2,3,1,3,0
11517,2,6,218,2017,7,1,1,0,0,1,1,0,0,0,2,0,4,3,0,2,1
11518,2,4,213,2017,7,1,11,0,1,1,0,0,0,0,2,0,6,3,1,3,0
11519,2,3,208,2017,7,1,2,0,0,1,1,0,0,0,2,6,5,3,0,2,1
11520,7,4,705,2017,7,7,10,0,1,1,0,0,0,0,2,4,2,3,0,3,0
11521,1,16,137,2017,7,7,15,0,0,1,1,0,0,0,2,6,4,3,0,3,0
11522,6,2,602,2017,7,7,20,0,1,1,0,0,0,0,2,1,1,3,0,3,0
11523,6,1,601,2017,7,7,5,0,0,0,0,1,0,0,1,9,1,3,0,3,0
11524,1,11,128,2017,7,7,11,0,0,1,0,0,0,0,1,3,6,3,0,3,0
11525,3,1,306,2017,6,3,11,0,0,1,0,0,0,0,1,1,6,3,0,3,0
11526,5,8,516,2017,7,7,19,0,1,0,1,0,0,0,2,6,6,3,0,3,0
11527,3,5,317,2017,6,3,0,0,0,1,0,0,0,0,1,7,1,3,0,3,0
11528,5,10,518,2017,7,7,15,0,1,1,0,0,0,0,2,5,3,3,0,3,0
11529,3,1,303,2017,6,3,13,0,1,0,0,0,0,0,1,4,6,3,0,3,0
11530,5,9,517,2017,7,7,10,0,1,1,0,0,0,0,2,0,7,3,0,3,0
11531,2,4,212,2017,6,3,7,0,1,0,1,0,0,0,2,6,6,3,0,3,0
11532,2,4,214,2017,6,3,7,0,0,1,0,0,0,1,2,2,6,3,0,3,0
11533,5,10,518,2017,7,7,12,0,1,1,0,0,0,0,2,5,3,3,0,2,1
11534,4,6,414,2017,7,7,9,0,1,1,0,0,0,0,2,1,5,3,0,3,0
11535,4,7,417,2017,7,7,13,0,1,0,0,0,0,1,2,5,3,3,0,3,0
11536,3,5,317,2017,7,7,13,0,1,1,0,0,0,0,2,5,3,3,0,2,1
11537,2,3,209,2017,7,7,1,0,1,0,0,0,0,1,2,4,6,3,1,3,0
11538,3,1,309,2017,7,7,18,0,0,1,0,1,0,0,2,4,2,3,0,2,1
11539,1,16,136,2017,7,6,22,0,1,1,0,0,0,0,2,4,2,3,0,3,0
11540,2,1,201,2017,6,3,14,0,0,1,0,0,0,0,1,5,2,3,0,3,0
11541,5,5,513,2017,7,6,15,0,0,1,0,0,0,0,1,2,6,3,0,3,0
11542,5,5,513,2017,7,6,17,0,0,1,0,0,0,0,1,1,6,3,0,3,0
11543,5,18,526,2017,7,6,8,0,1,1,0,0,0,0,2,5,3,3,0,3,0
11544,1,3,106,2017,6,3,23,0,1,0,0,0,0,0,1,5,3,3,0,3,0
11545,1,1,102,2017,6,3,16,0,1,0,0,0,0,0,1,5,3,3,0,2,1
11546,1,5,113,2017,6,3,9,0,1,1,0,0,0,0,2,2,7,3,0,3,0
11547,1,16,136,2017,6,2,19,0,0,1,0,1,0,0,2,5,3,3,0,3,0
11548,5,18,526,2017,7,6,10,0,0,0,0,1,0,0,1,9,7,3,0,3,0
11549,1,12,130,2017,6,2,19,0,0,1,0,0,0,0,1,2,6,3,0,3,0
11550,1,13,131,2017,6,2,16,0,0,0,0,0,0,1,1,4,2,3,0,3,0
11551,4,9,425,2017,7,6,14,0,1,1,0,0,0,0,2,2,6,3,0,2,1
11552,1,12,130,2017,6,2,15,0,0,1,0,0,0,1,2,3,6,3,0,3,0
11553,5,18,526,2017,6,2,5,0,0,0,0,1,0,1,2,0,3,3,1,3,0
11554,5,5,513,2017,7,6,14,0,1,1,0,0,0,0,2,5,3,3,0,3,0
11555,5,2,507,2017,6,2,8,0,0,1,0,0,0,0,1,2,6,3,0,3,0
11556,4,9,424,2017,7,6,9,0,0,0,0,1,0,0,1,7,1,3,0,3,0
11557,5,3,510,2017,6,2,11,0,0,1,0,0,0,0,1,0,7,3,0,3,0
11558,5,17,525,2017,6,2,19,0,0,1,0,0,0,1,2,0,6,3,0,3,0
11559,5,3,510,2017,7,6,12,0,1,1,0,0,0,0,2,5,3,3,0,3,0
11560,5,17,525,2017,6,2,13,0,1,1,0,0,0,0,2,5,3,3,0,3,0
11561,5,17,525,2017,6,2,10,0,1,1,0,0,0,0,2,5,3,3,0,2,1
11562,5,10,518,2017,6,2,12,0,0,1,0,1,0,0,2,5,3,3,0,3,0
11563,4,13,432,2017,6,2,17,0,1,0,0,0,0,1,2,0,7,3,0,3,0
11564,5,3,510,2017,7,6,18,0,1,1,0,0,0,0,2,5,3,3,0,3,0
11565,5,7,515,2017,7,6,8,0,0,1,0,0,0,0,1,5,3,3,0,3,0
11566,5,16,524,2017,7,6,16,0,0,1,0,1,0,0,2,0,1,3,0,2,1
11567,5,12,520,2017,7,6,14,0,1,1,0,0,0,0,2,2,2,3,0,3,0
11568,4,5,410,2017,7,6,14,0,1,0,0,0,0,0,1,4,6,3,0,3,0
11569,4,5,408,2017,7,6,8,0,1,1,0,0,0,0,2,3,2,3,0,3,0
11570,4,5,413,2017,7,6,9,0,1,1,0,0,0,0,2,5,2,3,0,3,0
11571,4,8,420,2017,7,6,9,0,1,1,0,0,0,0,2,5,3,3,0,3,0
11572,3,8,320,2017,7,6,11,0,1,1,0,0,0,0,2,5,3,3,0,2,1
11573,2,11,224,2017,7,6,8,0,1,1,0,0,0,0,2,5,3,3,0,3,0
11574,2,9,221,2017,7,6,13,0,1,0,1,0,0,0,2,0,7,3,0,3,0
11575,2,4,212,2017,7,6,18,0,1,0,0,0,0,0,1,5,6,3,0,3,0
11576,2,1,205,2017,7,6,15,0,1,0,0,0,0,0,1,4,6,3,0,3,0
11577,3,3,314,2017,7,6,2,0,1,0,0,0,0,0,1,0,1,3,0,2,1
11578,1,1,101,2017,7,6,18,0,0,1,0,1,0,0,2,1,6,3,0,3,0
11579,1,5,113,2017,7,6,15,0,0,1,1,0,0,0,2,6,4,3,0,3,0
11580,7,9,710,2017,7,5,14,0,0,1,0,0,0,0,1,2,6,3,0,3,0
11581,1,12,130,2017,7,5,6,0,1,1,0,0,0,0,2,4,7,3,0,3,0
11582,1,12,130,2017,7,5,15,0,0,1,0,0,0,0,1,2,6,3,0,3,0
11583,1,14,132,2017,7,5,10,0,1,1,0,0,0,0,2,3,2,3,0,3,0
11584,5,18,526,2017,7,5,16,0,0,1,0,0,0,1,2,5,3,3,0,3,0
11585,4,12,431,2017,6,2,15,0,1,1,0,0,0,0,2,5,3,3,0,3,0
11586,5,18,526,2017,7,5,17,0,0,1,1,0,0,0,2,6,4,3,0,2,1
11587,5,1,502,2017,6,2,15,0,1,1,0,0,0,0,2,3,2,3,0,2,1
11588,4,11,430,2017,7,5,17,0,1,1,0,0,0,0,2,5,3,3,0,3,0
11589,4,8,419,2017,6,2,19,0,1,1,0,0,0,0,2,4,2,3,0,3,0
11590,4,5,409,2017,7,5,16,0,1,1,0,0,0,0,2,1,6,3,0,3,0
11591,3,9,321,2017,6,2,14,0,1,0,0,0,0,1,2,3,2,3,0,3,0
11592,2,10,222,2017,6,2,14,0,1,1,1,0,0,0,3,6,6,3,0,3,0
11593,4,8,418,2017,7,5,9,0,1,0,1,0,0,0,2,6,3,3,0,3,0
11594,3,1,303,2017,6,2,8,0,1,1,0,0,0,1,3,0,7,3,0,3,0
11595,2,4,213,2017,6,2,9,0,1,0,1,0,0,0,2,6,3,3,0,3,0
11596,5,1,503,2017,7,5,20,0,0,1,0,0,0,0,1,5,3,3,0,3,0
11597,2,4,213,2017,6,2,11,0,1,0,0,0,0,0,1,5,3,3,0,3,0
11598,1,5,114,2017,6,2,17,0,0,1,0,0,0,0,1,1,2,3,0,3,0
11599,4,6,414,2017,7,5,10,0,1,1,0,0,0,0,2,4,2,3,0,3,0
11600,1,18,139,2017,6,2,6,0,0,1,0,0,0,1,2,3,6,3,0,3,0
11601,5,1,503,2017,7,5,22,0,1,1,0,0,0,0,2,5,3,3,0,3,0
11602,4,6,414,2017,7,5,20,0,1,1,0,0,0,0,2,1,7,3,0,3,0
11603,1,17,138,2017,6,2,5,0,0,1,0,0,0,1,2,2,6,3,0,3,0
11604,5,1,503,2017,7,5,15,0,0,1,0,0,0,1,2,4,7,3,0,3,0
11605,3,9,321,2017,7,5,14,0,1,1,0,0,0,0,2,5,3,3,0,2,1
11606,7,1,702,2017,6,1,15,0,0,1,0,1,0,0,2,0,1,3,0,3,0
11607,1,8,126,2017,6,1,15,0,0,1,0,0,0,0,1,2,6,3,0,3,0
11608,5,2,507,2017,6,1,5,0,0,1,0,0,0,0,1,2,6,3,0,3,0
11609,5,9,517,2017,6,1,19,0,0,1,0,0,0,0,1,4,6,3,0,2,1
11610,4,13,432,2017,6,1,17,0,1,1,0,0,0,0,2,4,2,3,0,3,0
11611,4,5,409,2017,6,1,10,0,0,1,0,0,0,1,2,1,5,3,1,3,0
11612,4,6,415,2017,6,1,12,0,0,1,1,0,0,0,2,6,2,3,0,3,0
11613,2,14,227,2017,6,1,13,0,1,1,0,0,0,0,2,5,3,3,0,3,0
11614,2,5,217,2017,6,1,19,0,0,1,0,0,0,0,1,3,7,3,0,3,0
11615,2,3,208,2017,6,1,13,0,0,1,0,0,0,0,1,2,6,3,1,3,0
11616,2,8,220,2017,7,5,15,0,0,1,1,0,0,0,2,6,4,3,0,2,1
11617,2,8,220,2017,7,5,15,0,0,1,1,0,0,0,2,6,3,3,0,2,1
11618,4,3,406,2017,7,5,15,0,1,1,0,0,0,0,2,5,7,3,0,3,0
11619,3,9,321,2017,7,5,13,0,0,1,0,1,0,0,2,3,6,3,0,3,0
11620,3,1,310,2017,7,5,23,0,1,1,0,0,0,0,2,5,2,3,0,3,0
11621,1,1,101,2017,7,5,14,0,1,0,0,0,0,0,1,4,6,3,0,3,0
11622,7,1,702,2017,7,5,15,0,0,1,0,0,0,0,1,4,2,3,0,3,0
11623,1,16,136,2017,7,4,20,0,1,1,0,0,0,0,2,5,3,3,0,3,0
11624,6,1,601,2017,7,4,17,0,0,1,0,0,0,0,1,1,6,3,1,3,0
11625,1,12,130,2017,7,4,8,0,1,1,0,0,0,0,2,5,3,3,1,3,0
11626,1,4,109,2017,6,1,20,0,1,0,1,0,0,0,2,6,6,3,0,3,0
11627,5,6,514,2017,7,4,11,0,0,1,1,0,0,0,2,6,4,3,1,2,1
11628,1,4,111,2017,6,1,15,0,1,0,0,0,0,0,1,0,7,3,0,3,0
11629,5,7,515,2017,7,4,8,0,0,1,0,0,0,0,1,2,2,3,1,3,0
11630,1,4,112,2017,6,1,23,0,0,1,0,0,0,0,1,2,6,3,0,3,0
11631,5,8,516,2017,7,4,15,0,0,1,0,0,0,0,1,2,6,3,1,3,0
11632,4,8,421,2017,7,4,5,0,0,1,0,0,0,0,1,8,1,3,1,3,0
11633,1,8,123,2017,6,7,0,0,0,1,0,0,0,0,1,4,3,3,1,3,0
11634,5,6,514,2017,6,7,15,0,1,1,0,0,0,0,2,3,2,3,1,3,0
11635,4,10,428,2017,7,4,19,0,0,1,0,0,0,0,1,5,3,3,1,3,0
11636,5,2,509,2017,6,7,15,0,0,1,0,0,0,0,1,5,3,3,0,3,0
11637,5,16,524,2017,6,7,9,0,0,0,0,1,0,0,1,0,1,3,1,3,0
11638,3,9,321,2017,7,4,17,0,0,1,0,1,0,0,2,5,3,3,1,3,0
11639,5,11,519,2017,6,7,16,0,1,0,0,0,0,1,2,3,2,3,1,3,0
11640,4,5,408,2017,6,7,15,0,0,0,0,1,0,0,1,0,1,3,1,2,1
11641,2,8,220,2017,7,4,4,0,1,1,0,0,0,0,2,5,3,3,1,3,0
11642,4,5,408,2017,6,7,15,0,0,0,0,1,0,0,1,0,1,3,1,3,0
11643,2,4,211,2017,7,4,11,0,0,1,0,0,0,0,1,5,3,3,1,3,0
11644,3,2,311,2017,6,7,10,0,1,0,0,0,0,0,1,0,7,3,1,3,0
11645,1,4,112,2017,6,7,20,0,1,1,0,0,0,0,2,2,6,3,0,3,0
11646,1,3,108,2017,6,7,18,0,1,1,0,0,0,0,2,4,3,3,0,3,0
11647,1,1,102,2017,6,7,18,0,1,0,1,0,0,0,2,6,4,3,0,3,0
11648,1,1,101,2017,6,7,17,0,0,1,0,1,0,0,2,0,3,3,1,3,0
11649,5,16,524,2017,7,4,12,0,1,1,0,0,0,0,2,5,3,3,0,3,0
11650,5,5,513,2017,7,4,9,0,1,1,0,0,0,0,2,0,5,3,0,3,0
11651,7,10,711,2017,8,1,15,0,0,1,0,0,0,0,1,4,2,3,0,3,0
11652,7,17,718,2017,8,7,15,0,1,1,1,0,0,0,3,6,6,3,0,3,0
11653,6,1,601,2017,8,7,15,0,0,1,0,0,0,0,1,5,3,3,0,3,0
11654,4,10,427,2017,8,7,14,0,1,1,0,0,0,0,2,5,3,3,0,3,0
11655,3,8,320,2017,8,7,7,0,0,1,0,0,0,0,1,9,7,3,0,3,0
11656,3,2,312,2017,8,7,15,0,1,0,0,0,0,0,1,3,6,3,0,3,0
11657,1,5,113,2017,8,7,11,0,0,1,0,0,0,0,1,3,3,3,0,3,0
11658,7,16,717,2017,8,6,17,0,0,0,0,1,0,0,1,8,1,3,0,3,0
11659,7,8,709,2017,8,6,9,0,0,1,0,0,0,0,1,4,2,3,0,3,0
11660,6,2,603,2017,8,6,10,0,1,1,0,0,0,0,2,5,3,3,0,3,0
11661,5,5,513,2017,8,6,20,0,1,1,0,0,0,0,2,3,2,3,0,3,0
11662,4,9,425,2017,8,6,18,0,0,1,0,0,0,1,2,2,6,3,0,3,0
11663,4,13,432,2017,8,6,14,0,1,1,0,0,0,0,2,1,5,3,0,3,0
11664,4,13,432,2017,8,6,9,0,0,1,0,0,0,0,1,5,5,3,0,2,1
11665,4,6,415,2017,8,6,8,0,0,1,0,0,0,1,2,1,5,3,0,3,0
11666,2,6,218,2017,8,6,13,0,1,1,0,0,0,0,2,1,5,3,0,3,0
11667,3,6,318,2017,8,6,12,0,1,1,0,0,0,0,2,2,6,3,0,3,0
11668,3,7,319,2017,8,6,7,0,0,1,1,0,0,0,2,6,3,3,0,3,0
11669,3,5,317,2017,8,6,16,0,1,0,0,0,0,1,2,5,2,3,0,3,0
11670,2,1,206,2017,8,6,16,0,1,1,0,0,0,0,2,2,3,3,0,3,0
11671,1,3,108,2017,8,6,18,0,1,1,0,0,0,0,2,3,2,3,0,3,0
11672,1,4,109,2017,8,6,18,0,1,0,0,0,0,1,2,5,3,3,0,3,0
11673,1,1,101,2017,8,6,14,0,0,1,1,0,0,0,2,6,7,3,0,3,0
11674,1,4,109,2017,8,6,10,0,1,0,0,0,0,0,1,4,6,3,0,3,0
11675,1,5,114,2017,8,6,8,0,1,0,0,0,0,0,1,3,6,3,0,3,0
11676,7,1,702,2017,8,5,20,0,0,1,0,0,0,0,1,2,6,3,0,3,0
11677,6,2,603,2017,8,5,15,0,0,1,0,0,0,0,1,2,6,3,0,3,0
11678,1,11,128,2017,8,5,18,0,0,1,0,0,0,0,1,4,2,3,0,3,0
11679,1,11,128,2017,8,5,17,0,0,1,0,0,0,0,1,1,6,3,0,3,0
11680,5,18,526,2017,8,5,16,0,0,1,0,0,0,1,2,2,6,3,0,3,0
11681,5,7,515,2017,8,5,23,0,1,1,0,0,0,0,2,1,5,3,0,3,0
11682,4,10,429,2017,8,5,10,0,0,1,0,1,0,0,2,2,6,3,1,3,0
11683,4,4,407,2017,8,5,8,0,0,1,0,0,0,0,1,4,2,3,0,3,0
11684,4,13,432,2017,7,4,10,0,0,0,0,0,0,1,1,2,2,3,0,3,0
11685,3,8,320,2017,8,5,7,0,0,1,0,0,0,0,1,2,6,3,1,3,0
11686,3,4,316,2017,8,5,16,0,1,1,0,0,0,0,2,5,2,3,1,3,0
11687,3,1,307,2017,8,5,10,0,0,1,1,0,0,0,2,6,2,3,0,3,0
11688,2,2,207,2017,8,5,14,0,1,1,0,0,0,0,2,4,5,3,0,3,0
11689,7,10,711,2017,8,5,9,0,0,1,0,0,0,0,1,2,2,3,1,3,0
11690,1,17,138,2017,8,5,18,0,0,1,0,0,0,1,2,3,6,3,0,3,0
11691,1,16,137,2017,8,4,15,0,0,1,0,1,0,0,2,5,3,3,0,3,0
11692,1,11,129,2017,8,4,23,0,0,1,0,0,0,0,1,4,6,3,0,2,1
11693,1,11,128,2017,8,4,10,0,0,1,1,0,0,0,2,6,4,3,0,3,0
11694,1,8,126,2017,8,4,6,0,0,1,0,0,0,0,1,5,3,3,0,3,0
11695,1,14,132,2017,8,4,13,0,1,0,0,0,0,1,2,3,6,3,0,3,0
11696,5,5,513,2017,8,4,16,0,1,1,0,0,0,0,2,3,2,3,0,3,0
11697,5,6,514,2017,8,4,5,0,0,1,0,1,0,0,2,3,6,3,1,3,0
11698,4,10,429,2017,8,4,16,0,1,1,0,0,0,0,2,5,3,3,0,3,0
11699,5,7,515,2017,8,4,17,0,1,1,0,0,0,0,2,5,2,3,0,2,1
11700,4,5,409,2017,8,4,8,0,0,1,0,1,0,0,2,2,6,3,0,3,0
11701,4,5,410,2017,8,4,10,0,1,1,0,0,0,0,2,1,5,3,0,3,0
11702,4,7,416,2017,8,4,22,0,0,0,1,0,0,1,2,6,7,3,1,3,0
11703,4,10,428,2017,8,4,12,0,0,1,0,0,0,0,1,3,6,3,0,3,0
11704,3,8,320,2017,8,4,7,0,1,0,1,0,0,0,2,6,6,3,0,3,0
11705,3,7,319,2017,8,4,19,0,1,1,0,0,0,0,2,3,2,3,0,3,0
11706,3,7,319,2017,8,4,15,0,1,1,0,0,0,0,2,5,3,3,0,3,0
11707,4,4,407,2017,8,4,20,0,0,1,0,0,0,0,1,9,7,3,0,3,0
11708,4,2,403,2017,8,4,16,0,0,1,1,0,0,0,2,6,3,3,0,2,1
11709,2,1,203,2017,8,4,12,0,0,1,0,0,0,0,1,5,3,3,0,3,0
11710,3,2,311,2017,8,4,18,0,0,1,0,0,0,0,1,2,6,3,0,3,0
11711,1,3,106,2017,8,4,21,0,1,1,0,0,0,0,2,0,7,3,0,2,1
11712,3,1,310,2017,8,4,16,0,0,1,1,0,0,0,2,6,4,3,0,3,0
11713,1,18,139,2017,8,4,7,0,0,0,0,0,0,1,1,4,6,3,0,3,0
11714,7,14,715,2017,8,3,12,0,0,0,1,0,0,1,2,6,7,3,0,3,0
11715,1,12,130,2017,8,3,12,0,0,0,1,0,0,1,2,0,4,3,0,3,0
11716,5,6,514,2017,8,3,9,0,0,0,0,1,0,1,2,2,6,3,0,3,0
11717,4,10,427,2017,8,3,16,0,1,1,0,0,0,0,2,3,2,3,0,3,0
11718,4,8,421,2017,8,3,7,0,0,1,0,1,0,0,2,3,6,3,1,3,0
11719,5,11,519,2017,7,4,10,0,1,0,0,0,0,1,2,3,2,3,0,3,0
11720,3,5,317,2017,8,3,10,0,1,1,0,0,0,0,2,4,5,3,0,3,0
11721,4,1,401,2017,8,3,17,0,1,1,0,0,0,0,2,4,2,3,0,3,0
11722,2,3,210,2017,8,3,16,0,1,0,0,0,0,0,1,3,2,3,0,3,0
11723,2,1,203,2017,8,3,12,0,1,0,0,0,0,1,2,5,3,3,0,3,0
11724,2,4,214,2017,8,3,9,0,0,1,0,1,0,0,2,1,6,3,0,3,0
11725,1,4,112,2017,8,3,18,0,0,1,0,0,0,0,1,2,6,3,0,3,0
11726,1,1,101,2017,8,3,12,0,0,1,0,0,0,0,1,4,2,3,0,3,0
11727,5,5,513,2017,7,2,16,0,0,1,0,0,0,0,1,5,2,3,0,3,0
11728,4,10,429,2017,7,2,16,0,0,1,0,0,0,1,2,1,6,3,0,3,0
11729,4,10,429,2017,7,2,18,0,0,1,0,0,0,0,1,2,6,3,0,3,0
11730,4,13,432,2017,7,2,17,0,1,0,0,0,0,1,2,3,2,3,0,3,0
11731,4,12,431,2017,7,2,7,0,0,1,0,0,0,0,1,3,6,3,0,3,0
11732,4,5,409,2017,7,2,17,0,1,1,0,0,0,0,2,1,5,3,0,3,0
11733,2,9,221,2017,7,2,21,0,1,1,0,0,0,0,2,0,3,3,0,3,0
11734,2,11,224,2017,7,2,14,0,1,1,0,0,0,0,2,5,3,3,0,3,0
11735,3,1,307,2017,7,2,20,0,0,1,0,1,0,0,2,5,3,3,0,3,0
11736,1,3,108,2017,7,2,1,0,1,1,0,0,0,0,2,0,3,3,0,3,0
11737,7,14,715,2017,7,1,14,0,1,1,0,0,0,0,2,5,3,3,0,3,0
11738,7,4,705,2017,7,1,15,0,0,1,0,1,0,0,2,3,6,3,0,3,0