SN,District,Imperial_Circle,Community,Year,Month,Weekday,Hour,Road,Cycle,Car,Pedestrians,Motorcycle,Goods Vehicle,Others,Total,Collision Type,Accident Type,Light Condition,Road Condition,Accident_Severity,Tend_to_Death
11739,7,8,709,2017,7,1,15,0,1,1,0,0,0,0,2,3,6,3,0,3,0
11740,6,3,604,2017,7,1,14,0,1,1,0,0,0,0,2,1,5,3,0,3,0
11741,5,18,526,2017,7,1,1,0,0,1,0,0,0,0,1,9,1,3,1,2,1
11742,5,7,515,2017,7,1,16,0,0,1,0,1,0,0,2,4,6,3,0,2,1
11743,5,7,515,2017,7,1,11,0,1,1,0,0,0,0,2,1,6,3,0,3,0
11744,5,11,519,2017,7,1,14,0,1,1,0,0,0,0,2,3,6,3,0,3,0
11745,2,8,220,2017,7,1,18,0,1,0,0,0,0,0,1,0,7,3,0,3,0
11746,3,5,317,2017,7,1,7,0,1,0,0,0,0,1,2,7,7,3,0,3,0
11747,3,5,317,2017,7,1,18,0,0,1,0,0,0,0,1,2,6,3,1,3,0
11748,2,1,201,2017,7,1,2,0,0,1,0,0,0,0,1,4,2,3,1,3,0
11749,3,3,313,2017,7,1,18,0,1,1,0,0,0,0,2,5,3,3,0,2,1
11750,7,4,705,2017,7,7,7,0,0,1,0,1,0,0,2,1,5,3,1,3,0
11751,6,11,612,2017,7,7,17,0,0,1,0,0,0,0,1,3,6,3,0,3,0
11752,1,12,130,2017,7,7,13,0,0,1,0,0,0,0,1,2,2,3,0,3,0
11753,1,8,121,2017,7,7,15,0,0,1,0,0,0,0,1,2,6,3,0,3,0
11754,5,6,514,2017,7,7,21,0,0,1,1,0,0,0,2,6,7,3,1,3,0
11755,5,18,526,2017,7,7,17,0,0,1,0,0,0,0,1,3,2,3,0,3,0
11756,4,13,432,2017,7,7,14,0,0,1,0,0,0,1,2,5,3,3,1,3,0
11757,4,7,417,2017,7,7,16,0,0,0,0,1,0,0,1,1,6,3,0,3,0
11758,4,7,416,2017,7,7,18,0,0,1,0,0,0,0,1,1,6,3,0,3,0
11759,3,1,310,2017,7,7,13,0,1,1,0,0,0,0,2,1,5,3,1,3,0
11760,3,3,313,2017,7,7,12,0,0,1,0,0,0,0,1,5,3,3,1,3,0
11761,6,3,604,2017,7,6,15,0,0,1,1,0,0,0,2,6,4,3,0,2,1
11762,6,9,610,2017,7,6,15,0,0,1,0,1,0,0,2,4,6,3,0,3,0
11763,1,12,130,2017,7,6,12,0,0,1,0,0,0,1,2,1,3,3,1,3,0
11764,1,14,133,2017,7,6,17,0,0,1,0,0,0,1,2,3,2,3,1,3,0
11765,5,18,526,2017,7,6,10,0,1,0,0,0,0,1,2,4,2,3,0,3,0
11766,4,9,424,2017,7,6,13,0,1,1,0,0,0,0,2,5,3,3,1,3,0
11767,4,9,424,2017,7,6,8,0,0,1,0,0,0,1,2,2,6,3,0,3,0
11768,4,11,430,2017,7,6,10,0,1,1,0,0,0,0,2,5,3,3,0,3,0
11769,4,8,423,2017,7,6,14,0,0,0,0,1,0,0,1,0,7,3,1,3,0
11770,3,9,321,2017,7,6,6,0,1,1,0,0,0,0,2,5,3,3,0,3,0
11771,4,13,432,2017,7,4,14,0,0,1,0,1,0,0,2,5,3,3,0,2,1
11772,2,8,220,2017,7,6,20,0,0,1,0,0,0,0,1,1,6,3,1,3,0
11773,2,8,220,2017,7,6,11,0,0,1,0,1,0,0,2,3,6,3,0,3,0
11774,4,2,404,2017,7,6,19,0,0,1,1,0,0,0,2,6,2,3,1,3,0
11775,2,1,202,2017,7,6,17,0,1,1,0,0,0,0,2,1,6,3,0,3,0
11776,3,1,309,2017,7,6,16,0,0,1,0,1,0,0,2,5,2,3,1,3,0
11777,1,4,112,2017,7,6,7,0,1,1,0,0,0,0,2,5,3,3,0,3,0
11778,1,19,140,2017,7,5,14,0,0,1,0,0,0,1,2,2,6,3,0,3,0
11779,1,6,117,2017,7,5,12,0,0,1,0,0,0,0,1,5,3,3,0,3,0
11780,5,18,526,2017,7,5,11,0,0,1,0,0,0,1,2,2,6,3,0,3,0
11781,5,9,517,2017,7,5,13,0,1,1,0,0,0,0,2,3,2,3,0,3,0
11782,5,11,519,2017,7,5,8,0,0,1,0,1,0,0,2,2,6,3,0,3,0
11783,4,8,420,2017,7,5,16,0,0,1,0,0,0,0,1,5,3,3,0,3,0
11784,4,6,415,2017,7,5,20,0,1,1,0,0,0,0,2,5,3,3,0,3,0
11785,4,6,415,2017,7,4,21,0,1,1,0,0,0,0,2,5,3,3,0,3,0
11786,2,6,218,2017,7,5,15,0,0,0,0,1,0,1,2,3,6,3,0,3,0
11787,3,5,317,2017,7,5,14,0,0,0,1,1,0,0,2,6,4,3,0,2,1
11788,7,5,706,2017,7,4,21,0,0,1,0,0,0,0,1,5,3,3,0,3,0
11789,6,2,602,2017,7,4,9,0,0,1,1,0,0,0,2,6,7,3,0,3,0
11790,1,11,128,2017,7,4,8,0,0,1,0,0,0,0,1,2,6,3,1,3,0
11791,1,13,131,2017,7,4,7,0,0,0,0,0,0,1,1,2,6,3,1,3,0
11792,5,6,514,2017,7,4,13,0,1,1,0,0,0,0,2,4,2,3,1,3,0
11793,5,5,513,2017,7,4,12,0,0,1,0,0,0,0,1,4,2,3,0,3,0
11794,5,18,526,2017,7,4,16,0,1,1,0,0,0,0,2,3,6,3,0,3,0
11795,5,5,513,2017,7,4,18,0,0,1,0,0,0,0,1,2,6,3,0,3,0
11796,4,9,425,2017,7,4,17,0,0,1,0,0,0,0,1,2,6,3,0,3,0
11797,5,7,515,2017,7,4,8,0,1,1,0,0,0,0,2,4,2,3,1,3,0
11798,5,15,523,2017,7,4,17,0,0,1,1,0,0,0,2,6,4,3,0,2,1
11799,4,10,427,2017,7,4,16,0,1,1,0,0,0,0,2,5,3,3,0,3,0
11800,2,10,222,2017,7,4,15,0,1,0,0,1,0,0,2,5,3,3,0,2,1
11801,2,10,222,2017,7,4,15,0,0,1,0,0,0,0,1,2,6,3,0,3,0
11802,2,5,215,2017,7,4,14,0,0,1,0,0,0,0,1,5,2,3,0,3,0
11803,3,5,317,2017,7,4,16,0,0,0,1,0,0,1,2,6,4,3,0,2,1
11804,4,1,401,2017,7,4,7,0,1,0,1,0,0,0,2,6,2,3,1,3,0
11805,3,3,314,2017,7,4,8,0,1,1,0,0,0,0,2,1,5,3,1,3,0
11806,7,10,711,2017,7,4,9,0,0,1,0,0,0,1,2,2,6,3,0,3,0
11807,7,1,702,2017,7,3,13,0,1,1,0,0,0,0,2,5,3,3,1,2,1
11808,6,1,601,2017,7,3,12,0,0,0,0,0,0,1,1,0,3,3,0,3,0
11809,6,14,615,2017,7,3,15,0,0,0,0,0,0,1,1,0,7,3,0,3,0
11810,1,8,122,2017,7,3,15,0,1,1,0,0,0,0,2,5,3,3,1,3,0
11811,1,6,117,2017,7,3,18,0,0,1,0,0,0,1,2,4,7,3,1,2,1
11812,1,6,116,2017,7,3,6,0,0,1,0,0,0,1,2,3,6,3,0,3,0
11813,5,18,526,2017,7,3,16,0,0,1,0,0,0,0,1,4,2,3,0,3,0
11814,5,6,514,2017,7,3,14,0,0,1,0,0,0,0,1,2,6,3,1,3,0
11815,5,8,516,2017,7,3,13,0,0,1,0,0,0,0,1,2,6,3,1,3,0
11816,5,8,516,2017,7,3,14,0,1,1,0,0,0,0,2,5,3,3,1,3,0
11817,5,7,515,2017,7,3,9,0,0,1,0,0,0,0,1,2,6,3,1,3,0
11818,5,11,519,2017,7,3,14,0,1,1,0,0,0,0,2,5,3,3,1,3,0
11819,5,12,520,2017,7,3,15,0,0,1,0,1,0,0,2,5,2,3,1,3,0
11820,4,13,432,2017,7,3,13,0,0,1,0,0,0,0,1,5,3,3,1,3,0
11821,4,5,408,2017,7,3,15,0,0,1,0,0,0,0,1,2,6,3,1,3,0
11822,4,5,409,2017,7,3,12,0,0,1,0,0,0,0,1,4,2,3,1,3,0
11823,4,4,407,2017,7,3,8,0,0,1,0,0,0,1,2,3,6,3,1,3,0
11824,4,8,420,2017,7,3,15,0,0,1,0,1,0,0,2,2,6,3,1,3,0
11825,4,8,421,2017,7,3,15,0,1,1,0,0,0,0,2,4,5,3,1,3,0
11826,2,5,217,2017,7,3,9,0,0,1,0,0,0,0,1,2,6,3,1,3,0
11827,2,5,217,2017,7,3,19,0,0,1,0,0,0,1,2,2,6,3,1,3,0
11828,2,1,204,2017,7,3,16,0,0,1,0,0,0,0,1,1,5,3,1,3,0
11829,2,3,210,2017,7,3,7,0,1,1,0,0,0,0,2,3,2,3,1,3,0
11830,3,2,312,2017,7,3,13,0,0,1,1,0,0,0,2,6,7,3,1,3,0
11831,3,2,311,2017,7,3,9,0,0,1,0,0,0,1,2,5,3,3,1,3,0
11832,1,1,101,2017,7,3,10,0,0,1,1,0,0,0,2,0,7,3,1,3,0
11833,1,1,101,2017,7,3,17,0,0,1,1,0,0,0,2,6,4,3,1,3,0
11834,1,1,102,2017,7,3,6,0,0,1,0,0,0,0,1,4,2,3,1,3,0
11835,1,3,107,2017,7,3,8,0,1,1,0,0,0,0,2,5,3,3,1,3,0
11836,1,5,114,2017,7,3,16,0,0,1,0,0,0,0,1,5,3,3,1,3,0
11837,1,16,137,2017,7,3,13,0,0,1,0,0,0,1,2,3,3,3,1,3,0
11838,1,19,140,2017,7,3,14,0,0,1,0,0,0,0,1,3,2,3,1,3,0
11839,1,16,136,2017,7,2,18,0,0,1,1,0,0,0,2,6,6,3,0,2,1
11840,6,1,601,2017,7,2,16,0,1,1,0,0,0,0,2,5,3,3,0,3,0
11841,1,13,131,2017,7,2,12,0,0,1,0,0,0,1,2,4,2,3,0,2,1
11842,1,12,130,2017,7,2,10,0,0,1,0,0,0,1,2,1,6,3,0,3,0
11843,1,11,129,2017,7,2,9,0,0,1,0,0,0,1,2,5,3,3,0,3,0
11844,1,6,115,2017,7,2,20,0,0,1,0,0,0,0,1,2,6,3,1,3,0
11845,5,3,510,2017,7,2,17,0,0,1,1,0,0,0,2,6,2,3,1,3,0
11846,5,8,516,2017,7,2,11,0,0,1,0,0,0,0,1,1,5,3,0,3,0
11847,5,7,515,2017,7,2,13,0,0,1,0,0,0,0,1,2,6,3,0,3,0
11848,4,5,408,2017,7,2,9,0,0,1,0,0,0,0,1,2,6,3,0,3,0
11849,4,5,408,2017,7,2,17,0,0,1,0,0,0,0,1,2,6,3,1,3,0
11850,4,10,427,2017,7,2,12,0,0,1,0,0,0,1,2,5,3,3,0,3,0
11851,4,8,421,2017,7,2,20,0,0,1,0,0,0,0,1,9,1,3,1,2,1
11852,5,12,520,2017,7,4,10,0,1,1,0,0,0,0,2,3,3,3,0,3,0
11853,3,6,318,2017,7,2,9,0,0,0,0,1,0,0,1,0,1,3,0,3,0
11854,3,1,310,2017,7,2,18,0,1,1,0,0,0,0,2,5,7,3,1,3,0
11855,3,1,307,2017,7,2,18,0,0,1,0,1,0,0,2,0,3,3,1,3,0
11856,3,2,312,2017,7,2,18,0,0,1,0,0,0,1,2,2,6,3,1,3,0
11857,3,1,310,2017,7,2,19,0,1,0,1,0,0,0,2,6,4,3,1,3,0
11858,1,1,101,2017,7,2,14,0,1,0,1,0,0,0,2,6,6,3,0,2,1
11859,1,4,109,2017,7,2,11,0,0,1,1,0,0,0,2,6,4,3,0,2,1
11860,7,2,703,2017,7,1,17,0,0,1,0,0,0,0,1,1,6,3,0,3,0
11861,1,16,137,2017,7,1,16,0,0,1,0,1,0,0,2,1,6,3,0,3,0
11862,6,3,604,2017,7,1,17,0,0,1,0,0,0,0,1,1,6,3,0,3,0
11863,5,18,526,2017,7,1,18,0,0,1,1,0,0,0,2,6,7,3,0,3,0
11864,5,7,515,2017,7,1,19,0,1,1,0,0,0,0,2,5,3,3,0,3,0
11865,4,11,430,2017,7,1,1,0,1,1,0,0,0,0,2,4,6,3,0,3,0
11866,4,6,415,2017,7,1,22,0,0,1,0,0,0,0,1,5,3,3,0,3,0
11867,2,1,201,2017,7,1,10,0,0,1,0,0,0,1,2,2,6,3,1,3,0
11868,3,2,311,2017,7,1,12,0,0,1,0,0,0,0,1,5,7,3,0,3,0
11869,1,4,112,2017,7,1,15,0,1,1,0,0,0,0,2,5,2,3,0,3,0
11870,1,5,114,2017,7,1,7,0,0,1,0,0,0,0,1,8,1,3,1,2,1
11871,7,4,705,2017,7,7,12,0,0,1,0,0,0,0,1,4,6,3,1,3,0
11872,6,1,601,2017,7,7,12,0,0,1,1,0,0,0,2,2,6,3,1,3,0
11873,1,8,123,2017,7,7,20,0,0,1,0,0,0,1,2,3,6,3,0,3,0
11874,5,18,526,2017,7,7,10,0,1,1,0,0,0,0,2,5,3,3,1,3,0
11875,5,5,513,2017,7,7,13,0,0,1,0,0,0,0,1,2,6,3,1,3,0
11876,5,2,507,2017,7,7,11,0,0,1,0,0,0,0,1,5,3,3,1,3,0
11877,5,7,515,2017,7,7,16,0,0,1,0,0,0,0,1,1,7,3,1,3,0
11878,5,10,518,2017,7,7,18,0,0,1,0,0,0,0,1,5,3,3,0,3,0
11879,4,13,432,2017,7,7,18,0,0,1,0,0,0,0,1,2,6,3,0,3,0
11880,4,5,409,2017,7,7,19,0,0,1,0,1,0,0,2,5,3,3,0,2,1
11881,4,4,407,2017,7,7,20,0,0,1,0,0,0,0,1,1,6,3,0,3,0
11882,4,8,421,2017,7,7,22,0,0,1,0,0,0,0,1,4,2,3,0,3,0
11883,2,12,225,2017,7,7,4,0,0,1,1,0,0,0,2,6,4,3,0,3,0
11884,2,8,220,2017,7,7,15,0,1,1,0,0,0,0,2,5,3,3,1,3,0
11885,2,8,220,2017,7,7,14,0,0,1,1,0,0,0,2,6,6,3,1,3,0
11886,2,5,217,2017,7,7,12,0,0,1,0,0,0,0,1,1,6,3,1,3,0
11887,2,4,212,2017,7,7,15,0,1,1,0,0,0,0,2,0,3,3,1,3,0
11888,1,5,114,2017,7,7,19,0,1,0,1,0,0,0,2,6,6,3,0,3,0
11889,7,4,705,2017,7,6,12,0,0,1,0,0,0,0,1,2,6,3,0,3,0
11890,6,5,606,2017,7,6,16,0,1,1,0,0,0,0,2,1,5,3,0,3,0
11891,1,6,117,2017,7,6,12,0,1,0,1,0,0,0,2,6,3,3,0,3,0
11892,5,12,520,2017,7,6,17,0,0,1,1,0,0,0,2,6,4,3,0,3,0
11893,4,3,406,2017,7,6,0,0,0,1,0,0,0,0,1,5,3,3,0,3,0
11894,4,12,431,2017,7,6,7,0,1,0,0,0,0,0,1,5,3,3,0,3,0
11895,4,4,407,2017,7,6,23,0,0,1,0,0,0,0,1,2,6,3,0,3,0
11896,4,5,408,2017,7,6,15,0,0,1,0,0,0,0,1,2,6,3,0,3,0
11897,4,4,407,2017,7,6,14,0,1,0,1,0,0,0,2,6,7,3,0,3,0
11898,4,8,419,2017,7,6,15,0,1,1,0,0,0,0,2,0,5,3,0,3,0
11899,2,11,223,2017,7,6,10,0,0,1,0,1,0,0,2,2,3,3,0,3,0
11900,2,11,223,2017,7,6,8,0,0,1,0,0,0,0,1,4,2,3,0,3,0
11901,3,1,303,2017,7,6,14,0,1,1,0,0,0,0,2,1,5,3,0,3,0
11902,3,1,303,2017,7,6,0,0,1,0,0,0,0,0,1,0,1,3,1,3,0
11903,2,3,209,2017,7,6,13,0,1,1,0,0,0,0,2,2,2,3,0,3,0
11904,1,5,114,2017,7,6,15,0,1,1,0,0,0,0,2,5,3,3,0,3,0
11905,1,13,131,2017,7,5,1,0,0,1,0,0,0,1,2,1,6,3,1,3,0
11906,6,2,602,2017,7,5,15,0,0,1,0,0,0,0,1,5,3,3,0,3,0
11907,1,12,130,2017,7,5,16,0,1,1,0,0,0,0,2,5,3,3,1,3,0
11908,1,12,130,2017,7,5,9,0,0,1,0,0,0,0,1,1,2,3,1,3,0
11909,1,12,130,2017,7,5,16,0,1,0,0,0,0,0,1,0,7,3,0,3,0
11910,5,4,512,2017,7,5,16,0,0,1,0,0,0,1,2,5,3,3,0,3,0
11911,5,4,512,2017,7,5,16,0,0,1,0,0,0,1,2,2,6,3,0,3,0
11912,4,10,429,2017,7,5,18,0,0,1,0,0,0,0,1,2,6,3,0,3,0
11913,5,8,516,2017,7,5,14,0,0,1,0,0,0,0,1,4,2,3,0,2,1
11914,5,7,515,2017,7,5,13,0,1,1,0,0,0,0,2,0,3,3,0,3,0
11915,5,7,515,2017,7,5,18,0,1,1,0,0,0,0,2,4,3,3,0,3,0
11916,4,13,432,2017,7,5,22,0,1,1,0,0,0,0,2,5,3,3,1,3,0
11917,4,12,431,2017,7,5,7,0,0,0,0,1,0,0,1,0,1,3,0,3,0
11918,3,1,301,2017,7,5,12,0,0,1,0,1,0,0,2,1,5,3,1,3,0
11919,1,16,137,2017,7,4,6,0,0,0,1,1,0,0,2,6,4,3,0,3,0
11920,6,1,601,2017,7,4,16,0,0,1,0,0,0,0,1,5,3,3,0,3,0
11921,1,12,130,2017,7,4,9,0,1,0,1,0,0,0,2,0,7,3,0,3,0
11922,5,3,510,2017,7,4,18,0,0,0,0,1,0,0,1,0,7,3,0,3,0
11923,5,7,515,2017,8,6,14,0,1,1,0,0,0,0,2,4,2,3,0,3,0
11924,5,10,518,2017,8,6,16,0,1,1,0,0,0,0,2,5,3,3,0,3,0
11925,5,10,518,2017,8,6,17,0,0,1,0,0,0,0,1,5,3,3,0,3,0
11926,4,5,408,2017,8,6,13,0,1,0,0,0,0,0,1,4,6,3,0,2,1
11927,6,6,607,2017,8,4,19,0,1,0,0,0,0,0,1,0,7,3,0,2,1
11928,4,8,421,2017,8,6,10,0,0,0,0,1,0,1,2,0,6,3,0,3,0
11929,4,6,415,2017,8,6,18,0,1,0,0,0,0,0,1,4,6,3,0,3,0
11930,4,6,415,2017,8,6,9,0,1,1,0,0,0,0,2,3,2,3,0,3,0
11931,2,8,220,2017,8,6,16,0,1,1,0,0,0,0,2,5,2,3,0,3,0
11932,2,8,220,2017,8,6,15,0,0,1,1,0,0,0,2,6,7,3,0,3,0
11933,4,2,405,2017,8,6,13,0,1,1,0,0,0,0,2,5,2,3,0,3,0
11934,3,1,309,2017,8,6,19,0,1,1,0,0,0,0,2,5,3,3,0,3,0
11935,3,3,313,2017,8,6,18,0,0,1,0,0,0,1,2,3,6,3,0,3,0
11936,3,2,312,2017,8,6,20,0,1,0,1,0,0,0,2,6,6,3,0,3,0
11937,3,2,311,2017,8,6,14,0,0,1,1,0,0,0,2,6,4,3,0,2,1
11938,7,13,714,2017,8,5,17,0,0,1,1,0,0,0,2,6,4,3,0,3,0
11939,7,9,710,2017,8,5,18,0,0,1,0,1,0,0,2,5,3,3,0,3,0
11940,6,1,601,2017,8,5,14,0,0,1,0,0,0,1,2,5,3,3,0,3,0
11941,5,18,526,2017,8,5,10,0,0,1,0,0,0,1,2,0,6,3,1,3,0
11942,5,5,513,2017,8,5,19,0,0,1,0,0,0,0,1,5,3,3,0,3,0
11943,5,2,508,2017,8,5,14,0,0,1,0,0,0,0,1,4,2,3,0,3,0
11944,5,8,516,2017,8,5,14,0,0,1,0,0,0,0,1,1,6,3,0,3,0
11945,4,11,430,2017,8,5,17,0,0,1,0,0,0,0,1,4,2,3,0,3,0
11946,4,13,432,2017,8,5,17,0,1,1,0,0,0,0,2,5,3,3,0,3,0
11947,3,9,321,2017,8,5,17,0,1,1,0,0,0,0,2,5,2,3,0,3,0
11948,4,2,403,2017,8,5,16,0,1,0,0,0,0,0,1,5,3,3,0,3,0
11949,1,3,106,2017,8,5,12,0,0,1,0,0,0,0,1,5,7,3,0,3,0
11950,1,16,137,2017,8,4,15,0,0,1,0,1,0,0,2,5,3,3,0,3,0
11951,6,2,603,2017,8,4,16,0,1,1,0,0,0,0,2,5,3,3,0,3,0
11952,6,2,603,2017,8,4,18,0,0,1,1,0,0,0,2,6,2,3,0,3,0
11953,1,12,130,2017,8,4,8,0,1,1,0,0,0,0,2,4,2,3,0,2,1
11954,5,3,510,2017,8,4,9,0,0,1,0,0,0,0,1,5,3,3,0,3,0
11955,5,2,509,2017,8,4,14,0,0,1,0,0,0,0,1,5,3,3,0,3,0
11956,4,12,431,2017,8,4,15,0,0,1,0,0,0,0,1,5,3,3,0,3,0
11957,3,9,321,2017,8,4,8,0,1,0,0,0,0,0,1,4,6,3,0,3,0
11958,3,9,321,2017,8,4,8,0,0,1,0,0,0,0,1,2,6,3,0,3,0
11959,2,8,220,2017,8,4,22,0,0,1,0,0,0,0,1,5,3,3,0,3,0
11960,4,2,405,2017,8,4,13,0,0,1,0,1,0,0,2,3,6,3,0,3,0
11961,2,1,206,2017,8,4,13,0,0,1,1,0,0,0,2,6,4,3,0,3,0
11962,3,3,313,2017,8,4,14,0,0,1,0,1,0,0,2,5,3,3,0,3,0
11963,3,2,312,2017,8,4,17,0,0,1,0,0,0,1,2,3,6,3,0,2,1
11964,3,2,311,2017,8,4,21,0,1,0,0,0,0,0,1,4,6,3,0,3,0
11965,1,4,111,2017,8,4,22,0,0,1,0,0,0,1,2,0,2,3,0,3,0
11966,1,5,114,2017,8,4,19,0,0,0,0,0,0,1,1,0,7,3,0,3,0
11967,1,1,102,2017,8,4,9,0,1,0,0,1,0,0,2,3,6,3,0,3,0
11968,7,2,703,2017,8,3,7,0,0,1,0,1,0,0,2,3,2,3,0,3,0
11969,7,1,701,2017,8,3,19,0,1,1,0,0,0,0,2,5,3,3,0,2,1
11970,7,1,702,2017,8,3,16,0,0,1,0,0,0,0,1,1,6,3,0,2,1
11971,5,5,513,2017,8,3,5,0,0,1,1,0,0,0,2,6,2,3,1,2,1
11972,5,2,508,2017,8,3,10,0,1,1,0,0,0,0,2,3,2,3,0,3,0
11973,4,10,429,2017,8,3,21,0,0,0,0,1,0,0,1,0,7,3,0,3,0
11974,4,12,431,2017,8,3,18,0,1,0,1,0,0,0,2,6,4,3,0,3,0
11975,4,12,431,2017,8,3,13,0,1,0,0,0,0,1,2,0,6,3,0,2,1
11976,4,5,408,2017,8,3,8,0,1,1,0,0,0,0,2,5,3,3,1,2,1
11977,3,8,320,2017,8,3,22,0,1,1,0,0,0,0,2,5,3,3,0,3,0
11978,2,11,223,2017,8,3,10,0,0,1,0,0,0,1,2,1,5,3,0,3,0
11979,2,8,220,2017,8,3,17,0,0,0,0,0,0,1,1,0,6,3,0,3,0
11980,2,6,218,2017,8,3,9,0,1,1,0,0,0,0,2,5,3,3,0,3,0
11981,2,8,220,2017,8,3,13,0,0,1,0,0,0,1,2,1,7,3,0,2,1
11982,2,1,201,2017,8,3,14,0,1,0,0,0,0,0,1,4,6,3,0,3,0
11983,1,3,105,2017,8,3,12,0,1,0,1,0,0,0,2,6,4,3,0,3,0
11984,1,1,102,2017,8,3,9,0,1,0,0,0,0,1,2,0,3,3,0,3,0
11985,1,16,136,2017,8,2,13,0,1,1,0,0,0,0,2,5,3,3,1,3,0
11986,1,12,130,2017,8,2,17,0,0,1,1,0,0,0,2,6,4,3,0,2,1
11987,1,11,129,2017,8,2,11,0,0,1,0,1,0,0,2,0,2,3,1,3,0
11988,1,6,117,2017,8,2,11,0,0,1,0,0,0,0,1,5,3,3,1,3,0
11989,5,6,514,2017,8,2,14,0,0,1,0,0,0,0,1,2,6,3,0,3,0
11990,5,18,526,2017,8,2,14,0,0,1,0,0,0,1,2,2,6,3,0,3,0
11991,5,18,526,2017,8,2,7,0,0,1,0,0,0,1,2,5,3,3,1,3,0
11992,5,18,526,2017,8,2,10,0,1,0,0,0,0,1,2,5,3,3,1,3,0
11993,5,10,518,2017,8,2,9,0,0,1,1,0,0,0,2,0,7,3,1,3,0
11994,5,9,517,2017,8,2,11,0,0,1,0,0,0,1,2,3,6,3,0,3,0
11995,4,11,430,2017,8,2,18,0,0,1,0,0,0,1,2,2,6,3,0,3,0
11996,4,12,431,2017,8,2,7,0,0,1,0,0,0,0,1,4,7,3,1,3,0
11997,4,5,409,2017,8,2,17,0,1,1,0,0,0,0,2,4,2,3,0,3,0
11998,4,4,407,2017,8,2,8,0,0,0,0,1,0,0,1,0,1,3,1,3,0
11999,4,8,420,2017,8,2,6,0,0,1,0,1,0,0,2,1,5,3,1,3,0
12000,4,8,422,2017,8,2,8,0,0,1,0,0,0,0,1,2,6,3,1,3,0
12001,4,7,416,2017,8,2,14,0,0,1,0,1,0,0,2,3,6,3,0,3,0
12002,3,5,317,2017,8,2,11,0,0,1,0,0,0,1,2,5,3,3,1,3,0
12003,2,3,209,2017,8,2,8,0,1,0,0,0,0,0,1,4,2,3,0,3,0
12004,2,4,213,2017,8,2,13,0,1,1,0,0,0,0,2,5,3,3,0,3,0
12005,1,3,107,2017,8,2,6,0,1,1,0,0,0,0,2,4,2,3,1,2,1
12006,1,3,108,2017,8,2,1,0,0,1,0,0,0,0,1,3,6,3,1,1,1
12007,7,9,710,2017,8,1,15,0,1,0,0,0,0,0,1,0,7,3,1,3,0
12008,7,4,705,2017,8,1,13,0,1,1,0,0,0,0,2,1,5,3,1,3,0
12009,7,2,703,2017,8,1,10,0,0,1,0,0,0,0,1,4,2,3,0,3,0
12010,1,16,137,2017,8,1,2,0,1,0,0,0,0,1,2,2,6,3,0,3,0
12011,5,4,512,2017,8,1,17,0,0,1,0,1,0,0,2,4,2,3,1,3,0
12012,5,12,520,2017,8,1,13,0,0,1,1,0,0,0,2,6,4,3,1,3,0
12013,4,6,414,2017,8,1,19,0,0,1,0,0,0,0,1,2,6,3,1,3,0
12014,2,14,227,2017,8,1,16,0,1,0,0,0,0,0,1,0,7,3,1,3,0
12015,2,14,227,2017,8,1,21,0,0,1,0,0,0,0,1,9,1,3,0,3,0
12016,2,1,205,2017,8,1,13,0,1,0,1,0,0,0,2,6,4,3,1,3,0
12017,1,1,101,2017,8,1,20,0,0,1,0,0,0,0,1,5,3,3,0,3,0
12018,7,13,714,2017,8,7,18,0,0,1,0,0,0,0,1,2,6,3,1,3,0
12019,7,4,705,2017,8,7,17,0,0,1,0,1,0,0,2,0,6,3,1,3,0
12020,7,8,709,2017,8,7,15,0,0,1,0,0,0,0,1,5,3,3,0,3,0
12021,5,5,513,2017,8,7,16,0,0,1,0,0,0,0,1,5,2,3,0,3,0
12022,5,4,512,2017,8,7,18,0,0,1,0,0,0,0,1,3,6,3,0,3,0
12023,4,9,425,2017,8,7,11,0,0,1,0,0,0,0,1,2,6,3,0,3,0
12024,5,7,515,2017,8,7,13,0,0,1,0,0,0,1,2,5,3,3,1,3,0
12025,4,8,422,2017,8,7,12,0,0,1,0,0,0,0,1,2,6,3,1,3,0
12026,2,5,217,2017,8,7,18,0,1,1,0,0,0,0,2,5,3,3,0,3,0
12027,2,3,210,2017,8,7,13,0,1,1,0,0,0,0,2,5,3,3,0,3,0
12028,1,5,114,2017,8,7,21,0,1,1,0,0,0,0,2,5,2,3,1,3,0
12029,1,5,113,2017,8,7,20,0,0,1,0,0,0,0,1,5,5,3,0,3,0
12030,7,14,715,2017,8,6,0,0,0,1,0,0,0,0,1,1,5,3,0,3,0
12031,6,1,601,2017,8,6,6,0,0,1,0,0,0,0,1,5,3,3,0,3,0
12032,5,18,526,2017,8,6,14,0,1,1,0,0,0,0,2,5,3,3,1,3,0
12033,5,18,526,2017,8,6,16,0,0,0,0,1,0,0,1,0,1,3,1,3,0
12034,4,4,407,2017,8,6,10,0,0,1,1,0,0,0,2,6,7,3,0,3,0
12035,4,5,408,2017,8,6,6,0,0,0,0,1,0,0,1,0,1,3,1,3,0