SN,District,Imperial_Circle,Community,Year,Month,Weekday,Hour,Road,Cycle,Car,Pedestrians,Motorcycle,Goods Vehicle,Others,Total,Collision Type,Accident Type,Light Condition,Road Condition,Accident_Severity,Tend_to_Death
12036,2,8,220,2017,8,6,19,0,0,1,0,0,0,0,1,4,7,3,1,3,0
12037,3,6,318,2017,8,6,5,0,0,1,0,0,0,1,2,5,3,3,1,3,0
12038,3,4,315,2017,8,6,15,0,0,1,0,1,0,0,2,3,2,3,1,3,0
12039,2,4,212,2017,8,6,11,0,0,1,0,0,0,0,1,2,6,3,0,3,0
12040,3,2,312,2017,8,6,11,0,0,1,0,0,0,0,1,2,6,3,0,3,0
12041,3,2,311,2017,8,6,15,0,0,1,0,0,0,0,1,1,2,3,1,3,0
12042,7,1,702,2017,8,6,13,0,0,1,0,0,0,1,2,2,6,3,1,3,0
12043,7,4,705,2017,8,5,10,0,1,0,0,0,0,1,2,3,6,3,0,3,0
12044,1,13,131,2017,8,5,17,0,0,0,0,0,0,1,1,2,7,3,1,3,0
12045,6,2,602,2017,8,5,19,0,0,1,0,0,0,0,1,4,2,3,1,3,0
12046,1,11,128,2017,8,5,16,0,0,1,0,1,0,0,2,5,3,3,0,2,1
12047,1,8,123,2017,8,5,19,0,1,1,0,0,0,0,2,3,3,3,1,3,0
12048,5,5,513,2017,8,5,17,0,0,1,0,0,0,0,1,5,5,3,1,3,0
12049,5,7,515,2017,8,5,16,0,0,1,0,0,0,0,1,3,6,3,0,3,0
12050,4,4,407,2017,8,5,16,0,0,1,0,0,0,0,1,0,3,3,0,3,0
12051,4,5,409,2017,8,5,13,0,0,1,0,1,0,0,2,3,6,3,0,3,0
12052,4,8,421,2017,8,5,13,0,0,1,0,0,0,1,2,2,6,3,0,3,0
12053,2,5,215,2017,8,5,18,0,0,1,0,1,0,0,2,3,7,3,1,3,0
12054,3,5,317,2017,8,5,14,0,1,1,0,0,0,1,3,5,3,3,0,1,1
12055,3,1,306,2017,8,5,11,0,0,1,0,1,0,1,3,5,3,3,0,3,0
12056,3,2,312,2017,8,5,9,0,1,1,0,0,0,0,2,3,6,3,0,3,0
12057,1,2,103,2017,8,5,21,0,0,1,0,0,0,0,1,3,7,3,1,3,0
12058,7,13,714,2017,8,4,18,0,0,1,0,0,0,0,1,2,6,3,0,3,0
12059,1,20,141,2017,8,4,16,0,0,1,1,0,0,0,2,6,4,3,0,3,0
12060,6,2,602,2017,8,4,12,0,1,1,0,0,0,0,2,5,3,3,0,3,0
12061,1,13,131,2017,8,4,16,0,0,1,0,1,0,0,2,5,3,3,0,2,1
12062,5,18,526,2017,8,4,21,0,1,1,0,0,0,0,2,1,5,3,0,2,1
12063,5,2,507,2017,8,4,12,0,1,1,0,0,0,0,2,5,3,3,0,3,0
12064,5,14,522,2017,8,4,18,0,0,1,1,0,0,0,2,6,4,3,0,2,1
12065,4,7,417,2017,8,4,15,0,1,1,0,0,0,0,2,5,3,3,0,3,0
12066,5,1,501,2017,8,4,19,0,1,0,1,0,0,0,2,6,4,3,0,3,0
12067,2,5,216,2017,8,4,10,0,1,0,1,0,0,0,2,6,4,3,0,3,0
12068,3,6,318,2017,8,4,9,0,0,1,0,1,0,0,2,3,6,3,0,3,0
12069,3,7,319,2017,8,4,11,0,0,1,0,0,0,0,1,1,5,3,0,3,0
12070,3,5,317,2017,8,4,21,0,0,1,1,1,0,0,3,6,4,3,0,1,1
12071,2,1,201,2017,8,4,9,0,1,1,0,0,0,0,2,4,2,3,0,3,0
12072,2,2,207,2017,8,4,18,0,1,1,0,0,0,0,2,2,6,3,0,3,0
12073,1,4,112,2017,8,4,17,0,1,0,1,0,0,0,2,6,4,3,0,2,1
12074,7,1,702,2017,8,3,16,0,0,1,1,0,0,0,2,6,4,3,0,3,0
12075,1,12,130,2017,8,3,19,0,0,1,0,0,0,0,1,0,1,3,1,3,0
12076,5,4,512,2017,8,3,17,0,0,0,0,1,0,1,2,3,6,3,0,2,1
12077,1,12,130,2017,8,3,12,0,1,1,0,0,0,0,2,0,3,3,0,3,0
12078,5,3,510,2017,8,3,10,0,0,1,0,0,0,0,1,5,3,3,0,3,0
12079,5,12,520,2017,8,3,4,0,0,1,0,0,0,0,1,3,7,3,0,3,0
12080,4,12,431,2017,8,3,13,0,1,1,0,0,0,0,2,5,3,3,0,3,0
12081,4,5,409,2017,8,3,18,0,1,1,0,0,0,0,2,5,3,3,0,3,0
12082,4,10,427,2017,8,3,19,0,1,1,0,0,0,0,2,1,5,3,1,3,0
12083,4,7,416,2017,8,3,13,0,0,1,0,1,0,0,2,5,3,3,0,2,1
12084,3,8,320,2017,8,3,11,0,1,1,0,0,0,0,2,5,3,3,0,3,0
12085,3,8,320,2017,8,3,18,0,1,1,0,0,0,0,2,1,5,3,0,3,0
12086,2,9,221,2017,8,3,7,0,0,1,0,0,0,0,1,1,7,3,0,3,0
12087,3,7,319,2017,8,3,14,0,0,1,1,0,0,0,2,6,4,3,0,3,0
12088,2,4,214,2017,8,3,17,0,1,1,0,0,0,0,2,3,2,3,0,3,0
12089,2,3,210,2017,8,3,14,0,1,1,0,0,0,0,2,5,7,3,0,3,0
12090,3,2,312,2017,8,3,23,0,0,1,0,0,0,1,2,3,7,3,1,3,0
12091,1,5,114,2017,8,3,13,0,0,1,0,0,0,0,1,2,2,3,0,3,0
12092,1,3,106,2017,8,3,17,0,0,1,0,0,0,0,1,1,6,3,0,3,0
12093,1,5,113,2017,8,3,12,0,0,1,1,0,0,0,2,6,4,3,0,3,0
12094,1,20,141,2017,8,2,16,0,1,1,0,0,0,0,2,5,3,3,0,3,0
12095,5,18,526,2017,8,2,15,0,0,1,0,0,0,1,2,3,2,3,0,3,0
12096,5,3,511,2017,8,2,18,0,0,1,0,0,0,0,1,2,6,3,0,3,0
12097,5,7,515,2017,8,2,12,0,1,0,0,0,0,0,1,5,3,3,0,3,0
12098,5,9,517,2017,8,2,16,0,0,1,0,0,0,0,1,2,6,3,0,3,0
12099,5,10,518,2017,8,2,17,0,0,1,0,0,0,0,1,2,6,3,0,3,0
12100,4,13,432,2017,8,2,21,0,0,1,0,0,0,0,1,3,7,3,0,3,0
12101,4,13,432,2017,8,2,13,0,0,1,0,1,0,0,2,3,6,3,0,3,0
12102,4,6,415,2017,8,2,7,0,0,1,0,0,0,0,1,1,6,3,0,2,1
12103,3,8,320,2017,8,2,8,0,0,1,0,0,0,0,1,5,3,3,0,3,0
12104,2,9,221,2017,8,2,16,0,0,1,1,0,0,0,2,6,4,3,0,2,1
12105,2,7,219,2017,8,2,7,0,1,1,0,0,0,0,2,5,3,3,0,3,0
12106,1,3,108,2017,8,2,16,0,1,1,0,0,0,0,2,5,2,3,0,3,0
12107,1,5,114,2017,8,2,12,0,0,1,0,0,0,1,2,3,6,3,0,3,0
12108,7,17,718,2017,8,1,12,0,0,1,0,1,0,0,2,3,5,3,0,3,0
12109,7,12,713,2017,8,1,15,0,0,0,0,1,0,0,1,8,1,3,0,3,0
12110,7,8,709,2017,8,1,0,0,0,1,0,0,0,0,1,1,5,3,1,3,0
12111,5,18,526,2017,8,1,1,0,0,0,0,1,0,0,1,0,7,3,1,3,0
12112,5,6,514,2017,8,1,20,0,0,1,0,1,0,0,2,5,3,3,0,3,0
12113,5,7,515,2017,8,1,11,0,0,1,0,1,0,0,2,3,7,3,0,3,0
12114,4,5,413,2017,8,1,3,0,0,1,0,0,0,0,1,4,6,3,1,3,0
12115,4,5,408,2017,8,1,13,0,0,1,0,0,0,0,1,1,6,3,0,2,1
12116,3,6,318,2017,8,1,11,0,1,0,1,0,0,0,2,6,7,3,0,3,0
12117,1,6,115,2017,8,1,19,0,0,1,1,0,0,0,2,6,7,3,0,3,0
12118,7,9,710,2017,8,7,18,0,0,1,0,1,0,0,2,4,2,3,1,3,0
12119,7,1,702,2017,8,7,13,0,0,1,0,0,0,0,1,5,3,3,1,3,0
12120,1,12,130,2017,8,7,10,0,1,0,1,0,0,0,2,6,6,3,0,2,1
12121,5,8,516,2017,8,7,11,0,1,1,0,0,0,0,2,5,3,3,1,3,0
12122,4,11,430,2017,8,7,13,0,0,1,0,0,0,0,1,2,6,3,1,3,0
12123,4,13,432,2017,8,7,18,0,0,1,0,0,0,0,1,3,6,3,1,3,0
12124,4,13,432,2017,8,7,14,0,0,1,1,0,0,0,2,6,4,3,1,3,0
12125,1,5,114,2017,8,7,13,0,0,1,1,0,0,0,2,6,7,3,1,3,0
12126,7,9,710,2017,8,6,14,0,1,1,0,0,0,0,2,5,3,3,0,3,0
12127,7,4,705,2017,8,6,14,0,1,1,0,0,0,0,2,5,3,3,1,2,1
12128,7,7,708,2017,8,6,15,0,0,1,0,0,0,0,1,2,6,3,1,3,0
12129,1,16,137,2017,8,6,16,0,1,0,0,0,0,0,1,0,1,3,1,3,0
12130,1,16,137,2017,8,6,16,0,0,1,0,0,0,0,1,4,2,3,1,3,0
12131,6,1,601,2017,8,6,15,0,1,0,1,0,0,0,2,6,4,3,1,3,0
12132,6,2,602,2017,8,6,11,0,1,1,0,0,0,0,2,3,6,3,1,2,1
12133,6,2,603,2017,8,6,7,0,0,1,0,0,0,0,1,3,7,3,1,3,0
12134,1,12,130,2017,8,6,15,0,0,1,0,0,0,0,1,2,2,3,1,3,0
12135,1,12,130,2017,8,6,18,0,0,1,0,0,0,0,1,2,6,3,0,3,0
12136,1,14,133,2017,8,6,18,0,0,1,0,0,0,0,1,2,6,3,0,3,0
12137,1,8,123,2017,8,6,13,0,0,1,0,0,0,0,1,2,6,3,1,3,0
12138,5,5,513,2017,8,6,15,0,1,1,0,0,0,0,2,5,2,3,1,3,0
12139,5,5,513,2017,8,6,16,0,1,1,0,0,0,0,2,5,3,3,1,3,0
12140,5,4,512,2017,8,6,12,0,0,1,0,0,0,1,2,2,6,3,1,2,1
12141,5,7,515,2017,8,6,9,0,0,1,0,0,0,0,1,4,7,3,0,3,0
12142,5,7,515,2017,8,6,11,0,0,1,1,0,0,0,2,6,7,3,1,3,0
12143,4,11,430,2017,8,6,10,0,1,0,0,0,0,1,2,0,2,3,1,3,0
12144,5,16,524,2017,8,6,13,0,0,1,0,0,0,0,1,2,6,3,1,3,0
12145,5,17,525,2017,8,6,13,0,0,1,0,0,0,0,1,5,3,3,1,3,0
12146,4,6,415,2017,8,6,17,0,1,1,0,0,0,0,2,5,3,3,1,3,0
12147,4,8,423,2017,8,6,16,0,0,1,0,0,0,0,1,3,7,3,1,3,0
12148,4,10,426,2017,8,6,15,0,0,1,0,0,0,0,1,2,6,3,1,3,0
12149,4,8,422,2017,8,6,17,0,1,1,0,0,0,0,2,5,3,3,1,3,0
12150,4,10,426,2017,8,6,15,0,0,1,0,0,0,0,1,2,6,3,1,3,0
12151,3,8,320,2017,8,6,6,0,1,1,0,0,0,0,2,5,3,3,0,3,0
12152,2,10,222,2017,8,6,17,0,0,1,0,0,0,0,1,1,6,3,1,3,0
12153,3,2,311,2017,8,6,23,0,0,1,0,0,0,0,1,4,2,3,0,3,0
12154,7,6,707,2017,8,5,13,0,1,1,0,0,0,0,2,5,3,3,0,3,0
12155,1,16,137,2017,8,5,19,0,0,1,1,0,0,0,2,6,4,3,0,3,0
12156,1,11,129,2017,8,5,18,0,0,1,0,1,0,0,2,3,6,3,0,3,0
12157,1,8,122,2017,8,5,15,0,1,1,0,0,0,0,2,1,5,3,0,3,0
12158,5,12,520,2017,8,5,6,0,0,0,0,1,0,1,2,3,6,3,0,3,0
12159,4,13,432,2017,8,5,17,0,0,1,0,0,0,0,1,2,6,3,0,3,0
12160,4,5,410,2017,8,5,16,0,1,0,1,0,0,0,2,6,4,3,0,3,0
12161,4,8,422,2017,8,5,17,0,1,0,0,0,0,0,1,3,6,3,0,3,0
12162,4,10,426,2017,8,5,18,0,0,1,0,0,0,0,1,5,3,3,0,3,0
12163,2,3,209,2017,8,5,11,0,1,1,0,0,0,0,2,1,5,3,0,3,0
12164,2,7,219,2017,8,5,18,0,1,1,0,0,0,0,2,5,3,3,0,3,0
12165,3,5,317,2017,8,5,18,0,1,0,0,0,0,0,1,0,6,3,0,3,0
12166,2,3,209,2017,8,5,17,0,0,1,0,1,0,0,2,3,6,3,0,3,0
12167,1,4,112,2017,8,5,17,0,1,0,0,0,0,1,2,3,6,3,0,3,0
12168,7,14,715,2017,8,4,9,0,0,0,1,0,0,1,2,6,7,3,0,3,0
12169,1,12,130,2017,8,4,20,0,0,1,0,1,0,0,2,3,2,3,0,2,1
12170,1,11,129,2017,8,4,20,0,0,1,0,0,0,0,1,2,6,3,0,3,0
12171,5,5,513,2017,8,4,17,0,0,1,0,0,0,0,1,2,2,3,0,3,0
12172,4,11,430,2017,8,4,17,0,1,1,0,0,0,0,2,1,5,3,0,3,0
12173,4,5,411,2017,8,4,21,0,1,1,0,0,0,0,2,1,5,3,0,2,1
12174,4,8,421,2017,8,4,18,0,0,1,0,0,0,1,2,3,6,3,0,3,0
12175,4,1,402,2017,8,4,19,0,1,1,0,0,0,0,2,1,5,3,0,3,0
12176,4,1,401,2017,8,4,18,0,1,1,0,0,0,0,2,1,5,3,0,3,0
12177,3,3,314,2017,8,4,12,0,1,1,0,0,0,0,2,3,5,3,0,3,0
12178,3,3,314,2017,8,4,8,0,1,0,0,0,0,0,1,4,6,3,0,3,0
12179,2,2,207,2017,8,4,16,0,0,1,0,1,0,0,2,5,2,3,0,3,0
12180,1,1,101,2017,8,4,11,0,0,0,0,0,0,1,1,3,2,3,0,3,0
12181,1,4,112,2017,8,4,18,0,1,1,0,0,0,0,2,5,3,3,0,3,0
12182,1,3,107,2017,8,4,8,0,1,0,1,0,0,0,2,6,4,3,0,3,0
12183,1,5,113,2017,8,4,9,0,1,0,0,0,0,0,1,3,6,3,0,3,0
12184,7,15,716,2017,8,3,7,0,0,1,0,1,0,0,2,1,6,3,0,3,0
12185,7,9,710,2017,8,3,16,0,1,1,0,0,0,0,2,1,5,3,0,3,0
12186,1,11,129,2017,8,3,12,0,1,1,0,0,0,0,2,3,2,3,0,3,0
12187,1,6,115,2017,8,3,7,0,0,1,0,0,0,1,2,3,6,3,0,3,0
12188,5,4,512,2017,8,3,20,0,0,1,0,0,0,0,1,4,6,3,1,2,1
12189,5,4,512,2017,8,3,7,0,1,1,0,0,0,0,2,5,3,3,0,3,0
12190,5,2,508,2017,8,3,13,0,0,1,0,0,0,0,1,2,6,3,0,3,0
12191,5,7,515,2017,8,3,17,0,1,0,0,0,0,0,1,4,6,3,0,3,0
12192,5,8,516,2017,8,3,10,0,0,1,0,0,0,0,1,3,5,3,0,3,0
12193,5,17,525,2017,8,3,9,0,1,1,0,0,0,0,2,3,6,3,0,2,1
12194,4,13,432,2017,8,3,14,0,0,1,0,0,0,0,1,2,6,3,0,3,0
12195,4,5,413,2017,8,3,14,0,1,0,0,0,0,1,2,0,7,3,0,3,0
12196,4,6,415,2017,8,3,17,0,0,1,0,1,0,0,2,3,2,3,0,3,0
12197,3,9,321,2017,8,3,0,0,0,1,0,1,0,0,2,4,2,3,0,2,1
12198,3,7,319,2017,8,3,15,0,1,1,0,0,0,0,2,5,3,3,0,3,0
12199,4,3,406,2017,8,3,17,0,0,1,0,0,0,1,2,0,2,3,0,3,0
12200,2,1,203,2017,8,3,10,0,1,1,0,0,0,0,2,4,2,3,0,3,0
12201,1,4,111,2017,8,3,8,0,1,1,0,0,0,0,2,3,6,3,0,3,0
12202,1,5,113,2017,8,3,20,0,0,1,1,0,0,0,2,6,4,3,1,3,0
12203,1,20,141,2017,8,2,19,0,0,1,1,0,0,0,2,6,4,3,0,2,1
12204,7,4,705,2017,8,2,11,0,0,1,1,0,0,0,2,6,7,3,0,3,0
12205,1,11,129,2017,8,2,10,0,0,1,0,0,0,1,2,0,2,3,0,3,0
12206,1,12,130,2017,8,2,19,0,0,1,0,0,0,0,1,2,6,3,0,3,0
12207,1,14,132,2017,8,2,13,0,0,1,0,1,0,0,2,4,5,3,0,3,0
12208,5,18,526,2017,8,2,13,0,0,1,0,0,0,0,1,5,3,3,0,3,0
12209,5,1,504,2017,8,2,18,0,1,1,0,0,0,0,2,5,2,3,0,3,0
12210,2,8,220,2017,8,2,19,0,0,1,0,0,0,0,1,5,3,3,0,3,0
12211,3,5,317,2017,8,2,22,0,1,0,0,0,0,0,1,2,6,3,0,3,0
12212,2,1,204,2017,8,2,16,0,0,1,1,0,0,0,2,6,7,3,0,3,0
12213,6,7,608,2017,8,1,20,0,0,1,0,0,0,0,1,8,1,3,0,3,0
12214,6,4,605,2017,8,1,17,0,0,0,0,1,0,0,1,2,2,3,0,3,0
12215,1,8,125,2017,8,1,20,0,0,1,0,0,0,0,1,5,3,3,0,3,0
12216,5,10,518,2017,8,1,15,0,0,1,0,1,0,0,2,3,6,3,0,3,0
12217,4,10,427,2017,8,1,21,0,1,0,0,0,0,0,1,0,7,3,0,3,0
12218,5,1,504,2017,8,1,14,0,1,1,0,0,0,0,2,1,5,3,0,3,0
12219,3,8,320,2017,8,1,18,0,0,1,1,0,0,0,2,6,4,3,0,2,1
12220,4,2,403,2017,8,1,18,0,0,1,0,1,0,0,2,4,7,3,0,3,0
12221,3,2,311,2017,8,1,13,0,0,1,0,0,0,1,2,0,7,3,0,3,0
12222,3,2,312,2017,8,1,14,0,1,1,0,0,0,0,2,5,3,3,0,3,0
12223,1,3,108,2017,8,1,1,0,0,1,1,0,0,0,2,6,4,3,0,2,1
12224,1,5,114,2017,8,1,13,0,0,1,1,0,0,0,2,6,2,3,0,2,1
12225,6,2,603,2017,9,3,17,0,0,1,0,0,0,0,1,2,6,3,1,3,0
12226,6,1,601,2017,9,3,15,0,0,1,0,0,0,0,1,5,3,3,0,3,0
12227,6,1,601,2017,9,3,11,0,1,0,0,0,0,1,2,4,6,3,0,3,0
12228,1,11,129,2017,9,3,15,0,0,1,1,0,0,0,2,6,4,3,0,3,0
12229,5,6,514,2017,9,3,18,0,1,1,0,0,0,0,2,5,3,3,0,3,0
12230,5,3,510,2017,9,3,18,0,0,1,0,0,0,0,1,2,6,3,0,3,0
12231,5,7,515,2017,9,3,18,0,1,1,0,0,0,0,2,3,2,3,0,3,0
12232,5,7,515,2017,9,3,18,0,1,1,0,0,0,0,2,5,3,3,0,3,0
12233,5,7,515,2017,9,3,7,0,1,1,0,0,0,0,2,5,7,3,0,3,0
12234,4,10,427,2017,9,3,10,0,0,1,0,0,0,0,1,1,6,3,0,3,0
12235,5,1,504,2017,9,3,7,0,1,0,0,0,0,0,1,3,6,3,0,3,0
12236,5,1,501,2017,9,3,7,0,1,1,0,0,0,0,2,5,3,3,0,3,0
12237,4,10,427,2017,9,3,11,0,0,1,1,0,0,0,2,6,4,3,0,3,0
12238,4,8,422,2017,9,3,8,0,0,1,0,0,0,0,1,2,6,3,1,3,0
12239,3,9,321,2017,9,3,14,0,0,1,0,0,0,0,1,1,6,3,1,3,0
12240,2,8,220,2017,9,3,20,0,0,1,0,0,0,0,1,2,6,3,0,3,0
12241,7,3,704,2017,9,3,18,0,0,1,0,1,0,0,2,5,3,3,0,2,1
12242,7,1,702,2017,9,3,13,0,0,1,1,0,0,0,2,6,4,3,0,2,1
12243,4,5,413,2017,9,4,13,0,1,1,0,0,0,0,2,5,3,3,1,3,0
12244,3,4,315,2017,9,3,12,0,1,0,0,0,0,0,1,3,2,3,1,3,0
12245,3,3,314,2017,9,3,18,0,1,1,0,0,0,0,2,3,6,3,0,3,0
12246,2,2,207,2017,9,3,20,0,1,1,0,0,0,0,2,1,7,3,0,3,0
12247,1,1,101,2017,9,3,20,0,1,1,0,0,0,0,2,1,5,3,0,3,0
12248,1,5,114,2017,9,3,20,0,1,0,0,0,0,1,2,4,2,3,0,3,0
12249,1,16,136,2017,9,2,16,0,1,1,0,0,0,0,2,0,2,3,0,3,0
12250,6,1,601,2017,9,2,13,0,1,1,0,0,0,0,2,5,3,3,1,3,0
12251,1,12,130,2017,9,2,6,0,0,1,0,0,0,0,1,2,6,3,0,3,0
12252,1,14,132,2017,9,2,16,0,1,1,0,0,0,0,2,5,2,3,0,3,0
12253,5,6,514,2017,9,2,7,0,1,0,1,0,0,0,2,6,6,3,1,3,0
12254,5,18,526,2017,9,2,7,0,1,1,0,0,0,0,2,3,5,3,0,3,0
12255,4,5,408,2017,9,2,17,0,1,1,0,0,0,0,2,3,2,3,1,3,0
12256,4,5,409,2017,9,2,13,0,0,0,0,1,0,0,1,0,7,3,0,3,0
12257,3,9,321,2017,9,2,21,0,0,1,0,1,0,0,2,2,6,3,0,3,0
12258,2,9,221,2017,9,2,18,0,0,1,0,0,0,0,1,1,6,3,0,3,0
12259,2,5,215,2017,9,2,14,0,0,1,0,0,0,0,1,1,2,3,0,3,0
12260,2,8,220,2017,9,2,9,0,0,1,0,0,0,0,1,2,6,3,0,3,0
12261,2,8,220,2017,9,2,10,0,1,1,0,0,0,0,2,3,2,3,0,3,0
12262,3,7,319,2017,9,2,11,0,1,0,0,0,0,1,2,4,6,3,0,3,0
12263,4,2,404,2017,9,2,16,0,1,1,0,0,0,0,2,3,2,3,0,3,0
12264,4,2,404,2017,9,2,8,0,0,1,0,0,0,0,1,5,3,3,0,3,0
12265,5,17,525,2017,9,4,16,0,0,1,0,0,0,0,1,2,6,3,1,3,0
12266,1,3,108,2017,9,2,8,0,0,1,0,0,0,1,2,0,7,3,0,3,0
12267,7,10,711,2017,9,4,14,0,0,1,0,0,0,0,1,2,6,3,0,3,0
12268,5,18,526,2017,9,1,14,0,0,0,0,1,0,0,1,0,7,3,0,3,0
12269,4,9,424,2017,9,1,12,0,1,1,0,0,0,0,2,4,2,3,0,2,1
12270,4,6,415,2017,9,1,14,0,0,1,0,0,0,0,1,3,2,3,0,3,0
12271,2,10,222,2017,9,1,6,0,1,0,0,0,0,0,1,0,7,3,1,2,1
12272,3,6,318,2017,9,1,9,0,0,1,0,1,0,0,2,4,2,3,0,3,0
12273,1,1,101,2017,9,1,9,0,0,1,0,0,0,0,1,3,6,3,0,3,0
12274,1,3,106,2017,9,1,17,0,0,1,1,1,0,0,3,2,6,3,0,3,0
12275,1,5,114,2017,9,1,16,0,1,0,1,0,0,0,2,6,4,3,0,3,0
12276,1,5,114,2017,9,1,11,0,0,1,0,0,0,0,1,2,2,3,0,3,0
12277,1,3,108,2017,9,1,3,0,0,1,0,0,0,0,1,5,2,3,1,2,1
12278,7,8,709,2017,9,7,15,0,0,1,0,0,0,0,1,2,6,3,1,3,0
12279,7,4,705,2017,9,7,15,0,0,1,1,0,0,0,2,1,4,3,1,2,1
12280,7,10,711,2017,9,7,11,0,0,1,0,0,0,0,1,2,6,3,1,3,0
12281,5,5,513,2017,9,7,22,0,0,1,0,0,0,0,1,9,1,3,1,3,0
12282,5,18,526,2017,9,7,13,0,0,1,0,0,0,0,1,2,2,3,1,3,0
12283,5,6,514,2017,9,7,7,0,0,1,0,0,0,0,1,9,1,3,1,3,0
12284,5,12,520,2017,9,7,18,0,1,0,0,0,0,0,1,5,3,3,1,3,0
12285,4,5,413,2017,9,7,17,0,0,1,1,0,0,0,2,6,2,3,0,3,0
12286,4,5,408,2017,9,7,11,0,0,1,0,1,0,0,2,3,6,3,1,3,0
12287,4,8,423,2017,9,7,6,0,0,1,0,0,0,1,2,3,2,3,1,3,0
12288,3,6,318,2017,9,7,15,0,0,1,0,0,0,1,2,2,6,3,1,3,0
12289,3,7,319,2017,9,7,9,0,1,0,0,0,0,1,2,4,2,3,1,3,0
12290,4,2,403,2017,9,7,23,0,1,1,0,0,0,0,2,3,2,3,0,3,0
12291,2,3,209,2017,9,7,1,0,0,1,0,0,0,0,1,5,3,3,1,3,0
12292,3,2,312,2017,9,7,20,0,1,0,1,0,0,0,2,6,4,3,0,3,0
12293,1,4,111,2017,9,7,3,0,0,0,1,0,0,1,2,6,3,3,1,3,0
12294,7,13,714,2017,9,6,17,0,0,1,0,0,0,0,1,2,6,3,1,3,0
12295,7,12,713,2017,9,6,14,0,0,1,0,0,0,1,2,3,6,3,1,3,0
12296,7,1,701,2017,9,6,19,0,0,1,0,0,0,0,1,2,6,3,1,3,0
12297,1,15,134,2017,9,6,13,0,0,1,0,0,0,1,2,5,3,3,1,3,0
12298,6,2,602,2017,9,6,16,0,0,1,0,0,0,0,1,2,6,3,1,3,0
12299,1,11,129,2017,9,6,13,0,0,1,0,0,0,0,1,0,7,3,1,3,0
12300,3,5,317,2017,9,4,13,0,0,1,0,0,0,0,1,2,6,3,1,3,0
12301,2,5,216,2017,9,4,14,0,1,1,0,0,0,0,2,4,6,3,1,3,0
12302,4,6,414,2017,9,4,11,0,0,1,0,0,0,0,1,3,7,3,1,3,0
12303,4,10,427,2017,9,4,13,0,0,1,0,0,0,1,2,3,2,3,1,3,0
12304,5,17,525,2017,9,4,12,0,0,1,0,0,0,0,1,5,3,3,0,2,1
12305,5,11,519,2017,9,4,15,0,0,1,0,0,0,0,1,4,2,3,1,3,0
12306,4,12,431,2017,9,4,6,0,1,1,0,0,0,0,2,5,3,3,1,3,0
12307,5,11,519,2017,9,4,13,0,0,1,0,0,0,0,1,9,7,3,1,3,0
12308,1,8,121,2017,9,6,9,0,0,1,0,0,0,0,1,4,2,3,1,3,0
12309,1,14,132,2017,9,6,17,0,0,1,0,0,0,0,1,1,5,3,1,2,1
12310,5,6,514,2017,9,6,8,0,0,1,0,0,0,0,1,8,1,3,1,3,0
12311,5,2,507,2017,9,6,17,0,0,1,1,0,0,0,2,6,2,3,1,3,0
12312,5,5,513,2017,9,6,20,0,0,1,0,0,0,0,1,4,2,3,1,3,0
12313,4,11,430,2017,9,6,16,0,0,1,1,0,0,0,2,0,4,3,1,3,0
12314,4,13,432,2017,9,6,8,0,0,1,0,0,0,0,1,2,6,3,1,3,0
12315,4,4,407,2017,9,6,10,0,0,0,0,1,0,0,1,0,1,3,1,3,0
12316,4,8,423,2017,9,6,7,0,0,1,1,0,0,0,2,5,2,3,1,2,1
12317,5,1,503,2017,9,6,13,0,0,1,0,0,0,0,1,8,1,3,1,3,0
12318,2,7,219,2017,9,6,8,0,1,1,0,0,0,0,2,5,3,3,1,3,0
12319,3,4,316,2017,9,6,11,0,0,1,0,0,0,0,1,2,6,3,1,3,0
12320,3,2,312,2017,9,6,11,0,0,1,0,0,0,0,1,3,6,3,1,3,0
12321,3,2,311,2017,9,6,17,0,0,1,0,0,0,0,1,2,6,3,1,3,0
12322,1,1,101,2017,9,6,8,0,0,1,0,0,0,1,2,5,2,3,1,2,1
12323,7,10,711,2017,9,6,11,0,0,1,0,0,0,0,1,4,2,3,1,2,1
12324,7,10,711,2017,9,6,5,0,1,1,0,0,0,0,2,5,3,3,1,3,0
12325,1,17,138,2017,9,6,22,0,0,1,0,0,0,1,2,5,3,3,1,3,0
12326,7,8,709,2017,9,5,8,0,0,1,0,0,0,0,1,2,6,3,1,3,0
12327,7,4,705,2017,9,5,16,0,0,1,0,1,0,0,2,4,2,3,0,3,0
12328,6,9,610,2017,9,5,6,0,0,0,0,1,0,1,2,0,7,3,1,3,0
12329,1,6,117,2017,9,5,16,0,1,1,0,0,0,0,2,5,3,3,1,3,0
12330,5,18,526,2017,9,5,15,0,0,1,1,0,0,0,2,6,5,3,0,3,0
12331,5,7,515,2017,9,5,16,0,0,1,0,0,0,0,1,5,3,3,0,3,0