SN,District,Imperial_Circle,Community,Year,Month,Weekday,Hour,Road,Cycle,Car,Pedestrians,Motorcycle,Goods Vehicle,Others,Total,Collision Type,Accident Type,Light Condition,Road Condition,Accident_Severity,Tend_to_Death
12332,4,10,429,2017,9,5,8,0,0,1,0,0,0,0,1,2,7,3,1,3,0
12333,5,15,523,2017,9,5,10,0,1,1,0,0,0,1,3,0,5,3,1,3,0
12334,4,5,409,2017,9,5,11,0,1,1,0,0,0,0,2,5,3,3,1,3,0
12335,4,10,426,2017,9,5,12,0,1,1,0,0,0,0,2,4,2,3,0,3,0
12336,4,8,420,2017,9,5,15,0,0,1,0,0,0,0,1,2,6,3,0,3,0
12337,3,8,320,2017,9,5,11,0,0,1,1,0,0,0,2,6,7,3,1,3,0
12338,2,11,223,2017,9,5,7,0,0,1,1,0,0,0,2,6,4,3,0,3,0
12339,3,8,320,2017,9,5,15,0,0,1,0,1,0,0,2,5,3,3,1,3,0
12340,3,6,318,2017,9,5,10,0,1,1,0,0,0,0,2,1,5,3,1,3,0
12341,4,1,401,2017,9,5,13,0,0,0,0,1,0,1,2,1,5,3,1,3,0
12342,2,3,210,2017,9,5,2,0,0,1,1,0,0,0,2,6,4,3,1,1,1
12343,3,3,314,2017,9,5,13,0,1,1,0,0,0,0,2,5,3,3,1,2,1
12344,1,4,112,2017,9,5,19,0,0,1,0,1,0,0,2,5,3,3,1,3,0
12345,1,5,114,2017,9,5,15,0,0,1,0,0,0,0,1,0,7,3,0,3,0
12346,1,1,101,2017,9,5,23,0,0,1,0,0,0,0,1,5,2,3,1,3,0
12347,1,3,106,2017,9,5,17,0,0,1,0,0,0,1,2,2,7,3,1,3,0
12348,7,14,715,2017,9,4,17,0,0,1,0,0,0,0,1,2,6,3,0,3,0
12349,7,10,711,2017,9,4,13,0,0,0,0,1,0,1,2,0,7,3,1,3,0
12350,1,16,137,2017,9,4,17,0,1,1,0,0,0,0,2,5,3,3,1,3,0
12351,6,1,601,2017,9,4,8,0,0,1,0,0,0,0,1,5,3,3,0,3,0
12352,5,5,513,2017,9,4,20,0,0,1,0,0,0,0,1,4,2,3,1,3,0
12353,5,18,526,2017,9,4,17,0,0,1,0,0,0,0,1,5,3,3,1,3,0
12354,5,18,526,2017,9,4,7,0,0,1,1,0,0,0,2,6,4,3,1,3,0
12355,5,7,515,2017,9,4,13,0,0,1,0,0,0,0,1,3,5,3,1,3,0
12356,4,3,406,2017,9,4,17,0,0,1,0,0,0,0,1,5,3,3,1,2,1
12357,4,5,408,2017,9,4,15,0,0,1,0,0,0,0,1,2,6,3,1,3,0
12358,4,4,407,2017,9,4,6,0,0,1,0,0,0,1,2,2,6,3,1,3,0
12359,4,10,427,2017,9,4,13,0,1,1,0,0,0,0,2,5,3,3,1,3,0
12360,4,6,415,2017,9,4,15,0,0,1,0,0,0,0,1,2,3,3,1,3,0
12361,4,8,423,2017,9,4,16,0,0,1,0,0,0,0,1,5,3,3,0,3,0
12362,4,1,401,2017,9,4,13,0,1,1,0,0,0,0,2,5,3,3,1,3,0
12363,2,1,205,2017,9,4,6,0,1,1,0,0,0,0,2,4,2,3,1,3,0
12364,3,2,311,2017,9,4,19,0,1,0,0,0,0,0,1,4,6,3,0,3,0
12365,3,3,314,2017,9,4,8,0,1,1,0,0,0,0,2,5,3,3,1,3,0
12366,3,2,312,2017,9,4,8,0,0,0,0,1,0,1,2,3,6,3,1,3,0
12367,1,4,110,2017,9,4,16,0,1,1,0,0,0,0,2,0,5,3,1,3,0
12368,1,16,137,2017,9,4,7,0,0,1,0,0,0,0,1,8,1,3,1,2,1
12369,7,15,716,2017,9,3,16,0,0,1,0,0,0,1,2,4,6,3,0,2,1
12370,7,1,702,2017,9,3,14,0,1,1,0,0,0,0,2,1,7,3,0,3,0
12371,1,12,130,2017,9,3,14,0,0,1,0,0,0,0,1,0,7,3,0,2,1
12372,5,4,512,2017,9,3,13,0,1,1,0,0,0,0,2,0,5,3,0,3,0
12373,5,18,526,2017,9,3,7,0,1,0,0,0,0,1,2,5,3,3,0,2,1
12374,5,2,505,2017,9,3,16,0,0,1,0,0,0,0,1,5,2,3,0,3,0
12375,5,7,515,2017,9,3,14,0,0,1,0,0,0,0,1,2,6,3,0,3,0
12376,5,8,516,2017,9,3,12,0,0,1,0,0,0,0,1,2,6,3,0,3,0
12377,4,6,415,2017,9,3,16,0,1,1,0,0,0,0,2,5,2,3,0,3,0
12378,4,6,414,2017,9,3,11,0,0,0,1,0,0,1,2,6,2,3,0,3,0
12379,4,10,426,2017,9,3,15,0,0,1,0,0,0,1,2,2,6,3,0,3,0
12380,4,8,421,2017,9,3,10,0,1,0,0,0,0,0,1,3,6,3,0,3,0
12381,3,9,321,2017,9,3,7,0,0,1,0,0,0,0,1,2,6,3,0,3,0
12382,2,14,227,2017,9,3,21,0,0,1,0,0,0,0,1,1,5,3,0,3,0
12383,2,11,223,2017,9,3,17,0,1,1,0,0,0,0,2,9,1,3,0,2,1
12384,2,10,222,2017,9,3,8,0,0,0,0,1,0,0,1,0,7,3,0,3,0
12385,2,8,220,2017,9,3,14,0,0,1,0,0,0,1,2,2,6,3,0,3,0
12386,3,4,316,2017,9,3,11,0,0,1,0,0,0,1,2,3,7,3,0,3,0
12387,2,1,203,2017,9,3,13,0,0,0,0,0,0,1,1,2,6,3,0,3,0
12388,1,3,107,2017,9,3,9,0,1,0,0,0,0,1,2,3,2,3,0,3,0
12389,1,1,102,2017,9,3,13,0,1,1,0,0,0,0,2,5,3,3,0,3,0
12390,1,5,113,2017,9,3,9,0,1,1,0,0,0,0,2,5,3,3,0,3,0
12391,1,5,114,2017,9,3,12,0,0,1,0,0,0,1,2,5,7,3,0,3,0
12392,7,16,717,2017,9,2,17,0,0,1,0,0,0,0,1,3,6,3,0,3,0
12393,1,20,141,2017,9,2,14,0,0,1,0,0,0,0,1,4,6,3,0,3,0
12394,6,5,606,2017,9,2,14,0,1,1,0,0,0,0,2,5,3,3,0,3,0
12395,1,12,130,2017,9,2,11,0,0,1,0,0,0,0,1,5,3,3,0,3,0
12396,5,18,526,2017,9,2,10,0,1,0,0,0,0,0,1,3,3,3,1,3,0
12397,5,5,513,2017,9,2,11,0,0,0,0,0,0,1,1,0,7,3,0,3,0
12398,5,18,526,2017,9,2,17,0,0,1,0,0,0,0,1,3,6,3,0,3,0
12399,5,18,526,2017,9,2,12,0,0,1,0,0,0,0,1,2,6,3,0,2,1
12400,5,7,515,2017,9,2,10,0,1,1,0,0,0,0,2,0,6,3,0,3,0
12401,5,7,515,2017,9,2,13,0,0,1,0,0,0,0,1,2,6,3,0,3,0
12402,5,10,518,2017,9,2,14,0,1,0,0,0,0,0,1,4,6,3,0,3,0
12403,4,5,411,2017,9,2,8,0,1,0,1,0,0,0,2,6,3,3,0,3,0
12404,3,6,318,2017,9,2,15,0,1,1,0,0,0,1,3,2,7,3,0,3,0
12405,3,4,315,2017,9,2,18,0,0,1,1,0,0,0,2,6,7,3,0,3,0
12406,3,5,317,2017,9,2,8,0,1,1,0,0,0,0,2,5,3,3,0,3,0
12407,3,1,308,2017,9,2,7,0,1,1,0,0,0,0,2,2,6,3,0,3,0
12408,3,2,312,2017,9,2,10,0,0,1,1,0,0,0,2,6,7,3,0,3,0
12409,3,2,312,2017,9,2,9,0,0,1,0,0,0,1,2,5,3,3,0,3,0
12410,1,4,111,2017,9,2,10,0,0,1,1,0,0,0,2,6,2,3,0,2,1
12411,1,18,139,2017,9,2,21,0,0,0,0,1,0,0,1,9,1,3,0,2,1
12412,1,16,136,2017,9,1,16,0,0,1,0,0,0,0,1,2,6,3,0,3,0
12413,6,4,605,2017,9,1,15,0,0,0,0,1,0,0,1,8,1,3,0,2,1
12414,1,12,130,2017,9,1,13,0,1,1,0,0,0,0,2,0,7,3,0,3,0
12415,5,5,513,2017,9,1,14,0,0,1,0,1,0,0,2,2,2,3,0,3,0
12416,5,7,515,2017,9,1,12,0,0,1,0,0,0,0,1,4,2,3,0,3,0
12417,5,7,515,2017,9,1,16,0,1,0,1,0,0,0,2,0,4,3,0,3,0
12418,5,1,504,2017,9,1,1,0,1,1,0,0,0,0,2,5,2,3,0,2,1
12419,3,9,321,2017,9,1,11,0,1,0,0,0,0,1,2,8,6,3,0,3,0
12420,2,3,208,2017,9,1,3,0,1,1,0,0,0,0,2,0,3,3,0,3,0
12421,1,19,140,2017,9,1,12,0,0,1,0,0,0,0,1,0,7,3,0,2,1
12422,6,12,613,2017,9,7,10,0,1,1,0,0,0,0,2,0,6,3,0,3,0
12423,6,5,606,2017,9,7,0,0,0,1,0,0,0,0,1,0,1,3,0,2,1
12424,1,8,121,2017,9,7,17,0,1,1,0,0,0,0,2,5,3,3,0,3,0
12425,5,4,512,2017,9,7,9,0,0,1,0,0,0,0,1,2,6,3,0,3,0
12426,5,18,526,2017,9,7,14,0,0,0,0,1,0,0,1,0,7,3,0,2,1
12427,4,11,430,2017,9,7,13,0,0,1,0,0,0,0,1,2,6,3,0,3,0
12428,4,11,430,2017,9,7,12,0,0,1,0,0,0,0,1,2,6,3,0,3,0
12429,4,8,420,2017,9,7,12,0,0,0,0,1,0,1,2,0,7,3,1,3,0
12430,4,6,415,2017,9,7,11,0,0,0,0,1,0,1,2,3,6,3,0,3,0
12431,4,6,415,2017,9,7,15,0,0,0,0,1,0,0,1,0,7,3,0,3,0
12432,4,6,414,2017,9,7,11,0,1,1,0,0,0,0,2,0,7,3,0,3,0
12433,5,1,501,2017,9,7,1,0,0,1,0,0,0,0,1,5,3,3,0,3,0
12434,3,1,304,2017,9,7,17,0,1,0,1,0,0,0,2,6,6,3,0,3,0
12435,3,2,311,2017,9,7,9,0,1,0,0,0,0,0,1,0,7,3,0,3,0
12436,1,1,101,2017,9,7,19,0,0,1,0,0,0,0,1,2,2,3,0,3,0
12437,1,3,108,2017,9,7,17,0,0,1,0,0,0,0,1,3,6,3,0,3,0
12438,1,5,113,2017,9,7,17,0,0,1,1,0,0,0,2,2,6,3,0,2,1
12439,7,1,702,2017,9,6,10,0,0,0,0,0,0,1,1,5,2,3,0,3,0
12440,1,16,136,2017,9,6,14,0,0,1,0,1,0,1,3,4,6,3,0,2,1
12441,6,1,601,2017,9,6,15,0,0,1,0,0,0,0,1,3,2,3,0,3,0
12442,1,12,130,2017,9,6,13,0,0,1,0,0,0,1,2,2,6,3,0,3,0
12443,1,13,131,2017,9,6,6,0,0,1,0,0,0,0,1,2,6,3,0,3,0
12444,5,5,513,2017,9,6,6,0,0,1,0,0,0,1,2,5,3,3,0,3,0
12445,5,18,526,2017,9,6,12,0,1,1,0,0,0,0,2,5,3,3,0,3,0
12446,5,18,526,2017,9,6,10,0,0,1,0,0,0,0,1,5,3,3,0,3,0
12447,4,9,425,2017,9,6,9,0,0,1,0,0,0,0,1,0,7,3,0,3,0
12448,5,3,510,2017,9,6,18,0,0,1,0,0,0,0,1,2,6,3,0,3,0
12449,5,7,515,2017,9,6,20,0,1,1,0,0,0,0,2,5,3,3,0,2,1
12450,5,7,515,2017,9,6,14,0,0,1,0,0,0,0,1,0,7,3,0,3,0
12451,5,7,515,2017,9,6,14,0,1,0,1,0,0,0,2,6,7,3,0,3,0
12452,4,12,431,2017,9,6,8,0,0,1,0,0,0,0,1,1,6,3,0,3,0
12453,4,13,432,2017,9,6,7,0,0,1,0,0,0,0,1,2,2,3,0,3,0
12454,4,6,415,2017,9,6,17,0,0,1,0,0,0,0,1,2,6,3,0,3,0
12455,5,1,504,2017,9,6,15,0,1,1,0,0,0,0,2,4,3,3,0,2,1
12456,4,10,426,2017,9,6,14,0,0,1,0,0,0,0,1,1,6,3,0,3,0
12457,4,8,422,2017,9,6,16,0,1,1,0,0,0,0,2,1,7,3,0,3,0
12458,2,9,221,2017,9,6,11,0,0,1,1,0,0,0,2,6,4,3,0,2,1
12459,2,10,222,2017,9,6,12,0,0,1,0,0,0,0,1,5,3,3,0,3,0
12460,2,11,223,2017,9,6,12,0,1,1,0,0,0,0,2,2,6,3,0,3,0
12461,2,5,215,2017,9,6,12,0,0,1,0,0,0,0,1,2,6,3,0,3,0
12462,3,6,318,2017,9,6,12,0,1,1,0,0,0,0,2,4,2,3,0,3,0
12463,4,2,403,2017,9,6,14,0,1,1,0,0,0,0,2,0,3,3,0,2,1
12464,2,1,206,2017,9,6,15,0,1,0,0,0,0,0,1,0,3,3,0,3,0
12465,3,3,314,2017,9,6,10,0,0,1,1,0,0,1,3,5,3,3,0,3,0
12466,1,4,109,2017,9,6,16,0,1,0,0,0,0,1,2,3,2,3,0,2,1
12467,1,4,112,2017,9,6,12,0,0,1,1,0,0,0,2,6,7,3,0,3,0
12468,1,3,108,2017,9,6,9,0,1,0,0,0,0,1,2,3,6,3,0,2,1
12469,1,5,114,2017,9,6,22,0,0,1,0,0,0,0,1,1,6,3,0,3,0
12470,1,18,139,2017,9,6,20,0,0,1,0,1,0,0,2,2,6,3,0,2,1
12471,7,1,702,2017,8,5,16,0,0,1,0,0,0,0,1,5,3,3,1,3,0
12472,7,9,710,2017,8,5,12,0,0,1,0,0,0,0,1,5,3,3,1,3,0
12473,1,16,137,2017,8,5,14,0,0,0,1,0,0,1,2,6,2,3,0,3,0
12474,3,2,312,2017,9,4,13,0,0,1,0,0,0,1,2,2,6,3,1,3,0
12475,4,3,406,2017,9,4,8,0,1,0,0,0,0,0,1,5,3,3,1,3,0
12476,6,1,601,2017,8,5,14,0,0,1,0,0,0,0,1,2,6,3,0,3,0
12477,1,11,128,2017,8,5,8,0,1,1,0,0,0,0,2,4,2,3,1,3,0
12478,5,4,512,2017,8,5,9,0,0,1,0,0,0,0,1,2,6,3,0,3,0
12479,5,7,515,2017,8,5,6,0,1,0,0,0,0,0,1,0,7,3,1,3,0
12480,5,10,518,2017,8,5,13,0,1,1,0,0,0,0,2,3,6,3,0,3,0
12481,4,5,413,2017,8,5,23,0,1,1,0,0,0,0,2,1,5,3,0,2,1
12482,4,5,408,2017,8,5,16,0,0,1,0,0,0,0,1,4,2,3,1,3,0
12483,4,4,407,2017,8,5,0,0,1,1,0,0,0,0,2,1,5,3,1,2,1
12484,4,8,420,2017,8,5,22,0,1,1,0,0,0,0,2,5,2,3,0,3,0
12485,4,10,427,2017,8,5,11,0,0,1,0,0,0,1,2,3,6,3,0,3,0
12486,2,5,215,2017,8,5,17,0,1,1,0,0,0,0,2,5,3,3,1,3,0
12487,3,5,317,2017,8,5,15,0,0,1,0,0,0,1,2,0,6,3,0,3,0
12488,2,1,203,2017,8,5,11,0,0,1,0,1,0,0,2,3,6,3,0,3,0
12489,3,2,311,2017,8,5,15,0,0,1,0,0,0,0,1,2,7,3,0,3,0
12490,2,2,207,2017,8,5,14,0,0,1,1,0,0,0,2,6,4,3,0,3,0
12491,7,13,714,2017,8,4,5,0,0,1,0,1,0,0,2,4,2,3,0,3,0
12492,6,1,601,2017,8,4,13,0,1,1,0,0,0,0,2,5,3,3,0,3,0
12493,6,2,603,2017,8,4,14,0,1,1,0,0,0,0,2,5,3,3,0,2,1
12494,5,6,514,2017,8,4,12,0,1,0,0,0,0,1,2,3,6,3,0,3,0
12495,5,3,510,2017,8,4,12,0,0,1,0,0,0,0,1,2,6,3,0,3,0
12496,5,12,520,2017,8,4,7,0,0,0,0,0,0,1,1,0,7,3,0,3,0
12497,4,5,409,2017,8,4,21,0,1,1,0,0,0,0,2,5,2,3,0,2,1
12498,4,6,415,2017,8,4,4,0,0,1,0,0,0,0,1,0,7,3,0,3,0
12499,4,8,421,2017,8,4,15,0,0,1,0,1,0,0,2,1,5,3,0,3,0
12500,4,10,426,2017,8,4,13,0,0,1,0,1,0,0,2,1,6,3,0,2,1
12501,2,12,225,2017,8,4,12,0,1,1,0,0,0,0,2,5,3,3,0,3,0
12502,3,6,318,2017,8,4,15,0,1,0,0,0,0,0,1,4,6,3,0,3,0
12503,3,5,317,2017,8,4,14,0,0,1,1,0,0,0,2,6,4,3,0,2,1
12504,1,5,114,2017,8,4,14,0,1,0,0,0,0,1,2,5,2,3,0,3,0
12505,1,5,113,2017,8,4,8,0,1,1,0,0,0,0,2,3,2,3,0,3,0
12506,1,5,114,2017,8,4,18,0,0,1,0,0,0,0,1,2,6,3,0,3,0
12507,7,1,702,2017,8,3,11,0,0,1,0,0,0,1,2,5,2,3,0,3,0
12508,7,4,705,2017,8,3,10,0,1,1,0,0,0,0,2,5,3,3,0,3,0
12509,6,2,602,2017,8,3,12,0,0,1,0,0,0,1,2,5,3,3,0,3,0
12510,1,11,129,2017,8,3,18,0,0,1,0,0,0,0,1,2,6,3,0,3,0
12511,1,13,131,2017,8,3,23,0,0,1,0,0,0,0,1,0,7,3,0,3,0
12512,1,12,130,2017,8,3,15,0,1,1,0,0,0,0,2,5,3,3,0,3,0
12513,5,5,513,2017,8,3,14,0,0,1,0,0,0,0,1,5,3,3,0,3,0
12514,5,18,526,2017,8,3,16,0,1,0,0,0,0,0,1,4,6,3,0,3,0
12515,5,18,526,2017,8,3,10,0,0,1,0,1,0,0,2,5,3,3,0,3,0
12516,5,4,512,2017,8,3,17,0,0,1,0,0,0,0,1,3,6,3,0,3,0
12517,5,17,525,2017,8,3,16,0,0,1,0,0,0,0,1,2,6,3,0,3,0
12518,4,13,432,2017,8,3,18,0,0,1,1,0,0,0,2,6,7,3,0,3,0
12519,4,11,430,2017,8,3,7,0,1,1,0,0,0,0,2,5,3,3,0,2,1
12520,4,5,411,2017,8,3,14,0,1,0,0,0,0,1,2,4,6,3,0,3,0
12521,5,1,504,2017,8,3,18,0,1,0,1,0,0,0,2,6,7,3,0,3,0
12522,4,6,415,2017,8,3,18,0,0,1,0,1,0,0,2,1,7,3,0,3,0
12523,4,10,429,2017,8,3,9,0,1,1,0,0,0,0,2,0,5,3,0,3,0
12524,4,6,415,2017,8,3,10,0,1,0,1,0,0,0,2,6,4,3,0,3,0
12525,4,6,415,2017,8,3,15,0,0,1,0,1,0,0,2,3,2,3,0,3,0
12526,2,9,221,2017,8,3,17,0,1,1,0,0,0,0,2,1,6,3,0,3,0
12527,3,8,320,2017,8,3,10,0,0,1,0,0,0,1,2,4,2,3,0,3,0
12528,3,1,301,2017,8,3,19,0,0,1,0,0,0,0,1,5,3,3,0,3,0
12529,3,5,317,2017,8,3,9,0,1,1,0,0,0,0,2,5,3,3,0,3,0
12530,2,4,211,2017,8,3,22,0,0,1,0,1,0,0,2,4,2,3,0,3,0
12531,2,4,212,2017,8,3,14,0,0,1,0,0,0,0,1,2,6,3,0,3,0
12532,1,1,101,2017,8,3,15,0,1,1,0,0,0,0,2,5,3,3,0,3,0
12533,1,5,114,2017,8,3,16,0,1,0,0,0,0,0,1,4,6,3,0,3,0
12534,1,5,114,2017,8,3,13,0,0,0,1,0,0,1,2,6,7,3,0,3,0
12535,6,2,602,2017,8,2,17,0,1,1,0,0,0,0,2,5,3,3,0,3,0
12536,1,11,128,2017,8,2,9,0,0,1,0,0,0,0,1,2,6,3,0,3,0
12537,1,11,129,2017,8,2,12,0,1,1,0,0,0,0,2,5,3,3,0,3,0
12538,5,18,526,2017,8,2,8,0,1,1,0,0,0,0,2,5,3,3,0,2,1
12539,5,5,513,2017,8,2,19,0,0,1,0,1,0,0,2,0,2,3,0,3,0
12540,5,3,510,2017,8,2,16,0,0,0,0,0,0,1,1,0,6,3,0,3,0
12541,5,3,510,2017,8,2,22,0,0,1,0,0,0,0,1,2,6,3,0,3,0
12542,5,8,516,2017,8,2,7,0,1,1,0,0,0,0,2,5,2,3,0,3,0
12543,4,11,430,2017,8,2,8,0,1,1,0,0,0,0,2,4,2,3,0,3,0
12544,4,4,407,2017,8,2,21,0,0,1,0,1,0,0,2,5,3,3,0,3,0
12545,4,4,407,2017,8,2,19,0,0,1,0,0,0,0,1,4,2,3,0,3,0
12546,4,8,420,2017,8,2,16,0,1,0,1,0,0,0,2,6,4,3,0,3,0
12547,3,9,321,2017,8,2,5,0,0,1,0,0,0,1,2,2,6,3,0,3,0
12548,3,8,320,2017,8,2,8,0,1,1,0,0,0,0,2,5,3,3,0,3,0
12549,2,7,219,2017,8,2,15,0,0,1,0,0,0,0,1,2,6,3,0,3,0
12550,2,5,216,2017,8,2,10,0,0,1,0,1,0,0,2,0,7,3,0,3,0
12551,4,3,406,2017,8,2,9,0,1,1,0,0,0,0,2,5,2,3,0,3,0
12552,4,1,401,2017,8,2,17,0,1,1,0,0,0,0,2,3,2,3,0,3,0
12553,2,1,204,2017,8,2,8,0,1,1,0,0,0,0,2,1,5,3,0,3,0
12554,2,4,212,2017,8,2,11,0,1,1,0,0,0,0,2,0,6,3,0,3,0
12555,3,3,314,2017,8,2,20,0,1,1,0,0,0,0,2,5,3,3,0,3,0
12556,7,16,717,2017,8,1,17,0,0,0,0,1,0,0,1,8,1,3,0,2,1
12557,1,12,130,2017,8,1,2,0,0,0,1,0,0,1,2,6,7,3,0,3,0
12558,5,2,509,2017,8,1,17,0,0,1,1,0,0,0,2,6,4,3,0,3,0
12559,4,4,407,2017,8,1,16,0,0,1,0,1,0,0,2,4,2,3,0,2,1
12560,4,8,422,2017,8,1,14,0,0,1,1,0,0,0,2,6,2,3,0,3,0
12561,2,9,221,2017,8,1,14,0,0,1,0,0,0,0,1,9,1,3,0,3,0
12562,2,11,223,2017,8,1,10,0,1,1,0,0,0,0,2,5,3,3,0,3,0
12563,2,1,205,2017,8,1,20,0,0,1,0,0,0,0,1,3,6,3,0,3,0
12564,3,2,312,2017,8,1,18,0,0,1,0,1,0,0,2,3,6,3,0,3,0
12565,1,4,112,2017,8,1,6,0,0,1,0,1,0,0,2,5,2,3,0,3,0
12566,1,3,106,2017,8,1,17,0,1,1,0,0,0,0,2,5,3,3,0,3,0
12567,1,5,114,2017,8,1,11,0,0,1,0,0,0,1,2,5,3,3,0,3,0
12568,7,12,713,2017,8,7,19,0,0,0,0,1,0,0,1,8,7,3,0,2,1
12569,6,2,602,2017,8,7,20,0,1,1,0,0,0,0,2,5,3,3,0,3,0
12570,1,11,129,2017,8,7,15,0,1,0,0,0,0,1,2,1,5,3,0,2,1
12571,5,5,513,2017,8,7,15,0,0,1,0,1,0,0,2,5,2,3,0,2,1
12572,5,12,520,2017,8,7,18,0,0,1,0,0,0,0,1,1,6,3,0,3,0
12573,5,11,519,2017,8,7,15,0,0,1,0,0,0,0,1,1,6,3,0,3,0
12574,3,9,321,2017,8,7,22,0,0,1,0,0,0,0,1,4,2,3,0,3,0
12575,2,13,226,2017,8,7,9,0,1,1,0,0,0,0,2,4,2,3,0,3,0
12576,2,13,226,2017,8,7,3,0,0,1,0,0,0,0,1,1,5,3,0,3,0
12577,7,13,714,2017,8,6,21,0,1,1,0,0,0,0,2,5,3,3,0,3,0
12578,1,8,121,2017,8,6,12,0,0,1,1,0,0,0,2,6,2,3,0,3,0
12579,5,15,523,2017,9,4,15,0,0,1,0,0,0,0,1,1,6,3,0,3,0
12580,3,2,312,2017,9,4,5,0,0,1,0,0,0,1,2,1,6,3,1,3,0
12581,5,18,526,2017,8,6,17,0,0,1,0,0,0,1,2,5,3,3,0,3,0
12582,5,6,514,2017,8,6,18,0,0,1,1,0,0,0,2,6,4,3,0,3,0
12583,5,18,526,2017,10,5,14,0,0,0,0,0,0,1,1,7,7,3,1,3,0
12584,4,11,430,2017,10,5,16,0,1,1,0,0,0,0,2,0,7,3,1,3,0
12585,4,11,430,2017,10,5,6,0,0,1,0,0,0,1,2,5,3,3,1,3,0
12586,5,11,519,2017,10,5,15,0,0,1,0,0,0,1,2,2,6,3,1,3,0
12587,4,11,430,2017,10,5,18,0,0,1,0,0,0,0,1,2,6,3,1,3,0
12588,4,12,431,2017,10,5,10,0,0,1,0,0,0,1,2,2,6,3,1,3,0
12589,4,5,408,2017,10,5,14,0,0,1,0,0,0,0,1,1,5,3,1,3,0
12590,5,1,503,2017,10,5,14,0,1,1,0,0,0,0,2,5,3,3,0,3,0
12591,4,8,419,2017,10,5,15,0,1,1,0,0,0,0,2,5,3,3,1,3,0
12592,4,7,416,2017,10,5,7,0,0,1,1,0,0,0,2,6,2,3,1,3,0
12593,4,6,415,2017,10,5,23,0,0,1,0,0,0,0,1,2,2,3,1,3,0
12594,4,6,415,2017,10,5,23,0,1,1,0,0,0,0,2,5,2,3,1,3,0
12595,3,9,321,2017,10,5,21,0,0,1,1,0,0,0,2,6,2,3,1,3,0
12596,2,12,225,2017,10,5,7,0,1,1,0,0,0,0,2,4,5,3,1,3,0
12597,2,7,219,2017,10,5,13,0,0,1,0,0,0,0,1,1,5,3,1,3,0
12598,2,8,220,2017,10,5,19,0,1,1,0,0,0,0,2,4,2,3,1,3,0
12599,3,6,318,2017,10,6,11,0,0,1,0,0,0,0,1,2,2,3,1,3,0
12600,3,7,319,2017,10,6,10,0,0,1,0,0,0,0,1,2,6,3,1,3,0
12601,3,1,301,2017,10,6,19,0,1,0,0,0,0,0,1,5,3,3,0,3,0
12602,2,8,220,2017,10,5,7,0,0,1,0,0,0,1,2,1,3,3,1,3,0
12603,3,7,319,2017,10,5,7,0,0,1,1,0,0,0,2,6,5,3,0,3,0
12604,3,1,303,2017,10,5,13,0,0,1,0,0,0,1,2,2,6,3,1,3,0
12605,4,1,402,2017,10,5,13,0,1,0,0,0,0,1,2,5,7,3,1,3,0
12606,3,3,314,2017,10,5,17,0,1,1,0,0,0,0,2,1,5,3,1,3,0
12607,1,5,113,2017,10,5,7,0,1,0,1,0,0,0,2,6,3,3,1,3,0
12608,1,5,113,2017,10,5,15,0,1,0,1,0,0,0,2,6,3,3,1,2,1
12609,7,12,713,2017,10,5,6,0,0,1,0,0,0,0,1,5,7,3,1,2,1
12610,7,14,715,2017,10,4,12,0,0,1,1,0,0,1,3,1,7,3,0,3,0
12611,7,8,709,2017,10,4,10,0,0,0,0,1,0,0,1,0,7,3,0,3,0
12612,6,1,601,2017,10,4,15,0,1,1,0,0,0,0,2,5,3,3,0,2,1
12613,1,8,121,2017,10,4,8,0,1,1,0,0,0,0,2,0,6,3,1,3,0
12614,1,8,125,2017,10,4,15,0,1,1,0,0,0,0,2,5,2,3,0,2,1
12615,5,4,512,2017,10,4,17,0,0,1,1,0,0,0,2,6,4,3,0,2,1
12616,5,2,507,2017,10,4,6,0,0,1,0,0,0,0,1,2,6,3,1,3,0
12617,5,11,519,2017,10,4,20,0,0,1,0,0,0,0,1,5,3,3,1,3,0
12618,5,13,521,2017,10,4,10,0,1,1,0,0,0,0,2,5,3,3,0,3,0
12619,2,9,221,2017,10,4,12,0,0,1,0,0,0,0,1,5,3,3,0,3,0
12620,2,8,220,2017,10,4,21,0,0,0,1,0,0,1,2,6,4,3,1,2,1
12621,2,5,215,2017,10,4,20,0,0,1,0,0,0,0,1,3,2,3,1,3,0
12622,2,5,216,2017,10,4,11,0,1,1,0,0,0,0,2,0,3,3,1,3,0
12623,3,3,314,2017,10,6,8,0,0,1,0,0,0,0,1,1,6,3,1,3,0
12624,2,6,218,2017,10,4,6,0,1,1,0,0,0,0,2,5,3,3,0,3,0
12625,3,1,309,2017,10,6,8,0,1,1,0,0,0,0,2,0,7,3,1,3,0
12626,3,6,318,2017,10,4,7,0,1,0,0,0,0,0,1,0,7,3,1,3,0
12627,3,2,312,2017,10,4,13,0,1,1,0,0,0,0,2,0,7,3,0,3,0