SN,District,Imperial_Circle,Community,Year,Month,Weekday,Hour,Road,Cycle,Car,Pedestrians,Motorcycle,Goods Vehicle,Others,Total,Collision Type,Accident Type,Light Condition,Road Condition,Accident_Severity,Tend_to_Death
13215,2,3,210,2017,10,7,12,0,0,1,0,0,0,0,1,2,6,3,0,3,0
13216,2,3,208,2017,10,7,16,0,1,1,0,0,0,0,2,3,2,3,0,3,0
13217,1,1,101,2017,10,7,23,0,0,1,0,0,0,0,1,2,6,3,0,3,0
13218,1,3,108,2017,10,7,11,0,0,1,0,0,0,0,1,1,5,3,0,3,0
13219,1,3,106,2017,10,7,17,0,1,1,0,0,0,0,2,5,3,3,0,3,0
13220,1,19,140,2017,10,6,8,0,0,1,0,0,0,0,1,9,1,3,0,3,0
13221,7,11,712,2017,10,6,11,0,0,0,0,1,0,0,1,0,1,3,0,2,1
13222,7,1,701,2017,10,6,13,0,1,0,0,0,0,1,2,5,3,3,0,3,0
13223,7,9,710,2017,10,6,14,0,0,1,1,0,0,0,2,6,4,3,0,2,1
13224,4,8,418,2017,11,5,7,0,1,0,0,0,0,0,1,5,3,3,1,3,0
13225,3,8,320,2017,11,5,7,0,0,1,0,0,0,0,1,3,2,3,1,3,0
13226,2,8,220,2017,11,5,17,0,0,1,0,0,0,0,1,5,3,3,0,3,0
13227,2,8,220,2017,11,5,18,0,0,1,1,0,0,0,2,6,4,3,0,2,1
13228,2,8,220,2017,11,5,14,0,1,0,0,0,0,1,2,2,2,3,0,3,0
13229,3,5,317,2017,11,5,14,0,0,1,0,0,0,0,1,4,7,3,0,3,0
13230,3,1,310,2017,11,5,9,0,1,1,0,0,0,0,2,0,2,3,1,3,0
13231,2,1,203,2017,11,5,11,0,0,1,0,1,0,0,2,5,3,3,0,3,0
13232,2,4,213,2017,11,5,10,0,1,0,0,0,0,0,1,0,7,3,1,3,0
13233,2,4,211,2017,11,5,6,0,0,1,0,0,0,0,1,4,6,3,1,2,1
13234,3,2,312,2017,11,5,12,0,0,1,0,0,0,0,1,1,6,3,0,3,0
13235,2,2,207,2017,11,5,0,0,0,1,0,0,0,0,1,4,6,3,1,3,0
13236,2,1,205,2017,11,5,13,0,1,1,0,0,0,0,2,1,5,3,1,3,0
13237,7,2,703,2017,10,6,12,0,0,1,0,0,0,0,1,1,6,3,0,3,0
13238,6,2,603,2017,10,6,7,0,1,1,0,0,0,0,2,5,3,3,0,3,0
13239,1,11,128,2017,10,6,20,0,0,1,0,1,0,0,2,3,6,3,0,3,0
13240,1,13,131,2017,10,6,14,0,0,1,0,0,0,1,2,2,2,3,0,3,0
13241,1,12,130,2017,10,6,4,0,0,1,0,0,0,0,1,2,6,3,0,3,0
13242,1,8,123,2017,10,6,9,0,1,0,0,0,0,0,1,3,6,3,0,3,0
13243,5,18,526,2017,10,6,10,0,0,1,0,0,0,0,1,0,7,3,0,3,0
13244,5,2,508,2017,10,6,12,0,1,0,0,0,0,1,2,5,3,3,0,3,0
13245,4,10,429,2017,10,6,15,0,0,1,0,0,0,0,1,3,6,3,0,3,0
13246,5,10,518,2017,10,6,19,0,0,1,0,0,0,0,1,5,2,3,0,3,0
13247,4,5,413,2017,10,6,21,0,1,1,0,0,0,0,2,1,5,3,0,3,0
13248,4,10,426,2017,10,6,7,0,0,0,1,0,0,1,2,6,2,3,0,3,0
13249,1,1,101,2017,11,5,8,0,0,1,0,0,0,0,1,2,6,3,1,3,0
13250,4,6,415,2017,10,6,22,0,0,1,0,0,0,0,1,5,3,3,0,3,0
13251,6,2,603,2017,11,4,5,0,0,1,0,0,0,0,1,5,3,3,1,2,1
13252,1,11,128,2017,11,4,18,0,0,1,0,1,0,1,3,5,3,3,1,2,1
13253,4,6,414,2017,10,6,11,0,0,1,0,1,0,0,2,5,3,3,0,2,1
13254,1,11,128,2017,11,4,14,0,0,1,1,0,0,0,2,6,4,3,1,2,1
13255,1,8,123,2017,11,4,19,0,0,1,1,0,0,0,2,6,2,3,1,3,0
13256,4,10,427,2017,10,6,9,0,0,1,0,0,0,1,2,4,2,3,0,3,0
13257,5,2,505,2017,11,4,21,0,0,1,1,0,0,0,2,6,2,3,1,3,0
13258,5,8,516,2017,11,4,14,0,1,1,0,0,0,0,2,5,3,3,1,3,0
13259,3,8,320,2017,10,6,16,0,0,1,0,0,0,0,1,2,6,3,0,3,0
13260,4,10,429,2017,11,4,20,0,0,0,0,1,0,1,2,4,6,3,1,3,0
13261,2,8,220,2017,10,6,21,0,0,1,0,0,0,0,1,5,3,3,0,3,0
13262,2,8,220,2017,10,6,16,0,1,0,0,0,0,1,2,3,2,3,0,3,0
13263,4,13,432,2017,11,4,18,0,0,1,0,0,0,0,1,5,3,3,1,3,0
13264,1,3,108,2017,10,6,16,0,1,0,0,1,0,0,2,0,3,3,0,3,0
13265,4,12,431,2017,11,4,7,0,0,1,0,0,0,0,1,5,3,3,1,3,0
13266,1,1,101,2017,10,6,6,0,0,1,0,1,0,0,2,4,2,3,0,2,1
13267,4,5,409,2017,11,4,12,0,0,1,0,0,0,0,1,2,6,3,1,3,0
13268,1,6,115,2017,10,6,11,0,0,1,0,0,0,0,1,1,5,3,0,3,0
13269,4,4,407,2017,11,4,7,0,1,1,0,0,0,0,2,3,6,3,1,3,0
13270,1,1,101,2017,10,6,21,0,0,0,0,1,0,0,1,8,7,3,0,3,0
13271,4,10,426,2017,11,4,7,0,0,1,1,0,0,0,2,6,2,3,1,3,0
13272,4,6,415,2017,11,4,10,0,0,1,0,1,0,0,2,3,6,3,1,2,1
13273,4,8,418,2017,11,4,18,0,1,0,0,0,0,0,1,3,6,3,0,3,0
13274,2,1,203,2017,11,4,14,0,1,1,0,0,0,0,2,4,2,3,1,3,0
13275,6,1,601,2017,10,5,17,0,0,1,0,1,0,0,2,3,6,3,0,3,0
13276,2,1,203,2017,11,4,10,0,0,0,0,1,0,0,1,0,1,3,1,3,0
13277,3,2,312,2017,11,4,19,0,0,1,0,0,0,1,2,3,7,3,1,3,0
13278,1,6,118,2017,10,5,17,0,1,1,0,0,0,0,2,3,2,3,0,3,0
13279,1,4,112,2017,11,4,7,0,0,1,0,0,0,0,1,5,3,3,1,3,0
13280,1,3,108,2017,11,4,11,0,1,0,0,0,0,1,2,5,2,3,1,3,0
13281,1,16,137,2017,10,3,22,0,0,1,0,0,0,0,1,5,3,3,0,3,0
13282,1,8,126,2017,10,5,12,0,0,1,0,0,0,0,1,5,3,3,0,3,0
13283,5,6,514,2017,10,3,18,0,0,1,1,0,0,0,2,6,4,3,0,2,1
13284,5,13,521,2017,10,3,17,0,0,1,1,0,0,0,2,6,4,3,0,2,1
13285,4,5,412,2017,10,3,18,0,0,1,1,0,0,0,2,6,7,3,0,3,0
13286,3,8,320,2017,10,3,16,0,1,0,1,0,0,0,2,6,7,3,0,3,0
13287,5,7,515,2017,10,5,14,0,1,1,0,0,0,0,2,5,2,3,0,3,0
13288,5,7,515,2017,10,5,14,0,0,1,0,1,0,0,2,1,5,3,0,3,0
13289,5,7,515,2017,10,5,14,0,1,1,0,0,0,0,2,2,6,3,0,3,0
13290,5,17,525,2017,10,5,15,0,0,1,0,0,0,0,1,2,6,3,0,3,0
13291,5,11,519,2017,10,5,6,0,0,1,0,0,0,0,1,5,2,3,0,3,0
13292,5,10,518,2017,10,5,7,0,1,0,0,0,0,0,1,0,7,3,0,3,0
13293,4,13,432,2017,10,5,20,0,0,1,0,1,0,0,2,3,7,3,0,2,1
13294,4,12,431,2017,10,5,22,0,0,1,0,0,0,0,1,3,6,3,0,3,0
13295,4,5,410,2017,10,5,7,0,1,1,0,0,0,0,2,4,2,3,1,3,0
13296,4,7,417,2017,10,5,8,0,1,0,0,0,0,1,2,5,2,3,1,3,0
13297,2,6,218,2017,10,5,7,0,1,1,0,0,0,0,2,5,3,3,1,3,0
13298,3,7,319,2017,10,5,10,0,0,1,0,0,0,1,2,1,7,3,0,3,0
13299,2,11,223,2017,10,3,10,0,0,1,0,0,0,0,1,2,6,3,1,3,0
13300,3,5,317,2017,10,5,11,0,0,1,0,0,0,0,1,2,6,3,0,3,0
13301,2,1,203,2017,10,3,3,0,1,0,0,0,0,0,1,0,1,3,1,3,0
13302,3,1,302,2017,10,5,8,0,1,0,0,0,0,1,2,5,3,3,1,3,0
13303,7,16,717,2017,10,2,6,0,0,1,0,0,0,0,1,2,6,3,0,3,0
13304,1,3,107,2017,10,5,8,0,1,1,0,0,0,0,2,5,3,3,1,3,0
13305,7,9,710,2017,10,2,9,0,0,1,1,0,0,0,2,6,4,3,0,3,0
13306,1,11,128,2017,10,2,19,0,0,1,0,0,0,0,1,4,2,3,0,3,0
13307,1,1,101,2017,10,5,6,0,0,1,0,0,0,0,1,2,6,3,0,3,0
13308,1,5,114,2017,10,5,17,0,0,1,0,0,0,0,1,5,3,3,0,3,0
13309,1,16,137,2017,10,4,11,0,0,0,1,0,0,1,2,0,4,3,1,3,0
13310,6,2,602,2017,10,4,11,0,0,1,1,0,0,0,2,6,4,3,1,2,1
13311,1,12,130,2017,10,4,7,0,0,1,1,0,0,0,2,6,6,3,1,3,0
13312,5,5,513,2017,10,4,18,0,0,1,1,0,0,0,2,6,4,3,0,3,0
13313,5,2,506,2017,10,4,19,0,1,1,0,0,0,0,2,4,2,3,0,3,0
13314,1,11,128,2017,10,2,9,0,0,1,0,0,0,1,2,2,6,3,0,3,0
13315,5,2,508,2017,10,4,8,0,1,1,0,0,0,0,2,5,3,3,1,2,1
13316,4,10,429,2017,10,4,8,0,1,0,0,0,0,0,1,2,2,3,1,3,0
13317,5,16,524,2017,10,4,7,0,1,1,0,0,0,0,2,5,2,3,0,3,0
13318,1,12,130,2017,10,2,10,0,1,1,0,0,0,0,2,5,3,3,0,2,1
13319,4,10,429,2017,10,2,9,0,0,1,0,0,0,0,1,1,2,3,0,3,0
13320,5,11,519,2017,10,2,17,0,1,0,1,0,0,0,2,6,7,3,0,3,0
13321,5,14,522,2017,10,2,19,0,0,1,0,0,0,0,1,4,6,3,0,3,0
13322,5,17,525,2017,10,4,16,0,0,1,0,0,0,0,1,5,3,3,1,3,0
13323,4,5,411,2017,10,2,12,0,0,1,0,0,0,1,2,2,6,3,0,3,0
13324,4,10,427,2017,10,2,16,0,1,1,0,0,0,0,2,5,2,3,0,3,0
13325,5,12,520,2017,10,4,17,0,0,1,0,1,0,0,2,0,7,3,1,3,0
13326,2,11,223,2017,10,2,13,0,1,1,0,0,0,0,2,5,2,3,0,2,1
13327,2,9,221,2017,10,2,8,0,1,1,0,0,0,0,2,0,5,3,0,2,1
13328,4,13,432,2017,10,4,16,0,0,1,0,0,0,1,2,2,6,3,1,3,0
13329,3,5,317,2017,10,2,15,0,1,1,0,0,0,0,2,5,3,3,0,3,0
13330,4,11,430,2017,10,4,18,0,1,1,0,0,0,0,2,5,3,3,0,3,0
13331,3,2,311,2017,10,2,17,0,0,1,0,1,0,0,2,2,6,3,0,2,1
13332,3,1,309,2017,10,2,8,0,0,1,0,0,0,0,1,5,3,3,0,3,0
13333,4,10,427,2017,10,4,20,0,0,1,0,0,0,0,1,4,2,3,0,3,0
13334,2,3,208,2017,10,2,16,0,0,1,0,0,0,0,1,2,6,3,0,3,0
13335,1,1,102,2017,10,2,10,0,1,1,0,0,0,0,2,3,2,3,0,3,0
13336,7,10,711,2017,10,1,22,0,0,1,1,0,0,0,2,6,4,3,0,3,0
13337,7,8,709,2017,10,1,18,0,0,1,0,0,0,0,1,4,2,3,0,3,0
13338,4,7,416,2017,10,4,10,0,0,1,0,1,0,0,2,3,2,3,1,3,0
13339,2,5,216,2017,10,4,21,0,1,1,0,0,0,0,2,1,5,3,0,3,0
13340,3,8,320,2017,10,4,10,0,0,1,0,0,0,0,1,4,2,3,1,3,0
13341,3,1,303,2017,10,4,8,0,1,1,0,0,0,0,2,0,7,3,1,3,0
13342,3,5,317,2017,10,4,10,0,0,1,1,1,0,0,3,3,6,3,1,3,0
13343,4,3,406,2017,10,4,7,0,0,1,1,0,0,0,2,0,4,3,1,3,0
13344,3,1,305,2017,10,4,13,0,1,0,0,0,0,0,1,0,7,3,1,3,0
13345,2,4,214,2017,10,4,22,0,1,1,0,0,0,0,2,5,3,3,0,3,0
13346,3,3,313,2017,10,4,13,0,1,1,0,0,0,0,2,4,2,3,1,3,0
13347,2,2,207,2017,10,4,14,0,1,1,0,0,0,0,2,1,5,3,1,3,0
13348,1,1,101,2017,10,4,8,0,0,1,0,0,0,1,2,2,6,3,1,3,0
13349,1,5,114,2017,10,4,10,0,0,0,1,0,0,1,2,6,3,3,1,3,0
13350,1,5,114,2017,10,4,11,0,0,1,0,1,0,0,2,0,3,3,1,3,0
13351,7,10,711,2017,10,3,21,0,0,1,0,0,0,0,1,2,6,3,0,3,0
13352,5,2,507,2017,10,3,9,0,1,1,0,0,0,0,2,5,3,3,1,3,0
13353,1,3,107,2017,10,3,8,0,1,1,0,0,0,0,2,5,3,3,1,3,0
13354,1,19,140,2017,10,3,7,0,0,1,1,0,0,0,2,6,3,3,0,3,0
13355,7,4,705,2017,10,2,20,0,0,0,0,1,0,0,1,0,1,3,1,3,0
13356,6,13,614,2017,10,2,17,0,0,0,0,1,0,1,2,0,7,3,1,3,0
13357,6,1,601,2017,10,2,9,0,0,1,0,1,0,0,2,5,3,3,0,3,0
13358,6,2,602,2017,10,1,11,0,0,1,1,0,0,0,2,6,4,3,0,3,0
13359,1,12,130,2017,10,2,21,0,0,1,0,0,0,0,1,5,3,3,1,3,0
13360,5,18,526,2017,10,1,14,0,0,1,0,0,0,0,1,1,7,3,1,3,0
13361,1,12,130,2017,10,2,10,0,0,1,0,0,0,0,1,3,7,3,0,3,0
13362,5,5,513,2017,10,1,18,0,0,1,0,0,0,0,1,5,7,3,0,3,0
13363,1,8,125,2017,10,2,21,0,1,1,0,0,0,0,2,5,3,3,1,3,0
13364,5,17,525,2017,10,1,6,0,0,1,0,0,0,1,2,1,1,3,1,2,1
13365,4,5,408,2017,10,1,10,0,0,1,0,0,0,0,1,1,6,3,1,3,0
13366,5,18,526,2017,10,2,18,0,0,1,1,0,0,0,2,6,4,3,0,2,1
13367,4,6,414,2017,10,1,12,0,0,1,0,0,0,0,1,3,6,3,1,2,1
13368,2,5,215,2017,10,1,13,0,0,1,0,0,0,0,1,4,2,3,0,3,0
13369,5,2,506,2017,10,2,22,0,1,1,0,0,0,0,2,4,2,3,1,3,0
13370,3,7,319,2017,10,1,11,0,1,1,0,0,0,0,2,5,3,3,0,3,0
13371,3,5,317,2017,10,1,1,0,0,1,0,0,0,0,1,3,6,3,1,3,0
13372,5,2,508,2017,10,2,19,0,0,1,0,1,0,0,2,0,3,3,1,3,0
13373,7,10,711,2017,10,7,17,0,0,1,0,0,0,0,1,5,3,3,1,3,0
13374,4,11,430,2017,10,2,12,0,0,1,0,1,0,0,2,4,7,3,1,3,0
13375,5,10,518,2017,10,2,13,0,0,1,0,0,0,1,2,2,6,3,0,3,0
13376,6,1,601,2017,10,7,10,0,0,1,0,0,0,0,1,5,3,3,0,3,0
13377,5,10,518,2017,10,2,15,0,0,1,0,0,0,0,1,5,2,3,0,3,0
13378,4,4,407,2017,10,2,17,0,1,1,0,0,0,0,2,5,2,3,1,3,0
13379,6,5,606,2017,10,7,10,0,0,1,1,0,0,0,2,6,6,3,0,3,0
13380,1,11,129,2017,10,7,13,0,0,1,0,0,0,0,1,5,2,3,0,3,0
13381,1,11,128,2017,10,7,20,0,0,1,1,0,0,0,2,6,2,3,1,3,0
13382,5,4,512,2017,10,7,12,0,0,1,0,0,0,0,1,9,7,3,1,3,0
13383,5,3,510,2017,10,7,0,0,0,1,0,0,0,1,2,4,7,3,1,3,0
13384,2,8,220,2017,10,7,10,0,0,1,0,0,0,1,2,2,6,3,0,3,0
13385,2,5,216,2017,10,7,17,0,1,1,0,0,0,0,2,5,3,3,1,3,0
13386,2,8,220,2017,10,7,17,0,0,1,0,0,0,0,1,3,6,3,1,3,0
13387,2,8,220,2017,10,7,12,0,0,1,0,0,0,1,2,2,6,3,1,3,0
13388,1,4,109,2017,10,7,2,0,0,1,0,0,0,0,1,8,1,3,1,3,0
13389,4,5,408,2017,10,2,11,0,0,1,0,1,0,0,2,5,3,3,1,3,0
13390,4,5,410,2017,10,2,8,0,0,1,0,0,0,0,1,5,2,3,0,3,0
13391,4,10,427,2017,10,2,22,0,1,1,0,0,0,0,2,3,2,3,1,3,0
13392,4,8,418,2017,10,2,19,0,1,1,0,0,0,0,2,4,2,3,1,3,0
13393,4,10,427,2017,10,2,14,0,1,1,0,0,0,0,2,3,2,3,0,3,0
13394,4,8,421,2017,10,2,17,0,0,0,0,1,0,0,1,0,7,3,1,3,0
13395,2,4,212,2017,10,2,16,0,0,1,0,1,0,0,2,1,6,3,1,3,0
13396,3,7,319,2017,10,2,10,0,1,1,0,0,0,0,2,5,3,3,1,3,0
13397,2,3,210,2017,10,2,19,0,1,1,0,0,0,0,2,3,5,3,1,2,1
13398,2,1,202,2017,10,2,16,0,1,1,0,0,0,0,2,5,3,3,1,3,0
13399,1,3,106,2017,10,7,23,0,0,1,0,0,0,0,1,2,6,3,1,3,0
13400,1,4,109,2017,10,2,18,0,1,1,0,0,0,0,2,5,3,3,1,3,0
13401,7,1,701,2017,10,6,18,0,0,1,1,0,0,0,2,6,4,3,1,2,1
13402,1,3,108,2017,10,2,21,0,1,0,0,1,0,0,2,5,3,3,1,3,0
13403,7,1,702,2017,10,6,17,0,0,1,0,0,0,0,1,5,7,3,0,3,0
13404,1,3,108,2017,10,2,1,0,0,1,0,0,0,0,1,3,6,3,0,3,0
13405,1,19,140,2017,10,2,16,0,0,1,0,0,0,0,1,2,6,3,1,3,0
13406,1,8,121,2017,10,6,11,0,0,1,0,0,0,0,1,1,6,3,0,3,0
13407,1,8,123,2017,10,6,4,0,0,1,0,0,0,0,1,5,3,3,1,3,0
13408,7,1,702,2017,10,1,18,0,0,0,0,0,0,1,1,5,3,3,0,2,1
13409,5,4,512,2017,10,6,15,0,1,1,0,0,0,0,2,5,3,3,0,3,0
13410,5,3,510,2017,10,6,8,0,1,1,0,0,0,0,2,5,3,3,1,3,0
13411,1,16,137,2017,10,1,15,0,0,1,0,0,0,0,1,9,1,3,0,3,0
13412,5,2,507,2017,10,6,19,0,0,1,0,0,0,0,1,5,3,3,1,3,0
13413,5,2,505,2017,10,6,17,0,0,1,0,1,0,0,2,1,5,3,0,3,0
13414,6,14,615,2017,10,1,3,0,0,1,0,0,0,0,1,1,1,3,1,3,0
13415,5,12,520,2017,10,6,9,0,0,1,0,0,0,1,2,1,6,3,0,3,0
13416,6,1,601,2017,10,1,19,0,0,1,1,0,0,0,2,6,4,3,0,2,1
13417,4,8,420,2017,10,6,15,0,0,0,0,0,0,1,1,0,7,3,0,3,0
13418,1,11,129,2017,10,1,12,0,0,1,1,0,0,0,2,6,4,3,0,3,0
13419,1,8,123,2017,10,1,12,0,0,1,0,0,0,0,1,2,6,3,0,3,0
13420,5,16,524,2017,10,1,13,0,1,1,0,0,0,0,2,5,2,3,0,2,1
13421,4,6,415,2017,10,1,13,0,1,1,0,0,0,0,2,0,5,3,1,3,0
13422,5,3,511,2017,11,4,16,0,0,1,0,0,0,1,2,2,2,3,1,3,0
13423,5,2,509,2017,11,4,7,0,0,1,1,0,0,0,2,6,4,3,1,3,0
13424,5,11,519,2017,11,4,13,0,0,0,0,0,0,1,1,5,3,3,1,3,0
13425,5,17,525,2017,11,4,7,0,1,1,0,0,0,0,2,5,3,3,1,3,0
13426,4,10,428,2017,11,4,15,0,1,1,0,0,0,0,2,1,5,3,1,3,0
13427,4,7,416,2017,11,4,18,0,0,1,0,0,0,0,1,1,6,3,1,3,0
13428,5,1,503,2017,11,4,22,0,0,1,0,0,0,0,1,1,5,3,0,2,1
13429,3,9,321,2017,11,4,17,0,0,1,0,1,0,0,2,5,2,3,1,2,1
13430,2,14,227,2017,11,4,8,0,1,1,0,0,0,0,2,5,3,3,1,3,0
13431,3,8,320,2017,11,4,19,0,0,0,0,0,0,1,1,1,5,3,0,3,0
13432,3,2,312,2017,11,4,22,0,0,1,0,0,0,0,1,1,6,3,1,3,0
13433,3,2,312,2017,11,4,19,0,0,0,0,0,0,1,1,5,3,3,1,3,0
13434,1,5,113,2017,11,4,17,0,0,1,1,0,0,0,2,0,4,3,1,3,0
13435,1,20,141,2017,11,3,6,0,0,1,1,0,0,0,2,6,4,3,1,2,1
13436,7,14,715,2017,11,3,12,0,0,0,1,0,0,1,2,6,3,3,1,3,0
13437,7,1,701,2017,11,3,16,0,1,1,0,0,0,0,2,5,2,3,1,2,1
13438,1,16,136,2017,11,3,7,0,0,1,0,0,0,0,1,5,3,3,0,3,0
13439,1,15,134,2017,11,3,19,0,0,1,1,0,0,0,2,6,2,3,1,3,0
13440,6,2,602,2017,11,3,8,0,0,1,0,0,0,0,1,2,6,3,0,3,0
13441,1,11,128,2017,11,3,13,0,0,1,0,0,0,0,1,5,3,3,1,3,0
13442,1,11,129,2017,11,3,20,0,0,1,1,0,0,0,2,6,2,3,1,2,1
13443,1,11,129,2017,11,3,13,0,0,1,0,0,0,0,1,2,2,3,1,3,0
13444,1,8,127,2017,11,3,18,0,0,1,1,0,0,0,2,6,2,3,1,2,1
13445,5,18,526,2017,11,3,10,0,1,1,0,0,0,0,2,5,3,3,1,3,0
13446,4,9,424,2017,11,3,12,0,0,1,0,0,0,0,1,5,3,3,1,3,0
13447,5,2,508,2017,11,3,7,0,1,1,0,0,0,0,2,5,3,3,1,3,0
13448,4,13,432,2017,11,3,7,0,0,1,0,0,0,0,1,5,3,3,1,3,0
13449,4,11,430,2017,11,3,19,0,0,1,1,0,0,0,2,6,4,3,1,3,0
13450,4,8,422,2017,11,3,14,0,1,1,0,0,0,0,2,1,5,3,1,3,0
13451,2,7,219,2017,11,3,17,0,1,1,0,0,0,0,2,5,3,3,1,3,0
13452,2,6,218,2017,11,3,9,0,1,0,0,0,0,0,1,0,7,3,0,3,0
13453,4,3,406,2017,11,3,9,0,1,0,0,0,0,1,2,5,3,3,1,2,1
13454,3,1,309,2017,11,3,22,0,0,1,0,0,0,0,1,2,6,3,1,3,0
13455,3,2,311,2017,11,3,12,0,1,0,1,0,0,0,2,6,3,3,1,3,0
13456,1,4,112,2017,11,3,19,0,0,1,1,0,0,0,2,6,4,3,1,3,0
13457,1,1,101,2017,11,3,15,0,1,1,0,0,0,0,2,5,3,3,1,3,0
13458,1,3,108,2017,11,3,16,0,0,1,1,0,0,0,2,6,7,3,1,3,0
13459,1,19,140,2017,11,2,5,0,0,1,0,0,0,0,1,2,6,3,1,3,0
13460,7,2,703,2017,11,2,12,0,0,1,0,0,0,0,1,2,6,3,1,3,0
13461,6,6,607,2017,11,2,17,0,0,1,0,0,0,0,1,1,6,3,0,3,0
13462,6,1,601,2017,11,2,10,0,0,1,1,0,0,0,2,6,4,3,1,3,0
13463,1,12,130,2017,11,2,18,0,0,1,1,0,0,0,2,6,2,3,0,3,0
13464,5,18,526,2017,11,2,13,0,1,0,0,0,0,1,2,5,3,3,1,3,0
13465,5,18,526,2017,11,2,9,0,1,1,0,0,0,0,2,5,3,3,1,3,0
13466,5,7,515,2017,11,2,17,0,0,1,0,0,0,0,1,2,7,3,1,3,0
13467,5,7,515,2017,11,2,12,0,1,1,0,0,0,0,2,5,3,3,1,3,0
13468,5,12,520,2017,11,2,8,0,0,1,0,0,0,0,1,1,6,3,1,3,0
13469,4,13,432,2017,11,2,16,0,0,1,0,0,0,0,1,2,6,3,1,3,0
13470,4,13,432,2017,11,2,12,0,1,1,0,0,0,0,2,5,3,3,1,3,0
13471,4,5,408,2017,11,2,13,0,1,0,0,0,0,0,1,3,6,3,1,3,0
13472,4,8,419,2017,11,2,9,0,0,1,0,0,0,0,1,3,6,3,1,3,0
13473,4,8,421,2017,11,2,10,0,1,1,0,0,0,0,2,5,3,3,1,3,0
13474,2,9,221,2017,11,2,15,0,0,1,0,1,0,0,2,5,3,3,1,3,0
13475,2,7,219,2017,11,2,9,0,0,1,0,0,0,0,1,2,6,3,1,3,0
13476,2,8,220,2017,11,2,8,0,0,1,0,0,0,0,1,2,6,3,1,3,0
13477,3,5,317,2017,11,2,8,0,0,1,0,0,0,0,1,2,2,3,1,3,0
13478,2,3,209,2017,11,2,16,0,1,1,0,0,0,0,2,0,5,3,1,3,0
13479,1,1,101,2017,11,2,14,0,0,1,0,1,0,0,2,0,6,3,1,3,0
13480,1,3,108,2017,11,2,13,0,0,1,0,0,0,0,1,5,7,3,1,3,0
13481,5,6,514,2017,11,1,19,0,0,1,0,0,0,0,1,5,3,3,0,3,0
13482,5,18,526,2017,11,1,18,0,0,1,0,0,0,0,1,1,5,3,0,2,1
13483,5,4,512,2017,11,1,2,0,0,1,0,0,0,0,1,4,6,3,1,3,0
13484,5,16,524,2017,11,1,5,0,0,1,0,0,0,0,1,9,1,3,1,3,0
13485,2,13,226,2017,11,1,19,0,0,1,0,0,0,0,1,1,5,3,1,3,0
13486,2,5,215,2017,11,1,19,0,0,1,1,0,0,0,2,6,4,3,1,3,0
13487,3,1,307,2017,11,1,18,0,0,1,0,0,0,0,1,2,6,3,0,3,0
13488,2,1,202,2017,11,1,9,0,0,1,0,0,0,0,1,2,6,3,1,3,0
13489,3,2,312,2017,11,1,9,0,0,1,0,0,0,0,1,5,3,3,1,3,0
13490,2,2,207,2017,11,1,18,0,1,1,0,0,0,0,2,3,6,3,0,3,0
13491,2,1,201,2017,11,1,7,0,0,1,0,0,0,0,1,3,7,3,1,3,0
13492,7,14,715,2017,11,7,11,0,1,1,0,0,0,0,2,4,7,3,0,3,0
13493,7,7,708,2017,11,7,13,0,0,1,0,0,0,0,1,1,6,3,1,3,0
13494,6,1,601,2017,11,7,18,0,0,1,0,0,0,0,1,5,3,3,1,3,0
13495,5,4,512,2017,11,7,15,0,0,1,0,0,0,0,1,5,3,3,1,3,0
13496,5,3,510,2017,11,7,15,0,0,1,0,0,0,0,1,2,6,3,1,3,0
13497,5,11,519,2017,11,7,10,0,0,1,0,0,0,0,1,4,6,3,1,2,1
13498,4,4,407,2017,11,7,13,0,0,1,0,0,0,0,1,5,3,3,1,3,0
13499,5,1,501,2017,11,7,17,0,0,1,0,0,0,0,1,2,6,3,1,3,0
13500,2,12,225,2017,11,7,7,0,0,1,0,0,0,0,1,1,1,3,0,3,0
13501,2,5,217,2017,11,7,11,0,0,0,1,0,0,1,2,6,7,3,1,3,0
13502,2,4,212,2017,11,7,11,0,0,1,0,0,0,0,1,5,3,3,1,3,0
13503,2,5,215,2017,11,7,16,0,0,1,0,0,0,1,2,5,2,3,1,3,0
13504,3,7,319,2017,11,7,17,0,0,1,0,0,0,0,1,1,5,3,1,3,0
13505,1,4,112,2017,11,7,20,0,1,1,0,0,0,1,3,1,5,3,1,3,0
13506,1,3,108,2017,11,7,22,0,0,0,1,0,0,1,2,6,4,3,1,2,1