SN,District,Imperial_Circle,Community,Year,Month,Weekday,Hour,Road,Cycle,Car,Pedestrians,Motorcycle,Goods Vehicle,Others,Total,Collision Type,Accident Type,Light Condition,Road Condition,Accident_Severity,Tend_to_Death
13798,4,7,416,2017,11,6,12,0,0,1,0,0,0,0,1,2,6,3,0,3,0
13799,3,8,320,2017,11,6,10,0,1,0,1,0,0,0,2,0,4,3,0,2,1
13800,2,5,216,2017,11,6,20,0,1,1,0,0,0,0,2,5,7,3,0,3,0
13801,4,2,403,2017,11,6,12,0,1,0,0,0,0,0,1,0,7,3,0,3,0
13802,4,1,401,2017,11,6,12,0,1,0,0,0,0,0,1,0,1,3,0,3,0
13803,2,3,210,2017,11,6,10,0,1,0,0,0,0,1,2,0,2,3,0,3,0
13804,3,2,312,2017,11,6,19,0,0,1,0,0,0,1,2,3,6,3,0,3,0
13805,6,5,606,2017,11,5,17,0,1,1,0,0,0,0,2,5,2,3,1,3,0
13806,4,6,415,2017,11,5,18,0,0,1,0,0,0,0,1,2,6,3,1,3,0
13807,6,9,610,2017,11,5,14,0,0,1,0,0,0,1,2,5,3,3,1,2,1
13808,2,14,227,2017,11,5,8,0,0,1,0,0,0,0,1,5,3,3,0,3,0
13809,1,6,118,2017,11,5,7,0,0,0,0,1,0,0,1,0,1,3,1,3,0
13810,2,11,223,2017,11,5,16,0,1,0,0,0,0,0,1,0,7,3,1,3,0
13811,5,5,513,2017,11,5,19,0,0,1,0,0,0,0,1,3,6,3,0,3,0
13812,5,17,525,2017,11,5,9,0,1,1,0,0,0,0,2,5,3,3,1,3,0
13813,2,8,220,2017,11,5,15,0,1,1,0,0,0,0,2,4,2,3,0,3,0
13814,2,5,215,2017,11,5,17,0,1,1,0,0,0,0,2,4,2,3,1,3,0
13815,4,11,430,2017,11,5,15,0,1,1,0,0,0,0,2,3,2,3,0,3,0
13816,1,1,101,2017,11,5,15,0,0,1,0,1,0,0,2,0,6,3,0,3,0
13817,1,3,107,2017,11,5,7,0,1,0,0,0,0,1,2,4,6,3,0,3,0
13818,4,13,432,2017,11,5,12,0,0,1,0,0,0,1,2,5,7,3,0,3,0
13819,1,5,114,2017,11,5,19,0,0,1,1,0,0,0,2,6,7,3,1,3,0
13820,7,1,701,2017,11,4,9,0,1,0,1,0,0,0,2,6,4,3,1,3,0
13821,4,13,432,2017,11,5,7,0,1,1,0,0,0,0,2,4,6,3,1,3,0
13822,6,1,601,2017,11,4,15,0,1,0,1,0,0,0,2,6,6,3,1,3,0
13823,4,13,432,2017,11,5,7,0,0,1,1,0,0,0,2,6,4,3,1,3,0
13824,1,14,133,2017,11,4,17,0,0,1,0,0,0,0,1,2,6,3,1,3,0
13825,4,4,407,2017,11,5,15,0,0,1,0,0,0,0,1,5,2,3,0,3,0
13826,4,5,408,2017,11,5,17,0,0,1,1,0,0,0,2,6,2,3,1,3,0
13827,4,6,415,2017,11,5,17,0,0,1,0,0,0,0,1,2,6,3,1,3,0
13828,1,6,115,2017,12,3,7,0,0,1,0,0,0,1,2,3,6,3,0,3,0
13829,5,6,514,2017,12,3,18,0,0,1,0,0,0,0,1,2,6,3,1,3,0
13830,5,18,526,2017,12,3,14,0,0,1,0,0,0,0,1,1,7,3,0,3,0
13831,5,4,512,2017,12,3,6,0,0,1,0,0,0,0,1,1,5,3,1,3,0
13832,5,18,526,2017,12,3,8,0,1,0,0,0,0,0,1,0,7,3,1,3,0
13833,5,3,510,2017,12,3,7,0,0,1,0,0,0,0,1,2,6,3,0,3,0
13834,4,10,428,2017,12,3,17,0,0,1,0,0,0,0,1,2,6,3,0,3,0
13835,2,9,221,2017,12,3,17,0,0,1,0,0,0,0,1,2,7,3,1,3,0
13836,2,7,219,2017,12,3,7,0,0,1,1,0,0,0,2,6,4,3,0,3,0
13837,3,1,308,2017,12,3,13,0,0,1,0,0,0,1,2,2,6,3,1,3,0
13838,4,3,406,2017,12,3,7,0,0,1,0,0,0,0,1,1,5,3,1,3,0
13839,3,1,307,2017,12,3,8,0,1,1,0,0,0,0,2,4,2,3,0,3,0
13840,1,3,108,2017,12,3,8,0,1,1,0,0,0,0,2,3,2,3,0,3,0
13841,7,4,705,2017,12,2,11,0,1,1,0,0,0,0,2,5,3,3,0,2,1
13842,6,1,601,2017,12,2,17,0,0,1,0,0,0,0,1,5,3,3,0,3,0
13843,6,3,604,2017,12,2,12,0,0,1,0,0,0,0,1,2,6,3,0,3,0
13844,5,5,513,2017,12,2,10,0,0,1,0,0,0,0,1,4,2,3,0,3,0
13845,5,2,507,2017,12,2,18,0,0,1,0,0,0,0,1,3,6,3,0,3,0
13846,5,2,507,2017,12,2,8,0,0,1,0,0,0,0,1,2,6,3,0,3,0
13847,5,17,525,2017,12,2,15,0,0,1,0,0,0,0,1,4,6,3,0,3,0
13848,5,11,519,2017,12,2,16,0,1,1,0,0,0,0,2,5,3,3,1,3,0
13849,4,11,430,2017,12,2,14,0,0,1,0,0,0,0,1,2,6,3,0,3,0
13850,4,6,414,2017,12,2,17,0,1,1,0,0,0,0,2,3,2,3,0,3,0
13851,5,1,501,2017,12,2,9,0,0,1,0,0,0,0,1,5,7,3,0,3,0
13852,2,5,215,2017,12,2,14,0,0,1,0,0,0,0,1,5,2,3,0,3,0
13853,4,3,406,2017,12,2,18,0,0,1,0,0,0,0,1,5,2,3,0,2,1
13854,2,3,208,2017,12,2,15,0,1,0,1,0,0,0,2,6,6,3,0,3,0
13855,1,16,137,2017,12,2,7,0,0,1,0,0,0,1,2,3,6,3,1,3,0
13856,7,1,702,2017,12,1,5,0,0,1,0,0,0,0,1,4,1,3,2,3,0
13857,7,8,709,2017,12,1,5,0,0,1,0,0,0,0,1,8,1,3,2,2,1
13858,6,5,606,2017,12,1,5,0,0,1,0,0,0,0,1,9,1,3,1,3,0
13859,1,13,131,2017,12,1,17,0,0,1,0,0,0,0,1,1,6,3,0,3,0
13860,1,12,130,2017,12,1,20,0,0,1,1,0,0,0,2,6,7,3,1,3,0
13861,4,11,430,2017,12,1,18,0,0,1,1,0,0,0,2,6,2,3,0,3,0
13862,5,1,502,2017,12,1,17,0,0,1,1,0,0,0,2,6,2,3,1,3,0
13863,4,2,405,2017,12,1,13,0,0,1,0,1,0,0,2,3,2,3,0,3,0
13864,1,4,112,2017,12,1,2,0,0,1,1,0,0,0,2,6,7,3,0,3,0
13865,1,17,138,2017,12,1,12,0,0,1,0,0,0,0,1,5,7,3,0,3,0
13866,6,1,601,2017,12,7,20,0,0,1,0,0,0,0,1,5,2,3,1,3,0
13867,1,12,130,2017,12,7,18,0,0,0,0,0,0,1,1,1,7,3,0,3,0
13868,1,11,128,2017,12,7,12,0,0,1,0,0,0,0,1,8,7,3,0,3,0
13869,5,4,512,2017,12,7,16,0,0,1,0,0,0,0,1,2,2,3,1,3,0
13870,5,7,515,2017,12,7,15,0,1,1,0,0,0,0,2,5,3,3,1,3,0
13871,5,16,524,2017,12,7,15,0,1,1,0,0,0,0,2,5,3,3,1,3,0
13872,4,13,432,2017,12,7,12,0,1,1,0,0,0,0,2,5,2,3,1,3,0
13873,4,8,420,2017,12,7,13,0,0,1,0,0,0,0,1,2,7,3,1,3,0
13874,5,1,502,2017,12,7,13,0,0,1,1,0,0,0,2,6,2,3,0,3,0
13875,4,10,427,2017,12,7,11,0,0,1,0,0,0,1,2,3,6,3,1,3,0
13876,2,6,218,2017,12,7,13,0,1,0,0,0,0,1,2,4,2,3,0,2,1
13877,1,4,111,2017,12,7,3,0,0,1,1,0,0,0,2,6,4,3,1,3,0
13878,7,16,717,2017,12,6,18,0,0,1,0,0,0,0,1,1,5,3,1,2,1
13879,7,14,715,2017,12,6,5,0,0,1,0,0,0,0,1,4,6,3,1,3,0
13880,6,7,608,2017,12,6,15,0,0,1,0,0,0,0,1,5,3,3,0,3,0
13881,5,4,512,2017,12,6,17,0,0,1,1,0,0,0,2,6,4,3,0,2,1
13882,5,2,505,2017,12,6,15,0,0,1,1,0,0,0,2,6,4,3,0,3,0
13883,5,3,510,2017,12,6,19,0,0,1,1,0,0,0,2,8,7,3,0,3,0
13884,5,9,517,2017,12,6,21,0,0,1,0,0,0,0,1,4,6,3,0,2,1
13885,4,12,431,2017,12,6,16,0,0,1,0,0,0,1,2,2,6,3,0,3,0
13886,4,13,432,2017,12,6,13,0,0,1,0,0,0,0,1,1,7,3,0,3,0
13887,2,11,223,2017,12,6,13,0,0,1,1,0,0,0,2,6,4,3,0,2,1
13888,4,1,401,2017,12,6,1,0,1,1,0,0,0,0,2,1,7,3,1,3,0
13889,2,1,206,2017,12,6,12,0,0,1,0,0,0,0,1,2,6,3,0,2,1
13890,3,2,312,2017,12,6,23,0,0,1,0,0,0,0,1,2,6,3,0,3,0
13891,1,4,109,2017,12,6,12,0,0,1,0,0,0,0,1,2,6,3,0,3,0
13892,7,11,712,2017,12,5,14,0,0,1,0,0,0,1,2,5,3,3,1,3,0
13893,1,20,141,2017,12,5,7,0,0,1,1,0,0,0,2,6,4,3,0,3,0
13894,7,8,709,2017,12,5,17,0,0,1,0,0,0,0,1,5,3,3,1,3,0
13895,1,15,134,2017,12,5,18,0,1,0,1,0,0,0,2,6,3,3,0,2,1
13896,1,12,130,2017,12,5,19,0,0,1,1,0,0,0,2,6,4,3,1,3,0
13897,1,12,130,2017,12,5,6,0,0,1,1,0,0,0,2,6,4,3,1,3,0
13898,1,14,132,2017,12,5,14,0,0,1,0,0,0,1,2,4,6,3,1,2,1
13899,5,6,514,2017,12,5,22,0,0,1,0,0,0,0,1,4,2,3,1,3,0
13900,5,2,507,2017,12,5,15,0,0,1,0,0,0,0,1,5,3,3,1,3,0
13901,5,9,517,2017,12,5,17,0,0,1,0,0,0,0,1,4,6,3,1,3,0
13902,4,8,422,2017,12,5,15,0,0,1,0,0,0,0,1,5,3,3,1,3,0
13903,4,10,427,2017,12,5,18,0,1,1,0,0,0,0,2,5,3,3,1,2,1
13904,5,1,504,2017,12,5,13,0,0,1,0,0,0,0,1,5,3,3,1,3,0
13905,3,6,318,2017,12,5,19,0,0,0,1,0,0,1,2,6,2,3,1,2,1
13906,3,5,317,2017,12,5,0,0,1,1,0,0,0,0,2,5,3,3,1,3,0
13907,3,5,317,2017,12,5,11,0,0,1,0,0,0,0,1,5,3,3,0,3,0
13908,3,1,309,2017,12,5,7,0,1,1,0,0,0,0,2,4,2,3,0,3,0
13909,7,13,714,2017,12,4,18,0,0,1,0,0,0,0,1,5,3,3,1,3,0
13910,7,9,710,2017,12,4,7,0,0,1,0,0,0,0,1,2,6,3,2,3,0
13911,1,16,136,2017,12,4,6,0,0,1,0,0,0,0,1,5,2,3,1,3,0
13912,6,2,602,2017,12,4,19,0,1,1,0,0,0,0,2,5,3,3,1,3,0
13913,1,12,130,2017,12,4,8,0,0,1,0,0,0,0,1,0,3,3,2,3,0
13914,1,11,129,2017,12,4,18,0,0,1,1,0,0,0,2,6,2,3,1,3,0
13915,1,8,121,2017,12,4,18,0,0,1,1,0,0,0,2,6,4,3,1,3,0
13916,5,6,514,2017,12,4,13,0,1,1,0,0,0,0,2,5,2,3,1,3,0
13917,5,18,526,2017,12,4,13,0,0,1,0,0,0,0,1,5,3,3,1,3,0
13918,5,7,515,2017,12,4,19,0,0,1,1,0,0,0,2,6,2,3,1,2,1
13919,5,8,516,2017,12,4,17,0,0,1,1,0,0,0,2,6,4,3,1,2,1
13920,5,8,516,2017,12,4,17,0,0,1,1,0,0,0,2,6,2,3,1,3,0
13921,5,7,515,2017,12,4,11,0,1,1,0,0,0,0,2,5,3,3,1,3,0
13922,5,15,523,2017,12,4,20,0,0,1,1,0,0,0,2,0,7,3,1,3,0
13923,4,5,410,2017,12,4,7,0,0,1,0,0,0,0,1,2,6,3,0,3,0
13924,3,9,321,2017,12,4,17,0,1,1,0,0,0,0,2,3,2,3,1,3,0
13925,2,11,224,2017,12,4,18,0,0,1,0,0,0,0,1,1,7,3,1,3,0
13926,2,7,219,2017,12,4,18,0,0,1,1,0,0,0,2,6,4,3,1,2,1
13927,3,5,317,2017,12,4,18,0,0,0,0,1,0,0,1,0,7,3,1,2,1
13928,2,3,209,2017,12,4,14,0,0,1,0,0,0,0,1,5,3,3,1,3,0
13929,1,4,112,2017,12,4,18,0,0,1,0,0,0,0,1,5,3,3,1,3,0
13930,2,1,201,2017,12,4,17,0,0,1,1,0,0,0,2,6,2,3,1,3,0
13931,1,3,107,2017,12,4,9,0,1,1,0,0,0,0,2,5,3,3,0,3,0
13932,1,5,113,2017,12,4,9,0,0,1,0,0,0,1,2,3,7,3,0,3,0
13933,1,17,138,2017,12,4,5,0,0,1,0,0,0,1,2,3,6,3,1,3,0
13934,7,1,702,2017,12,3,11,0,1,1,0,0,0,0,2,1,5,3,0,3,0
13935,6,7,608,2017,12,3,13,0,0,1,0,0,0,0,1,5,3,3,2,3,0
13936,1,12,130,2017,12,3,16,0,0,0,1,0,0,1,2,6,2,3,1,2,1
13937,1,12,130,2017,12,3,16,0,0,1,1,0,0,0,2,6,4,3,1,3,0
13938,1,12,130,2017,12,3,16,0,0,1,1,0,0,0,2,6,4,3,1,3,0
13939,1,7,119,2017,12,3,14,0,1,1,1,0,0,0,3,6,4,3,1,3,0
13940,1,14,132,2017,12,3,13,0,0,1,1,0,0,0,2,6,7,3,1,3,0
13941,5,18,526,2017,12,3,13,0,0,1,0,0,0,0,1,5,3,3,1,3,0
13942,4,10,429,2017,12,3,18,0,0,1,1,0,0,0,2,6,2,3,1,3,0
13943,5,11,519,2017,12,3,17,0,0,0,0,0,0,1,1,0,7,3,0,3,0
13944,5,15,523,2017,12,3,8,0,0,1,0,0,0,0,1,2,6,3,1,3,0
13945,5,1,504,2017,12,3,10,0,0,1,0,0,0,0,1,5,3,3,1,3,0
13946,2,7,219,2017,12,3,17,0,0,1,1,0,0,0,2,6,3,3,1,3,0
13947,2,8,220,2017,12,3,18,0,0,1,0,0,0,0,1,3,6,3,0,3,0
13948,3,5,317,2017,12,3,14,0,1,0,0,0,0,1,2,5,3,3,1,3,0
13949,3,5,317,2017,12,3,7,0,1,1,0,0,0,0,2,0,6,3,1,3,0
13950,3,2,311,2017,12,3,17,0,0,1,0,0,0,0,1,5,7,3,0,3,0
13951,3,2,311,2017,12,3,18,0,1,1,0,0,0,0,2,1,5,3,1,3,0
13952,7,13,714,2017,12,2,6,0,0,1,1,0,0,0,2,6,4,3,1,2,1
13953,7,1,701,2017,12,2,21,0,0,1,1,0,0,0,2,6,2,3,1,3,0
13954,7,10,711,2017,12,2,17,0,0,1,1,0,0,0,2,6,3,3,2,3,0
13955,7,4,705,2017,12,2,14,0,0,1,0,0,0,0,1,2,6,3,1,3,0
13956,1,16,137,2017,12,2,7,0,0,1,0,0,0,0,1,4,2,3,1,3,0
13957,6,1,601,2017,12,2,16,0,0,1,0,0,0,0,1,2,6,3,2,3,0
13958,1,11,128,2017,12,2,18,0,0,1,0,0,0,0,1,0,7,3,1,3,0
13959,1,11,129,2017,12,2,11,0,0,1,0,0,0,0,1,2,6,3,1,3,0
13960,1,14,132,2017,12,2,16,0,0,1,1,0,0,0,2,6,2,3,1,3,0
13961,5,5,513,2017,12,2,17,0,0,1,0,0,0,0,1,3,7,3,1,2,1
13962,5,6,514,2017,12,2,7,0,0,1,1,0,0,0,2,6,2,3,0,3,0
13963,5,18,526,2017,12,2,11,0,0,1,1,0,0,0,2,6,4,3,1,3,0
13964,5,2,509,2017,12,2,5,0,1,0,0,0,0,1,2,1,5,3,1,3,0
13965,2,10,222,2017,12,2,8,0,1,1,0,0,0,0,2,1,5,3,0,3,0
13966,2,8,220,2017,12,2,17,0,0,1,1,0,0,0,2,6,2,3,1,3,0
13967,3,2,312,2017,12,2,14,0,0,1,1,0,0,0,2,2,6,3,1,3,0
13968,3,2,312,2017,12,2,16,0,1,0,1,0,0,0,2,6,6,3,1,2,1
13969,1,3,108,2017,12,2,18,0,0,1,0,0,0,0,1,5,3,3,1,3,0
13970,1,1,101,2017,12,2,12,0,0,1,0,0,0,0,1,4,3,3,1,3,0
13971,1,18,139,2017,12,2,5,0,0,1,0,0,0,1,2,5,6,3,1,3,0
13972,7,14,715,2017,12,1,18,0,0,1,0,0,0,0,1,5,2,3,1,3,0
13973,6,7,608,2017,12,1,19,0,0,1,0,0,0,0,1,8,7,3,1,3,0
13974,4,8,423,2017,12,1,19,0,0,1,0,0,0,0,1,2,6,3,1,3,0
13975,4,6,415,2017,12,1,18,0,1,1,0,0,0,0,2,5,3,3,2,3,0
13976,2,7,219,2017,12,1,8,0,0,1,0,0,0,0,1,2,6,3,1,3,0
13977,1,16,136,2017,12,7,16,0,0,1,0,0,0,1,2,3,6,3,1,3,0
13978,1,7,120,2017,12,7,11,0,0,1,0,0,0,0,1,5,3,3,1,3,0
13979,5,3,510,2017,12,7,16,0,0,1,1,0,0,0,2,6,2,3,1,3,0
13980,5,2,509,2017,12,7,23,0,0,1,0,0,0,0,1,8,1,3,0,3,0
13981,5,2,509,2017,12,7,23,0,0,1,0,0,0,0,1,5,3,3,0,3,0
13982,4,10,426,2017,12,7,3,0,0,1,0,0,0,0,1,9,1,3,1,3,0
13983,3,9,321,2017,12,7,15,0,0,1,0,0,0,0,1,2,6,3,1,3,0
13984,2,6,218,2017,12,7,9,0,0,1,0,0,0,0,1,1,7,3,1,2,1
13985,2,8,220,2017,12,7,16,0,0,1,1,0,0,0,2,6,2,3,1,2,1
13986,3,5,317,2017,12,7,16,0,0,1,1,0,0,0,2,6,3,3,1,3,0
13987,3,5,317,2017,12,7,8,0,0,1,1,0,0,0,2,6,4,3,1,3,0
13988,2,1,201,2017,12,7,4,0,0,1,1,0,0,0,2,6,4,3,1,2,1
13989,2,4,214,2017,12,7,23,0,0,1,0,0,0,0,1,0,7,3,1,3,0
13990,3,2,312,2017,12,7,9,0,0,1,0,0,0,0,1,5,3,3,1,3,0
13991,3,1,310,2017,12,7,2,0,0,1,1,0,0,0,2,6,4,3,1,2,1
13992,1,3,108,2017,12,7,4,0,0,1,0,0,0,0,1,4,2,3,1,3,0
13993,1,5,114,2017,12,7,20,0,0,1,1,0,0,0,2,6,4,3,1,2,1
13994,7,11,712,2017,12,7,10,0,0,1,0,0,0,1,2,4,7,3,1,1,1
13995,7,14,715,2017,12,6,7,0,0,1,1,0,0,0,2,6,2,3,1,3,0
13996,6,1,601,2017,12,6,17,0,0,1,0,0,0,0,1,2,6,3,1,3,0
13997,1,11,128,2017,12,6,23,0,0,1,0,0,0,0,1,3,2,3,1,3,0
13998,1,6,118,2017,12,6,14,0,0,1,0,0,0,0,1,2,6,3,1,3,0
13999,5,5,513,2017,12,6,19,0,0,1,0,0,0,0,1,2,6,3,1,3,0
14000,5,6,514,2017,12,6,16,0,0,1,1,0,0,0,2,6,4,3,1,3,0
14001,5,9,517,2017,12,6,7,0,1,1,0,0,0,0,2,1,5,3,0,3,0
14002,4,11,430,2017,12,6,10,0,0,1,0,0,0,0,1,2,6,3,1,3,0
14003,2,14,227,2017,12,6,10,0,0,0,1,0,0,1,2,6,2,3,1,3,0
14004,2,8,220,2017,12,6,22,0,0,1,0,0,0,0,1,8,1,3,1,2,1
14005,2,8,220,2017,12,6,19,0,0,1,1,0,0,0,2,6,4,3,1,3,0
14006,3,7,319,2017,12,6,16,0,0,1,0,1,0,0,2,2,6,3,1,3,0
14007,4,3,406,2017,12,6,13,0,0,1,0,0,0,0,1,2,6,3,1,3,0
14008,3,5,317,2017,12,6,11,0,1,1,0,0,0,0,2,5,3,3,1,3,0
14009,2,3,210,2017,12,6,16,0,0,1,0,0,0,1,2,1,5,3,1,3,0
14010,3,3,314,2017,12,6,13,0,0,0,1,0,0,1,2,6,4,3,1,2,1
14011,2,2,207,2017,12,6,14,0,1,0,0,0,0,1,2,5,3,3,1,3,0
14012,1,3,108,2017,12,6,23,0,1,0,0,0,0,0,1,3,6,3,2,2,1
14013,1,5,113,2017,12,6,9,0,0,1,0,0,0,0,1,4,2,3,1,3,0
14014,7,14,715,2017,12,5,15,0,0,1,1,0,0,0,2,6,4,3,0,3,0
14015,7,1,702,2017,12,5,16,0,0,1,0,0,0,0,1,5,2,3,1,2,1
14016,1,11,128,2017,12,5,21,0,0,1,0,1,0,0,2,0,3,3,1,3,0
14017,5,18,526,2017,12,5,12,0,0,0,1,0,0,1,2,6,7,3,0,3,0
14018,4,11,430,2017,12,5,18,0,0,1,0,0,0,0,1,2,6,3,1,3,0
14019,5,11,519,2017,12,5,20,0,0,1,0,0,0,1,2,1,6,3,1,3,0
14020,4,4,407,2017,12,5,20,0,0,1,0,0,0,0,1,8,1,3,1,3,0
14021,4,5,410,2017,12,5,16,0,1,0,1,0,0,0,2,6,4,3,1,3,0
14022,4,5,409,2017,12,5,18,0,0,1,1,0,0,0,2,6,4,3,1,3,0
14023,4,5,413,2017,12,5,17,0,0,1,0,0,0,0,1,2,6,3,1,3,0
14024,4,10,427,2017,12,5,18,0,1,1,0,0,0,0,2,3,6,3,1,2,1
14025,3,8,320,2017,12,5,14,0,1,0,0,0,0,1,2,1,5,3,0,3,0
14026,2,8,220,2017,12,5,19,0,0,1,0,0,0,0,1,1,6,3,1,3,0
14027,2,7,219,2017,12,5,19,0,0,1,1,0,0,0,2,6,3,3,1,3,0
14028,1,16,136,2017,12,1,3,0,0,1,1,0,0,0,2,6,7,3,0,3,0
14029,1,14,133,2017,12,1,16,0,0,1,0,0,0,0,1,3,6,3,1,3,0
14030,3,2,311,2017,12,1,18,0,0,1,1,0,0,0,2,6,4,3,1,2,1
14031,1,16,137,2017,12,7,18,0,0,1,1,0,0,0,2,6,4,3,0,3,0
14032,6,1,601,2017,12,7,21,0,0,1,0,0,0,0,1,4,6,3,1,3,0
14033,5,18,526,2017,12,7,16,0,0,1,1,0,0,0,2,6,4,3,1,3,0
14034,5,7,515,2017,12,7,18,0,0,0,1,0,0,1,2,6,4,3,1,2,1
14035,4,13,432,2017,12,7,13,0,0,1,0,0,0,0,1,5,3,3,1,3,0
14036,4,8,422,2017,12,7,4,0,0,1,0,0,0,0,1,2,6,3,1,3,0
14037,3,1,309,2017,12,5,13,0,1,0,0,1,0,0,2,5,3,3,0,3,0
14038,1,4,109,2017,12,5,6,0,0,1,0,0,0,1,2,5,3,3,0,3,0
14039,1,8,121,2017,12,4,0,0,0,1,0,0,0,1,2,3,6,3,1,3,0
14040,1,14,132,2017,12,4,9,0,0,1,0,0,0,0,1,1,7,3,0,3,0
14041,5,11,519,2017,12,4,8,0,0,1,0,0,0,0,1,1,6,3,0,3,0
14042,4,7,417,2017,12,4,18,0,0,1,1,0,0,0,2,6,2,3,0,2,1
14043,2,8,220,2017,12,4,9,0,1,0,0,0,0,1,2,4,2,3,1,3,0
14044,2,6,218,2017,12,4,8,0,1,1,0,0,0,0,2,3,6,3,0,3,0
14045,4,2,404,2017,12,4,8,0,0,1,0,0,0,1,2,5,3,3,0,3,0
14046,3,2,311,2017,12,4,16,0,1,0,1,0,0,0,2,6,3,3,0,3,0
14047,3,2,311,2017,12,4,17,0,0,1,0,0,0,1,2,0,6,3,0,3,0
14048,5,1,501,2017,12,7,18,0,0,1,0,0,0,0,1,3,7,3,1,3,0
14049,3,2,312,2017,12,4,7,0,0,1,0,0,0,1,2,2,6,3,0,3,0
14050,1,2,103,2017,12,4,18,0,0,0,1,1,0,0,2,6,7,3,0,3,0
14051,7,13,714,2017,12,3,5,0,0,1,0,0,0,0,1,2,6,3,1,3,0
14052,7,10,711,2017,12,3,17,0,0,1,1,0,0,0,2,6,2,3,0,2,1
14053,7,10,711,2017,12,3,12,0,0,1,1,0,0,0,2,6,4,3,1,3,0
14054,5,5,513,2017,12,3,18,0,0,1,0,0,0,0,1,2,6,3,1,3,0
14055,3,7,319,2017,12,7,20,0,0,1,0,0,0,0,1,2,2,3,0,3,0
14056,5,6,514,2017,12,3,17,0,1,1,0,0,0,0,2,5,3,3,1,3,0
14057,5,2,506,2017,12,3,18,0,0,1,1,0,0,0,2,6,2,3,1,3,0
14058,3,1,309,2017,12,7,23,0,0,1,0,0,0,0,1,5,3,3,0,3,0
14059,5,7,515,2017,12,3,16,0,0,1,0,0,0,0,1,4,2,3,1,3,0
14060,5,17,525,2017,12,3,7,0,1,1,0,0,0,0,2,5,2,3,1,3,0
14061,3,1,309,2017,12,7,23,0,0,1,1,0,0,0,2,6,2,3,1,3,0
14062,1,3,108,2017,12,7,21,0,0,1,0,0,0,0,1,4,1,3,1,3,0
14063,5,1,502,2017,12,3,21,0,0,1,0,0,0,0,1,5,3,3,1,3,0
14064,1,5,113,2017,12,7,12,0,0,1,0,0,0,0,1,3,7,3,1,3,0
14065,4,10,426,2017,12,3,10,0,0,0,1,0,0,1,2,6,4,3,1,2,1
14066,6,1,601,2017,12,6,13,0,0,1,0,0,0,1,2,3,7,3,0,3,0
14067,5,1,502,2017,12,3,9,0,0,0,1,0,0,1,2,6,6,3,1,3,0
14068,6,2,603,2017,12,6,17,0,1,1,0,0,0,0,2,1,7,3,0,3,0
14069,6,1,601,2017,12,6,19,0,0,1,1,0,0,0,2,6,2,3,0,3,0
14070,1,12,130,2017,12,6,17,0,0,1,0,0,0,0,1,2,6,3,0,3,0
14071,4,8,423,2017,12,3,15,0,0,1,0,1,0,0,2,1,7,3,1,2,1
14072,1,8,126,2017,12,6,16,0,1,1,0,0,0,0,2,5,3,3,0,3,0
14073,5,5,513,2017,12,6,20,0,0,1,0,0,0,0,1,4,6,3,1,3,0
14074,5,5,513,2017,12,6,7,0,0,1,1,0,0,0,2,6,4,3,0,3,0
14075,4,10,429,2017,12,6,10,0,0,1,0,0,0,0,1,2,6,3,0,3,0
14076,4,8,419,2017,12,6,7,0,0,0,1,0,0,1,2,6,4,3,1,3,0
14077,1,12,130,2017,12,5,10,0,0,1,0,0,0,0,1,2,6,3,1,3,0
14078,5,3,511,2017,12,5,14,0,0,1,0,1,0,0,2,5,3,3,0,3,0
14079,3,6,318,2017,12,3,12,0,1,1,0,0,0,0,2,4,6,3,0,3,0
14080,3,5,317,2017,12,3,16,0,1,1,0,0,0,0,2,5,2,3,1,3,0
14081,1,3,108,2017,12,3,13,0,1,1,0,0,0,0,2,2,6,3,1,3,0
14082,1,3,108,2017,12,3,12,0,0,0,0,1,0,0,1,0,7,3,1,3,0
14083,7,1,701,2017,12,2,21,0,0,1,0,0,0,0,1,1,5,3,1,3,0
14084,7,9,710,2017,12,2,6,0,0,1,0,0,0,0,1,2,6,3,1,3,0
14085,7,10,711,2017,12,2,13,0,1,0,0,0,0,0,1,0,1,3,0,3,0
14086,6,2,602,2017,12,2,19,0,1,1,0,0,0,0,2,0,5,3,1,3,0
14087,6,2,603,2017,12,2,15,0,0,1,0,0,0,0,1,5,3,3,1,3,0
14088,5,7,515,2017,12,5,14,0,0,1,0,0,0,0,1,5,3,3,0,2,1