SN,District,Imperial_Circle,Community,Year,Month,Weekday,Hour,Road,Cycle,Car,Pedestrians,Motorcycle,Goods Vehicle,Others,Total,Collision Type,Accident Type,Light Condition,Road Condition,Accident_Severity,Tend_to_Death
14089,1,12,130,2017,12,2,21,0,0,1,0,0,0,0,1,2,6,3,1,3,0
14090,5,18,526,2017,12,2,10,0,1,1,0,0,0,0,2,5,3,3,1,3,0
14091,5,2,509,2017,12,2,11,0,0,1,0,0,0,0,1,5,2,3,0,3,0
14092,5,17,525,2017,12,5,11,0,0,1,0,0,0,1,2,1,6,3,1,3,0
14093,5,2,508,2017,12,2,17,0,0,1,0,0,0,0,1,2,6,3,1,3,0
14094,5,11,519,2017,12,2,10,0,1,1,0,0,0,0,2,5,3,3,1,3,0
14095,5,16,524,2017,12,5,13,0,0,1,0,0,0,0,1,5,3,3,0,3,0
14096,4,3,406,2017,12,2,8,0,0,1,0,0,0,0,1,5,2,3,1,3,0
14097,4,5,408,2017,12,2,8,0,0,1,0,0,0,1,2,3,6,3,0,3,0
14098,3,7,319,2017,12,5,12,0,1,1,0,0,0,0,2,5,7,3,0,2,1
14099,2,5,215,2017,12,2,14,0,1,1,0,0,0,0,2,5,3,3,0,3,0
14100,7,8,709,2017,12,4,15,0,0,1,0,0,0,0,1,4,2,3,0,3,0
14101,1,15,134,2017,12,4,6,0,1,0,0,0,0,1,2,7,7,3,0,3,0
14102,6,2,602,2017,12,4,11,0,0,1,0,0,0,0,1,2,6,3,1,3,0
14103,4,1,401,2017,12,2,8,0,1,1,0,0,0,0,2,5,3,3,1,2,1
14104,5,18,526,2017,12,4,20,0,1,0,1,0,0,0,2,6,7,3,0,3,0
14105,5,18,526,2017,12,4,20,0,0,1,0,0,0,0,1,4,7,3,0,3,0
14106,3,5,317,2017,12,2,6,0,0,1,1,0,0,0,2,6,4,3,1,3,0
14107,2,1,206,2017,12,2,14,0,0,1,0,0,0,0,1,2,6,3,0,3,0
14108,5,18,526,2017,12,4,15,0,0,1,0,0,0,0,1,2,6,3,1,3,0
14109,5,11,519,2017,12,4,12,0,0,1,0,0,0,0,1,1,6,3,1,3,0
14110,4,5,409,2017,12,4,16,0,0,1,0,0,0,0,1,2,2,3,1,3,0
14111,3,8,320,2017,12,4,15,0,0,1,0,0,0,0,1,3,6,3,0,3,0
14112,1,3,107,2017,12,4,12,0,0,1,0,0,0,0,1,3,6,3,0,3,0
14113,1,12,130,2017,12,3,6,0,0,1,1,0,0,0,2,8,4,3,0,3,0
14114,1,12,130,2017,12,3,15,0,0,1,0,1,0,0,2,5,3,3,0,3,0
14115,5,6,514,2017,12,3,13,0,0,1,0,0,0,0,1,5,3,3,0,3,0
14116,5,5,513,2017,12,3,23,0,0,1,0,0,0,0,1,4,2,3,0,3,0
14117,2,11,223,2017,12,3,8,0,0,1,0,0,0,0,1,9,1,3,0,3,0
14118,1,1,102,2017,12,3,14,0,0,1,0,0,0,0,1,4,2,3,0,3,0
14119,1,13,131,2017,12,2,6,0,0,1,0,0,0,0,1,4,2,3,0,3,0
14120,4,9,425,2017,12,2,18,0,0,1,0,0,0,0,1,4,2,3,0,3,0
14121,2,4,214,2017,12,2,16,0,0,1,0,0,0,0,1,2,6,3,0,3,0
14122,3,2,312,2017,12,2,10,0,0,1,0,0,0,0,1,2,6,3,0,3,0
14123,3,2,311,2017,12,2,18,0,0,1,1,0,0,0,2,6,4,3,1,3,0
14124,6,1,601,2017,12,1,18,0,0,1,0,0,0,0,1,4,6,3,1,3,0
14125,2,9,221,2017,12,1,12,0,0,1,0,0,0,0,1,3,2,3,1,3,0
14126,2,4,211,2017,12,1,13,0,0,1,0,0,0,0,1,5,3,3,1,3,0
14127,3,2,311,2017,12,1,18,0,0,1,0,0,0,0,1,0,7,3,1,3,0
14128,1,1,102,2017,12,1,16,0,0,1,0,0,0,0,1,2,7,3,1,3,0
14129,6,1,601,2017,12,7,4,0,0,1,0,0,0,1,2,4,6,3,0,3,0
14130,1,8,123,2017,12,7,15,0,0,1,0,0,0,0,1,4,2,3,0,3,0
14131,4,10,428,2017,12,7,10,0,0,1,0,0,0,0,1,5,3,3,0,3,0
14132,2,6,218,2017,12,7,23,0,0,1,0,0,0,0,1,0,7,3,0,3,0
14133,5,12,520,2017,12,2,22,0,0,1,1,0,0,0,2,6,2,3,0,2,1
14134,2,8,220,2017,12,7,13,0,1,1,0,0,0,0,2,5,3,3,0,3,0
14135,5,4,512,2017,12,1,12,0,0,1,1,0,0,0,2,6,2,3,1,3,0
14136,5,2,508,2017,12,1,0,0,1,1,0,0,0,0,2,0,3,3,0,3,0
14137,3,4,316,2017,12,7,13,0,0,1,0,0,0,1,2,0,7,3,0,3,0
14138,4,10,426,2017,12,1,14,0,0,1,0,0,0,0,1,5,3,3,1,2,1
14139,3,2,311,2017,12,1,23,0,0,1,1,0,0,0,2,6,4,3,1,2,1
14140,3,4,316,2017,12,7,11,0,1,1,0,0,0,0,2,5,3,3,1,3,0
14141,7,10,711,2017,12,7,16,0,0,1,1,0,0,0,2,6,4,3,1,2,1
14142,6,2,602,2017,12,7,15,0,1,1,0,0,0,0,2,2,7,3,1,3,0
14143,3,1,304,2017,12,7,11,0,1,0,0,0,0,1,2,1,5,3,0,3,0
14144,1,11,129,2017,12,7,23,0,0,1,0,0,0,0,1,5,3,3,1,3,0
14145,2,4,213,2017,12,7,18,0,1,1,0,0,0,0,2,5,2,3,0,3,0
14146,2,1,203,2017,12,7,15,0,0,0,1,0,0,1,2,6,4,3,1,2,1
14147,5,2,507,2017,12,7,18,0,0,1,0,0,0,0,1,2,6,3,1,3,0
14148,1,19,140,2017,12,6,6,0,1,1,0,0,0,0,2,5,3,3,0,3,0
14149,4,13,432,2017,12,7,10,0,0,1,0,0,0,0,1,0,2,3,1,3,0
14150,1,16,137,2017,12,6,12,0,0,1,0,0,0,1,2,3,6,3,1,3,0
14151,4,5,409,2017,12,7,12,0,0,1,0,0,0,0,1,2,2,3,1,3,0
14152,6,1,601,2017,12,6,23,0,0,1,0,1,0,0,2,3,7,3,1,3,0
14153,1,4,112,2017,12,7,18,0,0,1,0,0,0,0,1,5,3,3,1,3,0
14154,1,11,129,2017,12,6,16,0,0,1,0,0,0,0,1,5,2,3,0,3,0
14155,5,18,526,2017,12,6,16,0,1,1,0,0,0,0,2,5,3,3,1,3,0
14156,5,3,511,2017,12,6,6,0,0,1,0,0,0,0,1,5,2,3,1,3,0
14157,1,12,130,2017,12,6,19,0,0,1,0,0,0,0,1,4,2,3,0,3,0
14158,5,2,508,2017,12,6,19,0,0,1,1,0,0,1,3,1,5,3,0,3,0
14159,5,5,513,2017,12,6,14,0,0,1,0,0,0,0,1,1,6,3,1,3,0
14160,5,4,512,2017,12,6,15,0,0,1,0,0,0,0,1,5,3,3,1,3,0
14161,5,12,520,2017,12,6,12,0,1,1,0,0,0,0,2,5,3,3,1,3,0
14162,5,10,518,2017,12,6,13,0,1,1,0,0,0,0,2,5,3,3,0,3,0
14163,4,6,415,2017,12,6,16,0,0,1,0,0,0,0,1,2,6,3,1,3,0
14164,4,10,426,2017,12,6,14,0,0,1,0,0,0,0,1,2,6,3,0,3,0
14165,3,3,314,2017,12,6,19,0,0,1,0,0,0,0,1,1,5,3,0,3,0
14166,1,5,114,2017,12,6,15,0,1,1,1,0,0,0,3,2,4,3,0,3,0
14167,7,13,714,2017,11,5,19,0,0,0,0,1,0,1,2,5,2,3,0,3,0
14168,7,15,716,2017,11,5,11,0,0,0,0,1,0,0,1,8,7,3,0,2,1
14169,1,16,137,2017,11,5,16,0,0,1,0,0,0,0,1,2,6,3,0,3,0
14170,1,11,129,2017,11,5,14,0,0,0,1,0,0,1,2,6,3,3,0,3,0
14171,1,12,130,2017,11,5,17,0,0,1,0,0,0,0,1,4,6,3,1,3,0
14172,1,12,130,2017,11,5,17,0,0,1,0,0,0,1,2,3,6,3,1,3,0
14173,1,11,128,2017,11,5,10,0,0,1,0,0,0,0,1,5,3,3,1,3,0
14174,4,13,432,2017,12,6,6,0,0,1,0,0,0,1,2,2,6,3,0,3,0
14175,1,12,130,2017,11,5,8,0,0,1,0,0,0,0,1,2,6,3,0,3,0
14176,2,5,216,2017,12,6,0,0,0,1,0,0,0,0,1,5,3,3,1,3,0
14177,1,7,119,2017,11,5,7,0,0,1,1,0,0,0,2,6,7,3,1,3,0
14178,2,4,212,2017,12,6,8,0,0,1,0,0,0,0,1,5,3,3,0,3,0
14179,4,10,428,2017,11,5,22,0,0,1,0,0,0,0,1,5,3,3,0,3,0
14180,3,7,319,2017,12,6,15,0,0,1,0,0,0,0,1,5,3,3,1,3,0
14181,3,7,319,2017,12,6,22,0,0,0,0,1,0,0,1,0,7,3,1,3,0
14182,4,11,430,2017,11,5,15,0,0,1,0,1,0,1,3,4,6,3,0,3,0
14183,5,7,515,2017,11,5,8,0,1,1,0,0,0,0,2,5,3,3,0,3,0
14184,4,12,431,2017,11,5,19,0,0,1,0,0,0,0,1,0,7,3,1,3,0
14185,3,8,320,2017,11,5,10,0,0,1,0,0,0,0,1,5,2,3,0,3,0
14186,1,5,113,2017,11,5,17,0,0,1,1,0,0,0,2,6,4,3,1,3,0
14187,1,5,114,2017,11,5,22,0,0,1,0,0,0,0,1,5,3,3,0,3,0
14188,7,12,713,2017,11,5,14,0,0,1,0,0,0,1,2,2,6,3,0,3,0
14189,2,2,207,2017,12,6,12,0,1,0,0,0,0,1,2,1,5,3,1,3,0
14190,7,4,705,2017,11,4,10,0,0,1,0,0,0,1,2,1,6,3,0,3,0
14191,1,16,137,2017,11,4,13,0,0,1,0,0,0,1,2,5,3,3,0,3,0
14192,1,16,137,2017,11,4,11,0,0,1,0,0,0,0,1,5,3,3,2,3,0
14193,2,1,201,2017,12,6,11,0,1,1,0,0,0,0,2,5,3,3,0,3,0
14194,1,4,112,2017,12,6,18,0,0,1,0,1,0,0,2,4,7,3,0,3,0
14195,1,16,137,2017,12,6,14,0,0,1,0,0,0,1,2,1,6,3,0,3,0
14196,5,18,526,2017,12,5,22,0,0,1,0,0,0,1,2,0,3,3,1,2,1
14197,6,1,601,2017,11,4,14,0,1,1,0,0,0,0,2,5,3,3,0,3,0
14198,5,2,508,2017,12,5,18,0,0,1,0,0,0,0,1,1,5,3,0,3,0
14199,5,2,506,2017,12,5,14,0,0,0,1,0,0,1,2,6,2,3,1,3,0
14200,1,11,128,2017,11,4,16,0,1,1,0,0,0,0,2,5,3,3,1,3,0
14201,4,9,425,2017,12,5,15,0,1,1,0,0,0,0,2,1,5,3,1,3,0
14202,5,10,518,2017,12,5,13,0,1,1,0,0,0,0,2,3,3,3,0,2,1
14203,5,6,514,2017,11,4,16,0,0,1,0,1,0,0,2,0,2,3,1,3,0
14204,4,13,432,2017,12,5,23,0,0,1,0,0,0,0,1,5,3,3,1,3,0
14205,5,18,526,2017,11,4,14,0,0,1,0,0,0,0,1,2,6,3,1,3,0
14206,2,8,220,2017,12,5,15,0,1,1,0,0,0,0,2,5,3,3,1,3,0
14207,2,3,208,2017,12,5,2,0,1,0,0,0,0,0,1,8,1,3,1,3,0
14208,5,2,509,2017,11,4,6,0,1,0,0,0,0,1,2,0,7,3,0,3,0
14209,3,3,314,2017,12,5,15,0,0,1,0,0,0,0,1,5,3,3,0,3,0
14210,7,9,710,2017,12,4,12,0,0,1,0,0,0,0,1,2,6,3,1,3,0
14211,7,9,710,2017,12,4,7,0,0,0,0,0,0,1,1,2,6,3,0,3,0
14212,6,1,601,2017,12,4,12,0,1,1,0,0,0,0,2,3,2,3,1,3,0
14213,5,2,505,2017,11,4,16,0,0,1,0,0,0,0,1,2,6,3,0,3,0
14214,4,11,430,2017,11,4,17,0,0,1,1,0,0,0,2,6,2,3,1,3,0
14215,4,5,410,2017,11,4,20,0,0,1,0,0,0,0,1,2,6,3,0,3,0
14216,4,5,410,2017,11,4,20,0,1,0,1,0,0,0,2,6,4,3,1,3,0
14217,4,10,428,2017,11,4,19,0,0,1,0,0,0,0,1,4,2,3,0,3,0
14218,3,9,321,2017,11,4,16,0,0,1,0,0,0,0,1,4,2,3,1,3,0
14219,2,5,215,2017,11,4,21,0,0,0,0,1,0,0,1,0,7,3,1,3,0
14220,2,8,220,2017,11,4,2,0,0,1,0,0,0,0,1,1,5,3,1,3,0
14221,4,2,403,2017,11,4,16,0,1,0,0,0,0,1,2,5,3,3,1,3,0
14222,3,4,315,2017,11,4,15,0,0,1,0,0,0,0,1,2,6,3,1,3,0
14223,2,4,212,2017,11,4,18,0,0,1,1,0,0,0,2,6,4,3,1,2,1
14224,1,1,101,2017,11,4,0,0,0,1,0,0,0,0,1,5,3,3,1,3,0
14225,1,16,137,2017,11,3,11,0,0,1,0,0,0,1,2,5,3,3,1,3,0
14226,6,1,601,2017,11,3,17,0,1,1,0,0,0,0,2,5,2,3,1,3,0
14227,5,6,514,2017,11,3,18,0,0,1,0,0,0,0,1,5,2,3,1,3,0
14228,5,18,526,2017,11,3,18,0,1,1,0,0,0,0,2,5,3,3,1,3,0
14229,5,18,526,2017,11,3,18,0,0,1,1,0,0,0,2,6,2,3,1,2,1
14230,5,18,526,2017,11,3,16,0,0,1,0,0,0,1,2,5,3,3,0,3,0
14231,5,2,505,2017,11,3,11,0,1,1,0,0,0,0,2,3,2,3,1,3,0
14232,5,8,516,2017,11,3,17,0,0,1,0,0,0,0,1,2,6,3,0,3,0
14233,6,1,601,2017,12,4,7,0,0,1,1,0,0,0,2,6,2,3,1,3,0
14234,4,10,429,2017,11,3,16,0,0,1,0,0,0,0,1,5,7,3,1,3,0
14235,1,8,125,2017,12,4,18,0,0,1,1,0,0,0,2,6,7,3,1,3,0
14236,5,11,519,2017,11,3,16,0,0,1,1,0,0,0,2,6,3,3,1,2,1
14237,5,5,513,2017,12,4,11,0,0,1,0,1,0,0,2,4,7,3,1,3,0
14238,5,17,525,2017,11,3,14,0,0,1,0,0,0,0,1,2,6,3,1,3,0
14239,5,8,516,2017,12,4,15,0,1,1,0,0,0,0,2,0,3,3,0,3,0
14240,5,14,522,2017,12,4,16,0,1,1,0,0,0,0,2,5,7,3,1,3,0
14241,5,11,519,2017,11,3,17,0,0,1,1,0,0,0,2,6,2,3,1,2,1
14242,5,17,525,2017,12,4,8,0,1,1,0,0,0,0,2,5,3,3,1,3,0
14243,4,5,408,2017,12,4,18,0,0,1,1,0,0,0,2,6,4,3,1,2,1
14244,4,11,430,2017,11,3,21,0,0,1,0,0,0,0,1,2,6,3,1,3,0
14245,4,5,408,2017,12,4,23,0,0,1,0,0,0,0,1,9,1,3,1,3,0
14246,4,5,410,2017,12,4,9,0,0,1,0,0,0,0,1,2,6,3,1,3,0
14247,4,8,420,2017,11,3,17,0,0,1,0,0,0,0,1,2,6,3,1,3,0
14248,4,5,413,2017,12,4,7,0,1,0,0,0,0,0,1,4,6,3,1,3,0
14249,2,9,221,2017,11,3,17,0,0,1,1,0,0,0,2,6,4,3,1,3,0
14250,2,5,215,2017,11,3,18,0,1,1,0,0,0,0,2,5,3,3,1,3,0
14251,4,8,421,2017,12,4,8,0,1,1,0,0,0,0,2,5,2,3,1,2,1
14252,2,5,216,2017,11,3,12,0,0,1,0,0,0,0,1,1,6,3,1,3,0
14253,3,5,317,2017,11,3,15,0,0,1,1,0,0,0,2,6,4,3,1,3,0
14254,5,1,501,2017,12,4,19,0,0,1,0,0,0,0,1,5,7,3,1,3,0
14255,4,10,427,2017,12,4,7,0,0,1,0,0,0,1,2,1,7,3,1,3,0
14256,3,8,320,2017,12,4,8,0,0,1,0,0,0,0,1,5,3,3,0,3,0
14257,3,8,320,2017,12,4,15,0,0,0,0,1,0,1,2,5,3,3,0,3,0
14258,2,11,223,2017,12,4,7,0,0,1,0,0,0,0,1,2,7,3,1,3,0
14259,2,5,215,2017,12,4,14,0,0,1,0,0,0,0,1,2,6,3,1,3,0
14260,2,7,219,2017,12,4,17,0,0,1,0,0,0,0,1,2,2,3,1,3,0
14261,3,9,321,2017,12,4,20,0,0,1,0,0,0,0,1,4,2,3,1,3,0
14262,2,5,215,2017,12,4,9,0,1,1,0,0,0,0,2,5,3,3,1,3,0
14263,3,4,316,2017,12,4,15,0,0,1,1,0,0,0,2,6,2,3,1,3,0
14264,3,1,305,2017,11,3,13,0,1,0,0,0,0,1,2,0,7,3,1,3,0
14265,2,4,211,2017,11,3,17,0,1,0,1,0,0,0,2,6,4,3,1,3,0
14266,1,1,102,2017,11,3,11,0,0,1,0,0,0,0,1,2,6,3,1,3,0
14267,1,3,105,2017,11,3,16,0,0,1,1,0,0,0,2,6,7,3,1,3,0
14268,1,13,131,2017,11,2,17,0,0,1,1,0,0,0,2,6,4,3,1,3,0
14269,6,1,601,2017,11,2,18,0,0,1,1,0,0,0,2,6,4,3,1,2,1
14270,1,11,129,2017,11,2,16,0,1,1,0,0,0,0,2,5,3,3,1,3,0
14271,1,11,129,2017,11,2,13,0,0,1,0,0,0,0,1,5,2,3,1,3,0
14272,5,18,526,2017,11,2,8,0,1,1,0,0,0,0,2,5,3,3,0,3,0
14273,5,5,513,2017,11,2,18,0,0,1,0,0,0,0,1,5,3,3,1,3,0
14274,3,1,306,2017,12,4,18,0,1,0,1,0,0,0,2,6,6,3,1,3,0
14275,5,6,514,2017,11,2,14,0,1,0,0,0,0,0,1,3,6,3,1,3,0
14276,4,1,401,2017,12,4,19,0,0,1,0,0,0,0,1,1,6,3,1,3,0
14277,4,13,432,2017,11,2,17,0,0,1,0,0,0,0,1,1,5,3,1,3,0
14278,3,1,303,2017,12,4,7,0,1,0,0,0,0,0,1,5,3,3,1,3,0
14279,4,5,413,2017,11,2,12,0,0,1,0,0,0,1,2,1,5,3,1,2,1
14280,3,8,320,2017,11,2,14,0,1,0,0,0,0,1,2,5,3,3,1,3,0
14281,4,3,406,2017,12,4,5,0,0,1,0,0,0,0,1,2,6,3,1,3,0
14282,1,5,114,2017,12,4,14,0,0,1,0,0,0,1,2,2,6,3,0,3,0
14283,2,14,227,2017,11,2,17,0,0,1,1,0,0,0,2,6,4,3,1,2,1
14284,1,5,114,2017,12,4,1,0,0,1,0,0,0,0,1,5,3,3,1,3,0
14285,1,6,115,2017,12,4,20,0,1,0,1,0,0,0,2,6,4,3,1,3,0
14286,2,7,219,2017,11,2,17,0,0,1,0,0,0,0,1,8,7,3,1,3,0
14287,7,9,710,2017,12,3,13,0,0,1,1,0,0,0,2,6,4,3,0,2,1
14288,1,16,136,2017,12,3,19,0,0,1,0,0,0,0,1,9,1,3,1,3,0
14289,2,8,220,2017,11,2,12,0,0,1,0,0,0,1,2,0,3,3,1,3,0
14290,1,14,132,2017,12,3,12,0,0,0,0,1,0,1,2,5,2,3,1,3,0
14291,3,6,318,2017,11,2,11,0,0,1,1,0,0,0,2,6,7,3,1,3,0
14292,1,8,123,2017,12,3,15,0,0,1,0,0,0,0,1,4,2,3,1,3,0
14293,2,4,214,2017,11,2,19,0,0,1,1,0,0,0,2,6,4,3,1,3,0
14294,2,4,211,2017,11,2,8,0,1,0,0,0,0,0,1,4,6,3,0,2,1
14295,2,5,215,2018,5,2,17,0,1,1,0,0,0,0,2,5,2,3,0,3,0
14296,2,5,216,2018,4,4,20,0,1,0,0,0,0,0,1,4,3,3,1,3,0
14297,6,1,601,2018,1,5,6,0,0,0,0,0,0,1,1,2,6,3,1,3,0
14298,7,10,711,2018,2,1,11,0,0,1,0,0,0,0,1,8,1,3,1,2,1
14299,4,7,417,2018,4,6,18,0,1,1,0,0,0,0,2,5,2,3,0,3,0
14300,3,4,316,2018,3,1,14,0,0,1,0,0,0,0,1,2,7,3,0,2,1
14301,1,16,136,2018,4,7,12,0,0,1,0,1,0,0,2,3,6,3,0,3,0
14302,7,14,715,2018,1,2,18,0,0,1,0,0,0,0,1,3,6,3,1,3,0
14303,1,12,130,2018,3,7,8,0,0,1,0,0,0,0,1,2,2,3,0,3,0
14304,3,6,318,2018,5,3,9,0,1,0,0,0,0,0,1,5,3,3,0,3,0
14305,1,6,115,2018,4,3,6,0,0,1,0,0,0,0,1,3,6,3,0,3,0
14306,1,6,115,2018,1,1,6,0,0,1,0,0,0,1,2,1,6,3,1,3,0
14307,2,5,215,2018,2,2,21,0,0,1,0,0,1,0,2,5,7,3,0,2,1
14308,2,3,209,2018,1,4,19,0,1,0,0,0,0,1,2,3,6,3,1,2,1
14309,7,1,702,2018,5,6,10,0,0,1,0,0,1,0,2,3,6,3,0,3,0
14310,1,6,115,2018,3,6,14,0,0,1,0,0,0,1,2,3,6,3,0,3,0
14311,1,16,136,2018,1,2,6,0,0,1,0,0,0,0,1,9,1,3,2,3,0
14312,3,1,306,2018,2,6,7,0,0,1,0,0,0,1,2,1,6,3,0,3,0
14313,7,10,711,2018,4,4,7,0,0,1,1,0,0,0,2,6,2,3,1,3,0
14314,1,14,132,2018,3,4,11,0,0,1,0,0,0,0,1,1,6,3,0,3,0
14315,3,5,317,2018,4,4,20,0,1,0,1,0,0,0,2,6,3,3,0,3,0
14316,7,14,715,2018,1,6,13,0,1,1,0,0,0,0,2,5,3,3,0,3,0
14317,3,9,321,2018,3,6,8,0,0,1,0,0,0,0,1,1,6,3,0,3,0
14318,3,6,318,2018,5,6,21,0,0,1,0,0,0,0,1,9,1,3,0,3,0
14319,4,5,409,2018,4,6,9,0,0,0,1,0,0,1,2,6,4,3,0,2,1
14320,3,9,321,2018,1,2,17,0,0,1,0,0,0,1,2,2,6,3,1,3,0
14321,1,16,136,2018,5,5,12,0,0,1,0,0,0,0,1,2,6,3,0,3,0
14322,3,9,321,2018,3,6,14,0,0,1,0,0,0,0,1,2,6,3,0,3,0
14323,1,16,136,2018,5,7,18,0,0,1,0,0,0,0,1,2,6,3,0,2,1
14324,2,5,217,2018,4,2,10,0,0,1,0,0,0,0,1,2,2,3,0,3,0
14325,1,3,106,2018,1,6,15,0,0,1,0,0,0,0,1,2,6,3,1,3,0
14326,4,7,417,2018,2,5,15,0,1,1,0,0,0,0,2,5,2,3,1,3,0
14327,2,3,208,2018,1,2,3,0,0,1,1,0,0,0,2,6,4,3,1,3,0
14328,1,4,111,2018,5,6,14,0,0,0,0,1,0,0,1,0,1,3,0,3,0
14329,3,9,321,2018,3,4,17,0,0,1,0,0,0,0,1,2,6,3,1,3,0
14330,1,19,140,2018,2,3,10,0,0,1,0,0,1,0,2,3,6,3,0,3,0
14331,1,6,115,2018,4,3,9,0,0,0,0,0,1,1,2,2,6,3,0,3,0
14332,1,1,101,2018,3,3,14,0,1,0,0,0,0,1,2,3,2,3,0,3,0
14333,1,19,140,2018,4,3,10,0,0,1,0,0,1,1,3,2,6,3,0,3,0
14334,7,10,711,2018,1,4,20,0,0,1,1,0,0,0,2,6,4,3,0,3,0
14335,2,3,208,2018,2,4,8,0,0,0,0,0,1,1,2,3,6,3,0,3,0
14336,4,4,407,2018,5,3,15,0,0,1,0,0,0,0,1,2,6,3,0,3,0
14337,3,8,320,2018,4,6,20,0,0,1,0,0,1,0,2,3,6,3,0,3,0
14338,2,7,219,2018,1,3,10,0,0,0,0,0,1,0,1,1,6,3,0,3,0
14339,2,7,219,2018,2,3,10,0,0,0,0,0,1,0,1,2,6,3,0,3,0
14340,1,1,102,2018,5,4,12,0,0,1,0,0,0,0,1,2,6,3,0,3,0
14341,3,5,317,2018,3,3,10,0,0,1,0,0,0,0,1,3,6,3,0,3,0
14342,4,2,403,2018,4,7,18,0,1,1,0,0,0,0,2,5,3,3,0,3,0
14343,3,8,320,2018,1,4,8,0,0,1,0,0,0,0,1,2,6,3,1,3,0
14344,2,9,221,2018,2,4,15,0,0,1,0,0,0,0,1,5,3,3,0,3,0
14345,1,14,132,2018,5,4,19,0,0,1,0,0,1,0,2,3,6,3,0,3,0
14346,1,14,132,2018,3,3,9,0,0,1,0,0,0,0,1,9,1,3,0,2,1
14347,1,16,136,2018,2,6,15,0,0,1,0,0,0,0,1,2,6,3,1,3,0
14348,1,16,136,2018,3,5,16,0,0,1,0,0,0,0,1,2,6,3,0,3,0
14349,7,9,710,2018,3,6,20,0,0,1,0,0,1,0,2,3,6,3,0,3,0
14350,3,5,317,2018,4,2,14,0,0,1,0,0,0,1,2,3,2,3,0,3,0
14351,3,7,319,2018,1,4,9,0,0,1,0,0,0,0,1,5,3,3,1,3,0
14352,3,9,321,2018,2,3,5,0,0,1,0,0,0,0,1,2,6,3,2,3,0
14353,1,16,136,2018,5,2,8,0,0,1,0,0,1,0,2,3,6,3,0,3,0
14354,3,8,320,2018,4,5,6,0,0,1,0,0,1,0,2,3,6,3,1,3,0
14355,1,19,140,2018,1,6,7,0,0,0,0,1,0,1,2,2,6,3,1,3,0
14356,2,5,216,2018,2,2,16,0,0,1,0,0,0,1,2,2,2,3,1,3,0
14357,1,14,133,2018,4,7,7,0,0,1,0,0,0,0,1,9,1,3,0,2,1
14358,3,8,320,2018,3,2,21,0,0,1,0,0,0,0,1,4,2,3,0,3,0
14359,6,1,601,2018,4,1,13,0,0,1,0,0,0,0,1,2,6,3,0,3,0
14360,3,1,307,2018,1,3,14,0,0,1,0,0,1,0,2,2,6,3,1,3,0
14361,4,2,403,2018,3,2,11,0,0,1,0,0,0,0,1,5,2,3,1,3,0
14362,1,1,101,2018,3,3,19,0,0,1,1,0,0,0,2,6,4,3,0,3,0
14363,1,6,117,2018,5,4,6,0,0,1,0,0,0,0,1,5,3,3,0,3,0
14364,3,1,304,2018,4,4,12,0,0,1,0,0,1,1,3,3,6,3,0,3,0
14365,1,3,107,2018,1,2,18,0,0,1,0,0,0,0,1,4,2,3,1,3,0
14366,4,4,407,2018,4,3,23,0,1,1,0,0,0,0,2,5,3,3,1,3,0
14367,4,2,405,2018,2,5,15,0,0,1,0,0,0,0,1,2,6,3,0,3,0
14368,7,13,714,2018,3,3,15,0,0,1,1,0,0,0,2,6,4,3,0,2,1
14369,4,5,409,2018,3,5,10,0,0,1,0,0,0,0,1,3,6,3,1,3,0
14370,4,2,404,2018,4,6,10,0,0,1,0,1,0,0,2,5,7,3,0,3,0
14371,3,9,321,2018,1,3,8,0,0,1,0,0,0,0,1,2,6,3,1,3,0
14372,1,16,136,2018,2,6,22,0,0,1,0,0,0,0,1,9,1,3,0,3,0
14373,7,14,715,2018,5,1,10,0,0,1,1,0,0,0,2,9,7,3,0,3,0
14374,2,9,221,2018,4,3,14,0,0,1,0,0,0,0,1,2,6,3,0,3,0
14375,4,2,403,2018,1,5,17,0,0,1,1,0,0,0,2,6,4,3,1,2,1
14376,7,9,710,2018,2,7,11,0,0,1,0,0,0,0,1,2,6,3,0,3,0
14377,1,3,107,2018,4,6,3,0,0,1,1,0,0,0,2,6,7,3,0,2,1
14378,3,4,316,2018,3,7,19,0,0,1,0,0,0,0,1,2,6,3,0,3,0
14379,2,5,215,2018,4,7,10,0,0,1,0,0,0,0,1,2,6,3,0,3,0
14380,1,12,130,2018,1,2,21,0,0,1,0,0,0,0,1,2,6,3,1,2,1