SN,District,Imperial_Circle,Community,Year,Month,Weekday,Hour,Road,Cycle,Car,Pedestrians,Motorcycle,Goods Vehicle,Others,Total,Collision Type,Accident Type,Light Condition,Road Condition,Accident_Severity,Tend_to_Death
14381,3,7,319,2018,3,7,15,0,0,1,0,0,0,0,1,2,6,3,0,3,0
14382,2,5,215,2018,5,2,16,0,1,1,0,0,0,0,2,5,3,3,0,3,0
14383,7,8,709,2018,4,2,16,0,0,1,0,0,0,0,1,2,6,3,0,2,1
14384,2,9,221,2018,1,1,13,0,0,1,0,0,0,0,1,5,3,3,0,3,0
14385,7,10,711,2018,2,7,2,0,0,1,0,0,0,1,2,3,6,3,0,3,0
14386,1,8,124,2018,1,3,7,0,0,1,0,0,0,0,1,5,2,3,0,3,0
14387,4,6,414,2018,5,6,23,0,0,1,0,0,0,1,2,2,2,3,0,3,0
14388,2,9,221,2018,3,5,11,0,0,1,0,0,1,0,2,2,6,3,1,3,0
14389,3,1,304,2018,1,1,17,0,0,1,0,0,0,0,1,2,6,3,0,3,0
14390,7,13,714,2018,2,4,10,0,0,1,0,0,0,0,1,5,7,3,0,3,0
14391,3,4,316,2018,1,5,18,0,0,1,0,0,0,0,1,1,2,3,0,3,0
14392,4,3,406,2018,5,7,10,0,1,1,0,0,0,0,2,5,3,3,0,3,0
14393,3,1,304,2018,3,7,20,0,0,1,0,0,0,0,1,4,1,3,1,3,0
14394,3,4,316,2018,1,3,17,0,0,1,0,0,0,0,1,2,6,3,0,3,0
14395,6,2,602,2018,2,6,11,0,0,0,1,0,0,1,2,6,7,3,0,3,0
14396,3,7,319,2018,4,5,9,0,0,1,0,0,0,0,1,2,6,3,0,3,0
14397,3,5,317,2018,3,5,7,0,0,1,0,0,1,0,2,3,2,3,1,3,0
14398,3,6,318,2018,4,6,11,0,1,1,0,0,0,1,3,0,3,3,0,3,0
14399,2,5,215,2018,1,1,4,0,0,1,0,0,1,0,2,9,1,3,1,3,0
14400,2,5,215,2018,5,5,7,0,0,1,0,0,0,0,1,2,6,3,0,3,0
14401,3,7,319,2018,3,6,16,0,0,1,0,0,0,1,2,1,6,3,0,3,0
14402,4,5,409,2018,5,7,18,0,1,1,0,0,0,0,2,0,7,3,0,3,0
14403,1,6,115,2018,4,1,19,0,0,1,0,0,0,0,1,3,2,3,0,3,0
14404,7,1,702,2018,1,5,12,0,0,1,0,0,0,1,2,2,6,3,2,3,0
14405,7,14,715,2018,2,4,7,0,0,1,0,0,0,0,1,1,6,3,1,3,0
14406,1,7,120,2018,5,5,6,0,0,1,0,0,0,0,1,1,5,3,0,3,0
14407,1,1,102,2018,3,4,10,0,1,1,0,0,0,0,2,5,2,3,1,3,0
14408,1,1,101,2018,2,3,10,0,0,1,0,0,0,0,1,2,6,3,0,3,0
14409,3,8,320,2018,3,2,7,0,0,1,0,0,0,0,1,2,6,3,0,3,0
14410,3,8,320,2018,4,2,12,0,0,1,0,0,1,0,2,3,6,3,0,3,0
14411,7,8,709,2018,1,4,7,0,0,1,1,0,0,0,2,6,4,3,1,3,0
14412,6,2,603,2018,2,3,6,0,0,1,1,0,0,0,2,0,3,3,0,3,0
14413,2,5,215,2018,4,4,1,0,0,0,0,0,1,0,1,8,1,3,1,2,1
14414,7,11,712,2018,3,3,7,0,0,0,0,0,1,0,1,9,1,3,1,3,0
14415,1,15,134,2018,4,3,8,0,0,1,0,0,0,0,1,2,6,3,0,3,0
14416,1,16,136,2018,1,5,13,0,0,1,0,0,1,0,2,3,6,3,0,3,0
14417,3,9,321,2018,3,5,14,0,0,1,0,0,1,0,2,3,6,3,0,2,1
14418,1,12,130,2018,5,4,9,0,0,0,0,0,1,0,1,2,6,3,0,3,0
14419,7,10,711,2018,4,6,22,0,0,0,0,1,0,0,1,0,1,3,0,3,0
14420,7,14,715,2018,1,3,18,0,0,1,0,0,0,0,1,2,6,3,1,3,0
14421,1,16,136,2018,2,3,16,0,0,1,0,0,0,0,1,2,6,3,0,3,0
14422,3,6,318,2018,5,4,8,0,0,1,0,0,0,0,1,4,2,3,0,3,0
14423,3,9,321,2018,3,3,14,0,0,1,0,0,0,0,1,2,6,3,0,3,0
14424,4,5,409,2018,2,5,7,0,0,1,0,0,0,0,1,2,6,3,1,3,0
14425,3,7,319,2018,3,5,7,0,0,1,0,0,0,1,2,5,3,3,0,3,0
14426,2,6,218,2018,3,6,12,0,0,1,0,0,0,0,1,2,6,3,0,3,0
14427,3,5,317,2018,4,2,18,0,1,1,0,0,0,0,2,5,3,3,0,3,0
14428,1,3,107,2018,1,4,12,0,0,1,0,0,1,0,2,3,6,3,0,3,0
14429,4,2,405,2018,2,7,21,0,1,1,0,0,0,0,2,5,3,3,0,3,0
14430,1,8,124,2018,5,2,17,0,1,1,0,0,0,0,2,5,3,3,0,3,0
14431,1,12,130,2018,4,4,16,0,0,1,0,0,0,0,1,2,6,3,0,3,0
14432,6,10,611,2018,1,5,8,0,0,1,0,0,0,1,2,2,7,3,1,3,0
14433,1,3,107,2018,2,2,9,0,1,1,0,0,0,0,2,5,3,3,1,3,0
14434,6,2,602,2018,2,3,14,0,0,1,0,0,0,1,2,4,6,3,2,3,0
14435,1,4,111,2018,5,3,15,0,1,1,0,0,0,0,2,3,2,3,0,3,0
14436,7,10,711,2018,4,5,13,0,1,1,0,0,0,0,2,5,2,3,0,3,0
14437,3,7,319,2018,1,3,17,0,0,1,1,0,0,0,2,6,2,3,1,3,0
14438,6,11,612,2018,2,2,9,0,0,1,0,0,1,1,3,3,6,3,1,3,0
14439,4,7,417,2018,4,2,16,0,0,1,0,0,0,0,1,3,6,3,0,3,0
14440,1,3,107,2018,3,3,14,0,1,1,0,0,0,0,2,5,3,3,0,3,0
14441,1,14,132,2018,4,2,17,0,0,1,0,0,0,0,1,1,6,3,0,3,0
14442,1,12,130,2018,1,4,9,0,0,1,0,0,1,0,2,3,6,3,0,3,0
14443,1,6,115,2018,3,3,15,0,0,1,1,0,0,0,2,6,4,3,0,2,1
14444,1,3,107,2018,3,5,20,0,0,1,0,0,0,0,1,9,7,3,1,3,0
14445,4,5,411,2018,4,5,7,0,0,1,0,0,0,0,1,2,6,3,0,3,0
14446,3,6,318,2018,1,3,13,0,1,1,0,0,0,0,2,5,2,3,0,3,0
14447,3,4,316,2018,2,6,18,0,0,1,1,0,0,0,2,6,4,3,0,3,0
14448,1,4,111,2018,1,6,22,0,1,1,0,0,0,0,2,5,3,3,1,3,0
14449,6,9,610,2018,5,1,14,0,0,1,0,0,0,0,1,9,1,3,0,3,0
14450,4,7,417,2018,4,1,0,0,0,1,1,0,0,0,2,6,7,3,1,3,0
14451,4,4,407,2018,1,4,19,0,0,1,0,0,0,0,1,2,6,3,0,3,0
14452,4,7,417,2018,2,7,20,0,0,1,1,0,0,0,2,6,4,3,0,3,0
14453,7,10,711,2018,4,5,10,0,0,1,0,0,1,0,2,2,6,3,1,3,0
14454,4,6,414,2018,3,5,8,0,1,1,0,0,0,0,2,5,2,3,1,3,0
14455,3,1,304,2018,4,7,11,0,0,1,0,0,0,1,2,1,5,3,0,3,0
14456,1,6,115,2018,1,2,15,0,0,1,0,0,0,0,1,3,6,3,1,3,0
14457,1,6,115,2018,4,6,1,0,0,1,0,0,0,0,1,9,1,3,1,3,0
14458,3,7,319,2018,3,1,15,0,0,1,0,0,0,0,1,2,6,3,0,3,0
14459,3,8,320,2018,4,1,18,0,0,1,0,0,0,0,1,2,6,3,0,3,0
14460,1,1,102,2018,1,3,8,0,1,1,0,0,0,0,2,5,2,3,0,3,0
14461,4,6,414,2018,3,7,12,0,0,1,1,0,0,0,2,6,2,3,0,3,0
14462,6,2,603,2018,3,1,4,0,0,1,0,0,0,0,1,9,1,3,0,3,0
14463,4,5,412,2018,5,3,17,0,0,1,0,0,0,0,1,4,7,3,0,3,0
14464,1,12,130,2018,4,3,14,0,0,1,0,0,0,1,2,8,6,3,0,3,0
14465,1,8,124,2018,1,1,16,0,0,1,0,0,0,0,1,2,6,3,1,3,0
14466,2,3,209,2018,2,3,15,0,0,1,0,0,0,0,1,2,6,3,0,3,0
14467,3,1,306,2018,1,4,15,0,0,1,0,0,0,0,1,3,6,3,1,3,0
14468,7,2,703,2018,5,6,17,0,0,1,0,0,1,0,2,2,6,3,0,3,0
14469,1,16,136,2018,3,6,11,0,0,1,0,0,0,0,1,2,6,3,0,3,0
14470,7,2,703,2018,1,2,5,0,0,1,0,0,1,0,2,9,6,3,1,3,0
14471,3,9,321,2018,2,6,17,0,0,1,0,0,0,0,1,5,3,3,0,3,0
14472,7,10,711,2018,4,4,16,0,0,1,1,0,0,0,2,6,7,3,0,3,0
14473,6,1,601,2018,3,4,17,0,0,1,0,0,0,0,1,2,6,3,0,3,0
14474,2,5,216,2018,4,5,14,0,0,1,0,0,0,1,2,2,6,3,0,3,0
14475,6,2,603,2018,1,7,18,0,0,1,0,0,0,0,1,2,2,3,0,3,0
14476,3,7,319,2018,3,6,11,0,0,1,0,0,1,0,2,3,3,3,0,3,0
14477,1,4,111,2018,5,7,17,0,0,1,0,0,0,1,2,2,6,3,0,3,0
14478,2,5,215,2018,4,7,13,0,0,1,0,0,0,0,1,2,6,3,0,3,0
14479,4,5,409,2018,1,4,8,0,1,1,0,0,0,0,2,3,2,3,1,3,0
14480,4,6,415,2018,2,4,11,0,0,1,0,0,0,1,2,2,6,3,0,3,0
14481,1,6,115,2018,5,4,19,0,0,1,0,0,0,0,1,2,6,3,0,3,0
14482,4,6,414,2018,3,6,12,0,0,1,0,0,0,0,1,2,6,3,0,3,0
14483,3,7,319,2018,5,1,12,0,0,1,0,0,0,0,1,2,6,3,0,3,0
14484,3,8,320,2018,4,2,9,0,0,1,0,0,1,0,2,3,6,3,0,3,0
14485,2,6,218,2018,1,6,20,0,0,1,0,0,0,1,2,2,5,3,1,3,0
14486,7,14,715,2018,2,6,11,0,0,1,0,0,0,1,2,2,6,3,1,3,0
14487,1,12,130,2018,1,2,2,0,0,1,0,0,0,0,1,1,7,3,1,3,0
14488,2,5,216,2018,5,6,16,0,1,0,0,0,0,0,1,0,7,3,0,3,0
14489,7,4,705,2018,3,4,15,0,0,1,0,0,0,0,1,9,1,3,1,3,0
14490,1,12,130,2018,2,3,13,0,0,1,0,0,0,0,1,2,6,3,0,2,1
14491,1,8,125,2018,4,3,15,0,0,1,0,0,0,0,1,2,6,3,0,3,0
14492,3,7,319,2018,3,3,15,0,0,1,0,0,0,0,1,2,6,3,0,3,0
14493,2,5,215,2018,4,3,16,0,1,1,0,0,0,0,2,4,2,3,0,3,0
14494,7,14,715,2018,1,4,18,0,0,1,1,0,0,0,2,5,4,3,0,3,0
14495,7,10,711,2018,2,4,13,0,0,1,0,0,0,0,1,2,6,3,0,3,0
14496,3,7,319,2018,5,3,6,0,1,0,0,0,1,0,2,3,2,3,0,3,0
14497,4,5,410,2018,4,6,13,0,0,1,0,0,0,0,1,2,6,3,0,3,0
14498,1,7,120,2018,1,3,18,0,0,1,0,0,0,0,1,2,6,3,1,3,0
14499,4,6,415,2018,2,3,14,0,1,0,0,0,0,1,2,5,3,3,0,3,0
14500,2,3,209,2018,5,4,8,0,1,1,0,0,0,0,2,1,5,3,0,3,0
14501,2,7,219,2018,3,3,12,0,0,0,0,0,1,0,1,2,6,3,0,3,0
14502,3,9,321,2018,4,3,9,0,0,1,0,0,1,0,2,3,6,3,0,3,0
14503,3,8,320,2018,2,5,9,0,0,0,0,0,0,1,1,0,2,3,0,3,0
14504,2,6,218,2018,3,4,16,0,1,0,0,0,0,0,1,0,7,3,0,3,0
14505,7,10,711,2018,3,5,22,0,0,1,1,0,0,0,2,6,4,3,1,2,1
14506,1,6,115,2018,3,3,11,0,0,1,0,0,0,0,1,2,6,3,0,3,0
14507,6,1,601,2018,2,7,19,0,0,1,0,0,0,0,1,3,6,3,1,3,0
14508,6,11,612,2018,3,6,16,0,0,1,0,0,1,0,2,1,7,3,0,2,1
14509,2,7,219,2018,4,2,20,0,0,1,0,1,0,0,2,2,6,3,0,2,1
14510,3,9,321,2018,1,4,3,0,0,1,0,0,1,0,2,5,3,3,1,3,0
14511,4,7,417,2018,2,3,13,0,0,1,0,0,0,0,1,2,6,3,1,3,0
14512,1,3,106,2018,5,3,17,0,0,1,0,0,0,0,1,1,6,3,1,3,0
14513,7,13,714,2018,4,5,5,0,0,1,0,0,0,0,1,1,6,3,1,3,0
14514,1,19,140,2018,1,6,6,0,0,1,0,0,0,0,1,3,6,3,1,3,0
14515,1,14,133,2018,2,2,16,0,0,1,0,0,0,1,2,2,6,3,1,3,0
14516,5,14,522,2018,4,1,11,0,0,0,0,1,0,0,1,0,1,3,0,2,1
14517,3,9,321,2018,3,2,1,0,1,1,0,0,0,0,2,4,2,3,0,3,0
14518,3,1,306,2018,4,2,18,0,0,1,0,0,0,1,2,2,6,3,0,3,0
14519,1,16,136,2018,1,3,16,0,0,1,0,0,1,0,2,3,6,3,0,3,0
14520,2,5,217,2018,3,2,16,0,0,1,0,0,1,0,2,3,6,3,1,3,0
14521,3,9,321,2018,3,3,16,0,0,1,0,0,0,1,2,1,6,3,0,3,0
14522,1,6,117,2018,5,4,17,0,1,0,1,0,0,0,2,6,7,3,0,2,1
14523,2,5,215,2018,4,4,17,0,0,1,0,0,0,0,1,2,6,3,0,3,0
14524,7,12,713,2018,1,2,19,0,0,1,0,0,1,1,3,3,1,3,1,2,1
14525,7,12,713,2018,2,5,1,0,0,1,0,0,1,0,2,2,6,3,1,3,0
14526,1,8,124,2018,1,5,20,0,0,1,0,0,0,0,1,4,2,3,1,3,0
14527,7,10,711,2018,5,7,7,0,0,1,0,0,0,0,1,2,6,3,0,3,0
14528,1,8,125,2018,3,7,10,0,0,1,0,0,0,0,1,2,6,3,1,3,0
14529,6,11,612,2018,1,3,11,0,0,1,0,0,1,0,2,3,7,3,0,3,0
14530,4,8,419,2018,4,6,19,0,0,1,0,0,0,0,1,2,6,3,0,3,0
14531,1,6,117,2018,1,3,16,0,0,1,0,0,0,0,1,2,6,3,1,3,0
14532,1,16,136,2018,2,6,15,0,0,1,0,0,0,0,1,2,6,3,0,3,0
14533,3,1,306,2018,5,2,17,0,1,0,0,0,0,0,1,3,2,3,0,3,0
14534,7,2,703,2018,4,3,2,0,0,1,0,0,1,0,2,2,6,3,1,3,0
14535,3,7,319,2018,1,5,0,0,0,0,0,0,1,0,1,9,7,3,0,3,0
14536,7,13,714,2018,2,7,18,0,0,1,0,0,0,0,1,3,7,3,0,3,0
14537,1,19,140,2018,4,6,17,0,0,1,0,0,0,1,2,2,6,3,0,3,0
14538,1,12,130,2018,3,7,14,0,0,1,0,0,1,0,2,2,6,3,0,2,1
14539,3,9,321,2018,4,7,12,0,0,1,0,0,0,0,1,2,6,3,0,3,0
14540,6,2,602,2018,1,2,17,0,0,1,0,0,0,0,1,2,6,3,1,3,0
14541,3,6,318,2018,3,7,20,0,0,1,0,0,0,0,1,2,6,3,1,3,0
14542,2,13,226,2018,5,2,17,0,0,1,0,0,0,0,1,4,2,3,0,3,0
14543,3,7,319,2018,4,3,11,0,0,1,0,0,0,1,2,0,3,3,0,3,0
14544,4,5,409,2018,1,1,15,0,0,1,0,0,0,0,1,2,6,3,1,3,0
14545,1,3,107,2018,2,1,0,0,0,1,0,0,0,0,1,2,6,3,0,3,0
14546,1,14,132,2018,1,3,16,0,1,1,0,0,0,0,2,5,2,3,0,2,1
14547,1,6,117,2018,5,6,18,0,0,1,0,0,0,0,1,0,7,3,0,3,0
14548,7,14,715,2018,3,5,16,0,0,1,0,0,0,0,1,2,6,3,0,3,0
14549,2,5,216,2018,1,2,9,0,0,0,0,0,1,1,2,3,6,3,0,3,0
14550,4,2,403,2018,2,4,17,0,1,1,0,0,0,0,2,5,3,3,0,2,1
14551,1,12,130,2018,4,4,10,0,0,1,0,0,1,0,2,2,6,3,0,3,0
14552,2,5,215,2018,3,4,11,0,0,1,0,0,0,0,1,1,6,3,0,3,0
14553,1,16,136,2018,2,6,13,0,0,1,0,0,1,0,2,2,6,3,0,3,0
14554,2,5,216,2018,4,5,11,0,0,1,0,0,0,0,1,1,6,3,1,3,0
14555,1,19,140,2018,3,5,11,0,0,1,0,0,0,1,2,0,7,3,1,3,0
14556,3,9,321,2018,4,6,17,0,0,0,0,1,0,0,1,0,1,3,0,3,0
14557,2,5,217,2018,1,2,11,0,0,1,0,0,0,0,1,5,3,3,1,3,0
14558,6,11,612,2018,5,5,17,0,0,1,0,1,0,0,2,0,6,3,0,3,0
14559,2,5,215,2018,3,6,18,0,0,1,0,0,0,1,2,2,6,3,0,3,0
14560,4,13,432,2018,5,7,7,0,0,1,0,0,0,0,1,9,1,3,0,2,1
14561,2,3,208,2018,4,2,11,0,0,1,0,0,0,0,1,2,6,3,0,3,0
14562,7,1,701,2018,1,5,18,0,0,1,0,0,0,0,1,2,2,3,1,3,0
14563,3,1,306,2018,2,5,16,0,1,0,1,0,0,0,2,6,4,3,1,3,0
14564,7,14,715,2018,5,5,18,0,0,1,0,0,0,0,1,4,2,3,0,3,0
14565,3,5,317,2018,3,4,10,0,1,0,0,1,0,0,2,0,2,3,1,3,0
14566,1,4,110,2018,2,3,13,0,1,1,0,0,0,0,2,1,5,3,0,3,0
14567,4,4,407,2018,4,3,8,0,0,1,0,0,0,0,1,2,6,3,0,3,0
14568,6,9,610,2018,3,2,7,0,0,1,0,0,0,0,1,2,6,3,0,3,0
14569,1,3,106,2018,4,3,22,0,0,1,0,0,0,0,1,3,6,3,0,3,0
14570,7,8,709,2018,1,4,9,0,0,1,0,0,0,0,1,2,2,3,1,3,0
14571,1,1,102,2018,2,4,17,0,0,1,0,0,0,0,1,2,6,3,1,3,0
14572,3,5,317,2018,5,3,5,0,1,1,0,0,0,0,2,3,2,3,0,3,0
14573,4,2,403,2018,4,6,7,0,0,1,0,0,0,0,1,1,6,3,0,3,0
14574,2,6,218,2018,1,3,18,0,0,1,0,0,0,0,1,5,3,3,1,3,0
14575,3,4,316,2018,4,4,6,0,0,1,0,1,0,0,2,4,2,3,0,3,0
14576,7,1,701,2018,1,5,10,0,0,1,0,0,0,0,1,1,1,3,0,3,0
14577,1,6,115,2018,3,5,7,0,0,1,0,0,0,0,1,8,7,3,0,3,0
14578,6,9,610,2018,5,4,8,0,0,1,0,0,0,0,1,2,6,3,0,2,1
14579,4,4,407,2018,4,7,8,0,0,1,0,0,0,0,1,5,3,3,0,3,0
14580,2,6,218,2018,1,4,8,0,0,1,1,0,0,0,2,6,4,3,1,3,0
14581,3,6,318,2018,2,4,15,0,1,1,0,0,0,0,2,5,3,3,0,3,0
14582,2,14,227,2018,5,4,13,0,0,1,0,0,1,0,2,1,6,3,0,3,0
14583,3,9,321,2018,3,3,14,0,0,1,0,0,1,0,2,2,6,3,0,3,0
14584,1,8,124,2018,2,6,19,0,0,1,0,0,0,0,1,2,6,3,1,3,0
14585,3,9,321,2018,3,5,10,0,0,0,0,1,0,0,1,0,1,3,0,3,0
14586,6,1,601,2018,3,6,8,0,0,0,1,0,0,1,2,6,5,3,0,2,1
14587,3,1,307,2018,4,2,15,0,0,1,0,0,0,0,1,2,6,3,1,3,0
14588,4,2,405,2018,1,4,8,0,0,1,0,0,0,0,1,2,2,3,1,3,0
14589,3,6,318,2018,2,1,6,0,0,1,0,0,0,0,1,9,1,3,0,1,1
14590,6,9,610,2018,5,2,7,0,0,1,0,0,0,0,1,2,6,3,0,3,0
14591,1,16,137,2018,4,4,7,0,0,1,0,0,0,1,2,2,6,3,0,3,0
14592,2,5,216,2018,1,6,11,0,0,1,1,0,0,0,2,6,3,3,0,3,0
14593,4,2,405,2018,2,2,20,0,1,0,0,0,0,0,1,0,7,3,2,2,1
14594,7,10,711,2018,4,6,4,0,0,0,0,0,1,0,1,5,2,3,1,3,0
14595,3,7,319,2018,3,2,14,0,0,1,0,0,1,0,2,3,3,3,0,3,0
14596,6,9,610,2018,4,1,13,0,0,1,0,0,0,0,1,0,6,3,0,3,0
14597,4,3,406,2018,1,3,14,0,1,1,0,0,0,0,2,3,2,3,0,3,0
14598,1,3,106,2018,2,3,13,0,0,1,0,0,1,0,2,3,6,3,0,3,0
14599,2,3,209,2018,5,3,21,0,1,1,0,0,0,0,2,0,5,3,0,3,0
14600,1,1,102,2018,3,3,16,0,0,1,0,1,0,0,2,2,6,3,0,3,0
14601,7,13,714,2018,4,2,18,0,0,1,0,0,0,0,1,2,6,3,0,3,0
14602,1,4,111,2018,2,5,12,0,1,0,0,0,0,1,2,0,3,3,0,3,0
14603,7,9,710,2018,3,3,12,0,0,1,0,0,0,0,1,8,7,3,0,2,1
14604,3,7,319,2018,3,5,15,0,0,1,0,0,0,0,1,2,6,3,0,3,0
14605,1,4,110,2018,4,6,8,0,1,0,1,0,0,0,2,5,3,3,0,3,0
14606,2,7,219,2018,1,3,7,0,0,1,0,0,0,1,2,2,6,3,0,3,0
14607,3,8,320,2018,2,6,9,0,0,1,0,0,1,0,2,3,6,3,0,3,0
14608,7,13,714,2018,1,6,12,0,0,1,1,0,0,0,2,6,4,3,1,2,1
14609,1,16,136,2018,5,1,14,0,0,1,0,0,0,0,1,2,6,3,0,3,0
14610,4,2,404,2018,4,3,8,0,0,1,0,0,0,1,2,3,7,3,1,3,0
14611,1,6,117,2018,1,4,22,0,0,1,0,0,0,1,2,2,6,3,0,3,0
14612,1,8,121,2018,2,7,15,0,0,0,1,0,0,1,2,0,7,3,1,3,0
14613,1,1,102,2018,4,6,10,0,0,1,0,0,1,0,2,3,6,3,0,3,0
14614,1,6,117,2018,3,6,13,0,0,1,0,0,0,0,1,3,6,3,0,3,0
14615,3,7,319,2018,4,7,12,0,0,1,0,0,0,0,1,2,6,3,0,3,0
14616,1,6,115,2018,1,2,14,0,0,1,0,0,0,0,1,2,6,3,1,3,0
14617,1,6,115,2018,3,6,15,0,0,1,0,0,0,0,1,2,6,3,0,3,0
14618,4,5,409,2018,5,1,15,0,1,0,0,0,0,0,1,4,6,3,0,3,0
14619,1,12,130,2018,4,2,7,0,0,1,0,0,0,0,1,8,1,3,0,3,0
14620,1,1,102,2018,1,7,18,0,0,1,0,0,0,1,2,2,6,3,1,3,0
14621,3,6,318,2018,3,1,5,0,0,1,0,0,0,0,1,8,1,3,1,3,0
14622,3,7,319,2018,3,2,16,0,0,1,0,1,0,0,2,5,3,3,0,2,1
14623,2,12,225,2018,5,4,13,0,1,1,0,0,0,0,2,5,2,3,0,3,0
14624,1,3,107,2018,4,4,1,0,1,0,0,0,0,0,1,0,7,3,0,3,0
14625,1,1,102,2018,1,2,13,0,0,1,0,0,0,0,1,2,6,3,1,3,0
14626,7,13,714,2018,2,3,7,0,0,1,0,0,0,0,1,2,2,3,0,2,1
14627,2,12,225,2018,1,4,15,0,0,1,1,0,0,0,2,6,2,3,1,3,0
14628,2,3,209,2018,5,7,10,0,0,1,0,0,0,0,1,2,6,3,0,3,0
14629,1,4,111,2018,3,7,4,0,0,1,0,0,0,0,1,3,6,3,0,3,0
14630,7,2,703,2018,1,2,5,0,0,1,0,0,0,1,2,2,6,3,1,3,0
14631,3,9,321,2018,2,6,19,0,0,1,0,0,0,1,2,3,6,3,0,3,0
14632,3,4,316,2018,4,5,14,0,1,1,0,0,0,0,2,5,2,3,1,3,0
14633,2,3,209,2018,3,5,20,0,1,1,0,0,0,0,2,5,3,3,0,3,0
14634,6,11,612,2018,4,5,17,0,0,1,0,0,1,0,2,2,6,3,0,2,1
14635,3,1,306,2018,1,1,17,0,0,1,0,0,0,0,1,2,6,3,1,3,0
14636,6,3,604,2018,5,4,10,0,0,0,0,1,0,0,1,0,1,3,0,2,1
14637,3,7,319,2018,3,6,12,0,0,1,0,0,0,0,1,2,6,3,0,3,0
14638,2,3,209,2018,5,7,12,0,0,1,0,0,0,0,1,2,3,3,0,3,0
14639,7,10,711,2018,4,7,11,0,0,1,0,0,0,0,1,3,6,3,0,2,1
14640,1,14,132,2018,1,5,18,0,0,1,0,0,0,0,1,2,2,3,2,3,0
14641,1,11,128,2018,2,4,9,0,0,1,0,0,0,1,2,2,6,3,0,3,0
14642,7,7,708,2018,5,4,9,0,0,1,0,0,1,0,2,2,6,3,0,1,1
14643,1,6,117,2018,3,3,17,0,0,1,0,0,0,0,1,5,3,3,0,3,0
14644,3,9,321,2018,2,2,8,0,1,1,0,0,0,0,2,5,3,3,0,2,1
14645,3,9,321,2018,2,7,17,0,0,1,0,0,0,0,1,3,2,3,0,3,0
14646,4,2,403,2018,1,3,12,0,1,1,0,0,0,0,2,5,3,3,0,3,0
14647,2,5,217,2018,5,6,14,0,1,1,0,0,0,0,2,1,5,3,0,3,0
14648,3,7,319,2018,3,5,12,0,0,1,1,0,0,0,2,0,4,3,1,3,0
14649,6,1,601,2018,2,3,15,0,0,1,0,0,0,0,1,2,6,3,0,3,0
14650,1,16,136,2018,4,3,16,0,0,1,0,0,1,0,2,3,6,3,0,3,0
14651,3,6,318,2018,3,3,7,0,1,1,0,0,0,0,2,5,2,3,1,3,0
14652,1,6,115,2018,4,3,16,0,0,1,0,0,0,0,1,2,6,3,0,3,0
14653,6,9,610,2018,1,5,7,0,0,1,0,0,0,0,1,2,6,3,1,3,0
14654,3,4,316,2018,3,5,9,0,0,1,0,0,0,0,1,0,6,3,0,3,0
14655,7,14,715,2018,5,3,12,0,1,0,0,0,0,0,1,0,7,3,0,3,0
14656,1,8,124,2018,4,6,9,0,0,1,0,0,0,0,1,1,6,3,0,3,0
14657,7,10,711,2018,1,3,16,0,0,1,0,0,0,0,1,1,6,3,1,3,0
14658,1,14,132,2018,2,3,6,0,0,1,0,0,1,0,2,3,6,3,1,3,0
14659,3,6,318,2018,5,4,6,0,1,0,0,0,0,1,2,5,3,3,0,3,0
14660,2,5,216,2018,3,3,13,0,0,1,0,0,0,0,1,2,6,3,0,3,0
14661,4,7,417,2018,4,3,16,0,1,0,0,0,0,1,2,5,2,3,1,2,1
14662,3,9,321,2018,2,5,8,0,0,1,0,0,1,0,2,3,6,3,0,3,0
14663,1,4,111,2018,3,5,17,0,0,0,1,0,0,1,2,6,2,3,0,3,0
14664,1,3,106,2018,3,6,15,0,0,1,1,0,0,0,2,6,4,3,0,3,0
14665,1,6,117,2018,4,6,13,0,0,1,0,0,0,0,1,4,2,3,1,3,0
14666,1,6,117,2018,1,3,18,0,0,1,0,0,0,1,2,2,6,3,1,3,0
14667,1,16,136,2018,2,6,14,0,0,1,0,0,0,0,1,3,6,3,0,3,0
14668,3,1,307,2018,3,7,21,0,0,1,0,0,0,0,1,3,7,3,0,2,1
14669,2,5,217,2018,4,2,17,0,1,1,0,0,0,0,2,5,2,3,1,3,0
14670,1,7,119,2018,1,4,15,0,0,1,0,0,0,0,1,5,3,3,0,3,0
14671,1,8,125,2018,2,3,19,0,0,1,0,0,0,0,1,3,6,3,2,3,0
14672,2,1,206,2018,5,3,11,0,0,1,0,1,0,0,2,2,6,3,0,3,0
14673,7,14,715,2018,4,5,12,0,1,1,0,0,0,0,2,5,3,3,0,3,0
14674,1,1,101,2018,1,2,13,0,0,1,0,0,0,1,2,2,6,3,0,3,0
14675,6,11,612,2018,2,2,9,0,0,1,0,0,0,1,2,2,6,3,1,3,0
14676,3,8,320,2018,4,2,20,0,0,1,0,0,0,0,1,2,6,3,0,3,0
14677,1,6,117,2018,3,2,6,0,0,1,0,0,0,0,1,2,6,3,0,3,0
14678,1,14,132,2018,4,2,8,0,0,0,0,1,1,1,3,2,6,3,0,3,0