SN,District,Imperial_Circle,Community,Year,Month,Weekday,Hour,Road,Cycle,Car,Pedestrians,Motorcycle,Goods Vehicle,Others,Total,Collision Type,Accident Type,Light Condition,Road Condition,Accident_Severity,Tend_to_Death
15860,1,3,108,2018,1,4,17,0,0,1,0,0,0,1,2,0,6,3,1,3,0
15861,5,7,515,2018,1,6,16,0,0,1,0,1,0,0,2,4,2,3,1,3,0
15862,3,2,311,2018,1,4,9,0,0,1,0,0,0,0,1,2,6,3,1,3,0
15863,1,12,130,2018,1,3,17,0,0,1,1,0,0,0,2,6,2,3,0,3,0
15864,1,15,134,2018,1,1,15,0,0,1,0,0,0,0,1,9,6,3,1,3,0
15865,1,7,119,2018,1,3,16,0,0,1,0,0,0,0,1,3,6,3,0,3,0
15866,7,1,701,2018,1,5,11,0,0,1,0,0,0,0,1,2,6,3,1,3,0
15867,1,8,126,2018,1,3,21,0,0,1,0,0,0,0,1,5,3,3,0,2,1
15868,1,8,127,2018,1,3,16,0,1,1,0,0,0,0,2,5,7,3,0,3,0
15869,5,11,519,2018,1,3,14,0,0,1,0,0,0,0,1,5,3,3,1,3,0
15870,5,1,504,2018,1,3,19,0,0,1,0,0,0,1,2,5,3,3,1,3,0
15871,5,2,507,2018,2,5,15,0,0,1,0,0,0,0,1,2,6,3,0,3,0
15872,1,5,114,2018,1,4,18,0,0,1,0,0,0,0,1,5,7,3,1,3,0
15873,1,13,131,2018,2,3,16,0,0,1,0,0,0,0,1,1,3,3,0,3,0
15874,1,5,114,2018,1,4,14,0,0,1,0,0,0,1,2,3,7,3,1,3,0
15875,6,9,610,2018,2,6,9,0,0,0,0,0,1,1,2,5,3,3,1,3,0
15876,7,1,702,2018,1,3,14,0,0,0,1,0,0,1,2,0,4,3,0,3,0
15877,7,8,709,2018,2,6,18,0,0,1,1,0,0,0,2,6,2,3,0,3,0
15878,7,4,705,2018,1,4,8,0,0,1,1,0,0,0,2,6,2,3,0,3,0
15879,1,5,114,2018,2,5,8,0,0,1,0,0,0,0,1,2,6,3,0,3,0
15880,5,10,518,2018,1,3,12,0,1,1,0,0,0,0,2,5,3,3,0,3,0
15881,5,9,517,2018,2,3,14,0,1,1,0,0,0,0,2,0,5,3,0,3,0
15882,4,12,431,2018,1,3,19,0,0,1,0,0,0,0,1,2,6,3,0,3,0
15883,2,9,221,2018,2,2,19,0,1,1,0,0,0,0,2,5,3,3,1,3,0
15884,4,6,415,2018,2,6,16,0,1,1,0,0,0,0,2,5,2,3,0,3,0
15885,2,14,227,2018,1,3,14,0,0,0,1,0,0,1,2,0,4,3,0,3,0
15886,5,4,512,2018,2,3,15,0,0,0,1,0,0,1,2,0,4,3,0,3,0
15887,2,4,211,2018,1,3,17,0,0,1,0,0,0,0,1,4,1,3,0,2,1
15888,5,9,517,2018,2,2,15,0,0,1,0,0,0,0,1,2,6,3,1,2,1
15889,4,9,425,2018,2,6,13,0,0,1,0,0,0,0,1,3,7,3,1,3,0
15890,3,7,319,2018,1,3,8,0,0,1,0,0,0,0,1,5,3,3,0,3,0
15891,5,11,519,2018,2,1,14,0,0,1,0,0,0,0,1,4,2,3,1,3,0
15892,2,1,203,2018,1,4,10,0,0,1,1,0,0,0,2,6,2,3,0,3,0
15893,1,7,119,2018,2,6,12,0,0,0,1,0,1,0,2,6,4,3,0,2,1
15894,5,18,526,2018,1,4,17,0,0,1,0,0,0,0,1,1,6,3,1,3,0
15895,1,8,123,2018,2,4,14,0,0,1,0,0,0,0,1,4,2,3,0,3,0
15896,3,4,315,2018,1,3,8,0,1,0,0,0,1,0,2,1,5,3,1,3,0
15897,2,3,208,2018,2,3,18,0,0,1,1,0,0,0,2,6,7,3,0,3,0
15898,3,1,308,2018,1,3,9,0,0,1,0,0,0,0,1,1,6,3,0,3,0
15899,2,3,210,2018,2,2,21,0,0,1,1,0,0,0,2,6,2,3,1,3,0
15900,1,5,113,2018,2,6,16,0,0,1,1,0,0,0,2,6,4,3,1,2,1
15901,7,1,702,2018,1,3,14,0,0,1,0,0,0,0,1,2,6,3,1,3,0
15902,7,16,717,2018,2,5,9,0,0,1,0,0,0,1,2,1,6,3,0,3,0
15903,2,8,220,2018,1,4,8,0,0,1,1,0,0,0,2,6,2,3,1,3,0
15904,2,8,220,2018,2,4,6,0,0,1,0,0,0,0,1,2,2,3,0,3,0
15905,7,10,711,2018,1,2,13,0,0,1,0,0,0,0,1,2,6,3,1,3,0
15906,4,8,420,2018,2,6,7,0,1,1,0,0,0,0,2,5,2,3,0,3,0
15907,4,4,407,2018,1,4,18,0,1,0,1,0,0,0,2,6,4,3,1,2,1
15908,5,11,519,2018,2,4,7,0,0,1,1,0,0,0,2,0,4,3,0,3,0
15909,7,1,702,2018,1,2,11,0,0,1,0,0,0,1,2,5,3,3,0,3,0
15910,1,16,137,2018,2,3,15,0,1,1,0,0,0,0,2,5,2,3,0,3,0
15911,7,4,705,2018,1,2,19,0,0,1,1,0,0,0,2,6,3,3,1,3,0
15912,5,6,514,2018,2,1,14,0,0,1,1,0,0,0,2,6,4,3,1,3,0
15913,5,2,509,2018,2,5,6,0,0,1,1,0,0,0,2,6,4,3,0,2,1
15914,7,1,701,2018,1,2,20,0,1,0,0,0,0,1,2,1,3,3,1,3,0
15915,5,18,526,2018,2,5,7,0,1,1,0,0,0,0,2,5,3,3,0,3,0
15916,2,4,211,2018,1,4,11,0,0,0,1,0,0,1,2,6,4,3,0,3,0
15917,1,3,108,2018,2,4,19,0,0,0,1,0,0,1,2,0,4,3,0,3,0
15918,1,11,129,2018,1,2,19,0,0,1,0,0,0,0,1,4,2,3,1,3,0
15919,1,11,129,2018,1,2,11,0,0,1,0,0,0,0,1,2,6,3,0,3,0
15920,4,4,407,2018,2,2,10,0,0,1,0,1,0,0,2,5,3,3,1,3,0
15921,5,6,514,2018,1,2,22,0,0,1,0,0,0,0,1,5,2,3,1,3,0
15922,1,4,111,2018,2,1,3,0,0,1,1,0,0,0,2,6,2,3,1,3,0
15923,4,8,418,2018,2,5,20,0,0,1,1,0,0,0,2,6,4,3,0,3,0
15924,5,18,526,2018,1,2,13,0,0,1,0,0,0,0,1,5,3,3,1,3,0
15925,1,1,101,2018,1,4,16,0,0,0,1,0,0,1,2,6,7,3,0,2,1
15926,4,13,432,2018,2,5,6,0,0,1,0,0,0,0,1,2,6,3,0,3,0
15927,5,3,510,2018,1,2,8,0,0,1,0,0,0,0,1,2,6,3,0,3,0
15928,1,14,132,2018,2,3,16,0,0,1,1,0,0,0,2,6,4,3,0,2,1
15929,4,10,429,2018,1,2,17,0,0,1,1,0,0,0,2,6,2,3,1,3,0
15930,5,2,509,2018,2,2,16,0,1,0,0,0,0,1,2,5,2,3,0,3,0
15931,1,12,130,2018,2,6,20,0,0,1,0,0,0,1,2,2,6,3,0,3,0
15932,4,12,431,2018,1,2,15,0,0,1,0,0,0,0,1,5,3,3,1,3,0
15933,4,13,432,2018,2,1,7,0,0,1,0,0,0,0,1,4,6,3,1,3,0
15934,1,1,102,2018,1,4,11,0,0,1,0,0,0,1,2,4,2,3,0,3,0
15935,6,2,603,2018,2,6,15,0,1,0,1,0,0,0,2,6,4,3,0,3,0
15936,1,13,131,2018,1,4,15,0,0,1,0,1,0,0,2,5,3,3,1,3,0
15937,7,1,701,2018,2,4,7,0,1,1,0,0,0,0,2,5,3,3,0,3,0
15938,4,5,408,2018,1,2,7,0,0,1,0,0,0,1,2,2,6,3,0,3,0
15939,2,12,225,2018,2,7,15,0,0,1,0,0,0,0,1,2,6,3,0,3,0
15940,2,3,209,2018,2,5,18,0,0,1,1,0,0,0,2,6,3,3,0,3,0
15941,2,4,212,2018,2,2,10,0,1,1,0,0,0,0,2,3,2,3,0,3,0
15942,2,14,227,2018,2,5,17,0,1,0,0,0,0,0,1,2,6,3,0,3,0
15943,4,5,413,2018,1,2,10,0,0,1,1,0,0,0,2,6,7,3,0,2,1
15944,5,7,515,2018,2,3,19,0,1,1,0,0,0,0,2,3,6,3,0,3,0
15945,4,10,426,2018,1,2,19,0,0,1,0,0,0,1,2,1,6,3,1,3,0
15946,4,13,432,2018,2,2,10,0,0,1,0,0,0,0,1,2,6,3,2,3,0
15947,5,7,515,2018,2,6,17,0,1,1,0,0,0,0,2,5,3,3,1,2,1
15948,3,7,319,2018,1,2,7,0,1,1,0,0,0,0,2,1,5,3,1,3,0
15949,4,7,416,2018,2,1,9,0,0,1,0,0,0,0,1,1,7,3,1,3,0
15950,5,7,515,2018,2,6,16,0,0,1,0,0,0,0,1,3,6,3,0,3,0
15951,5,6,514,2018,1,4,19,0,0,1,0,0,0,0,1,8,1,3,1,3,0
15952,5,7,515,2018,2,4,12,0,0,1,0,0,0,0,1,2,6,3,0,3,0
15953,3,1,303,2018,1,2,17,0,0,1,0,0,0,1,2,0,6,3,1,3,0
15954,3,3,313,2018,2,3,18,0,1,1,0,0,0,0,2,3,6,3,0,3,0
15955,2,3,210,2018,1,2,17,0,0,1,1,0,0,0,2,6,4,3,1,2,1
15956,1,5,113,2018,2,2,12,0,0,1,0,0,0,0,1,2,6,3,1,3,0
15957,6,1,601,2018,2,5,17,0,0,1,0,0,0,0,1,5,3,3,0,3,0
15958,4,8,419,2018,2,3,20,0,0,1,1,0,0,0,2,6,4,3,0,3,0
15959,3,3,314,2018,1,2,10,0,1,1,0,0,0,0,2,5,2,3,0,3,0
15960,3,7,319,2018,2,2,13,0,1,1,0,0,0,0,2,1,7,3,1,3,0
15961,2,12,225,2018,2,6,15,0,1,1,0,0,0,0,2,5,3,3,1,3,0
15962,3,3,314,2018,1,2,12,0,0,1,0,0,0,0,1,4,2,3,1,3,0
15963,3,1,307,2018,2,6,8,0,0,1,0,0,0,0,1,1,6,3,2,3,0
15964,4,13,432,2018,1,4,4,0,0,1,0,0,0,0,1,0,7,3,0,2,1
15965,4,8,423,2018,2,4,15,0,0,1,0,0,0,0,1,1,6,3,0,3,0
15966,1,1,101,2018,1,2,17,0,0,1,1,0,0,0,2,6,4,3,1,3,0
15967,5,5,513,2018,2,2,13,0,0,1,0,0,0,0,1,2,6,3,0,3,0
15968,7,16,717,2018,1,1,13,0,0,1,0,0,0,0,1,1,6,3,0,3,0
15969,2,6,218,2018,2,1,1,0,0,1,0,0,0,0,1,2,6,3,1,3,0
15970,3,5,317,2018,2,2,10,0,1,1,0,0,0,0,2,5,2,3,0,3,0
15971,5,7,515,2018,2,1,17,0,0,1,1,0,0,0,2,6,3,3,1,3,0
15972,4,11,430,2018,2,5,19,0,0,1,1,0,0,0,2,6,4,3,1,3,0
15973,7,1,701,2018,1,1,15,0,0,1,0,0,0,0,1,1,6,3,1,3,0
15974,5,18,526,2018,2,5,15,0,0,1,0,0,0,1,2,2,2,3,0,3,0
15975,1,3,108,2018,1,4,14,0,0,1,0,0,0,1,2,3,6,3,1,3,0
15976,6,1,601,2018,1,1,1,0,0,1,0,0,0,0,1,5,3,3,1,3,0
15977,1,8,126,2018,2,5,18,0,0,1,0,0,0,0,1,9,1,3,2,3,0
15978,2,5,215,2018,1,4,8,0,1,1,0,0,0,0,2,1,7,3,1,3,0
15979,2,1,202,2018,2,4,13,0,0,1,0,0,0,0,1,3,6,3,0,3,0
15980,1,11,128,2018,1,1,17,0,0,1,1,0,0,0,2,6,2,3,1,3,0
15981,2,10,222,2018,2,2,9,0,0,1,0,0,0,0,1,1,6,3,1,3,0
15982,1,8,123,2018,1,1,17,0,1,0,1,0,0,0,2,6,2,3,1,3,0
15983,2,5,215,2018,2,1,0,0,0,1,0,0,0,0,1,5,3,3,1,3,0
15984,3,8,320,2018,2,7,21,0,0,1,0,0,0,0,1,5,3,3,0,3,0
15985,3,5,317,2018,2,5,17,0,0,1,0,0,0,0,1,1,5,3,0,3,0
15986,1,16,137,2018,1,3,18,0,0,1,0,0,0,0,1,4,2,3,1,2,1
15987,4,5,408,2018,2,5,11,0,0,1,0,0,0,0,1,2,6,3,0,3,0
15988,5,18,526,2018,1,1,11,0,0,1,0,1,0,0,2,5,3,3,0,3,0
15989,5,6,514,2018,2,3,15,0,0,1,0,0,0,0,1,5,3,3,0,3,0
15990,5,7,515,2018,1,1,17,0,0,1,0,0,0,0,1,2,6,3,1,3,0
15991,4,2,405,2018,2,1,20,0,0,1,0,0,0,0,1,5,3,3,1,3,0
15992,5,7,515,2018,2,2,10,0,0,0,1,0,0,1,2,6,4,3,2,2,1
15993,4,9,424,2018,2,6,18,0,0,1,1,0,0,0,2,6,4,3,1,2,1
15994,7,2,703,2018,2,3,13,0,0,1,0,0,0,0,1,4,2,3,0,3,0
15995,4,13,432,2018,1,1,17,0,0,1,0,0,0,0,1,5,3,3,1,3,0
15996,6,2,603,2018,2,6,16,0,0,1,0,0,0,0,1,2,2,3,1,3,0
15997,3,1,310,2018,1,1,17,0,0,1,1,0,0,0,2,0,4,3,1,3,0
15998,2,3,210,2018,2,1,14,0,1,1,0,0,0,0,2,1,5,3,2,3,0
15999,7,13,714,2018,2,6,6,0,1,1,0,0,0,0,2,5,2,3,0,3,0
16000,1,3,108,2018,2,5,12,0,1,1,1,0,0,0,3,6,4,3,0,3,0
16001,2,4,213,2018,2,5,17,0,1,1,0,0,0,0,2,1,5,3,0,3,0
16002,3,1,310,2018,1,1,1,0,1,1,0,0,0,0,2,9,5,3,1,3,0
16003,5,12,520,2018,2,3,9,0,0,1,0,0,0,0,1,4,2,3,0,3,0
16004,3,1,309,2018,1,1,9,0,1,1,0,0,0,0,2,5,3,3,0,3,0
16005,2,1,203,2018,2,1,0,0,0,1,0,0,0,0,1,4,2,3,1,3,0
16006,3,8,320,2018,2,2,13,0,0,1,0,0,0,1,2,5,3,3,1,3,0
16007,5,1,504,2018,2,6,19,0,0,1,0,0,0,0,1,5,3,3,0,3,0
16008,2,1,201,2018,1,1,8,0,1,1,0,0,0,0,2,5,2,3,1,3,0
16009,1,1,102,2018,2,1,10,0,1,1,0,0,0,0,2,5,3,3,1,3,0
16010,4,10,429,2018,2,6,20,0,0,1,0,0,0,0,1,5,2,3,0,3,0
16011,5,9,517,2018,1,4,18,0,0,1,1,0,0,0,2,6,2,3,1,2,1
16012,1,1,101,2018,1,1,5,0,0,1,0,0,0,0,1,2,6,3,1,3,0
16013,1,8,123,2018,2,6,18,0,1,0,1,0,0,0,2,6,7,3,0,3,0
16014,1,7,119,2018,1,4,13,0,0,1,0,0,0,0,1,2,6,3,1,3,0
16015,6,2,603,2018,2,4,16,0,1,1,0,0,0,0,2,5,3,3,0,3,0
16016,5,18,526,2018,1,7,10,0,0,1,0,0,0,0,1,5,3,3,0,3,0
16017,2,5,215,2018,2,3,8,0,0,1,1,0,0,0,2,6,4,3,0,3,0
16018,5,2,505,2018,1,7,18,0,0,1,1,0,0,0,2,6,7,3,0,3,0
16019,6,6,607,2018,2,7,16,0,0,1,0,0,0,0,1,0,6,3,1,3,0
16020,4,1,401,2018,2,2,12,0,0,1,0,0,0,0,1,4,2,3,0,3,0
16021,4,2,403,2018,2,6,9,0,1,1,0,0,0,0,2,5,3,3,1,3,0
16022,4,13,432,2018,1,7,12,0,0,1,0,0,0,1,2,0,6,3,0,2,1
16023,1,4,111,2018,2,6,2,0,0,1,1,0,0,0,2,6,3,3,0,3,0
16024,4,8,423,2018,1,4,17,0,1,0,1,0,0,0,2,6,4,3,1,3,0
16025,2,9,221,2018,2,4,13,0,0,1,1,0,0,0,2,6,4,3,0,3,0
16026,4,12,431,2018,1,7,0,0,0,1,0,0,0,0,1,8,7,3,1,3,0
16027,5,7,515,2018,2,2,11,0,0,1,0,0,0,0,1,2,6,3,0,3,0
16028,2,9,221,2018,1,7,13,0,0,0,0,0,0,1,1,5,3,3,0,3,0
16029,5,14,522,2018,2,4,11,0,0,1,1,0,0,0,2,6,2,3,0,1,1
16030,2,14,227,2018,1,7,18,0,0,1,0,0,0,0,1,5,3,3,0,3,0
16031,1,5,114,2018,2,3,16,0,1,0,1,0,0,0,2,6,3,3,2,3,0
16032,3,1,303,2018,1,7,18,0,1,1,0,0,0,0,2,3,6,3,0,3,0
16033,5,6,514,2018,2,7,14,0,0,1,0,1,0,0,2,5,2,3,1,3,0
16034,7,4,705,2018,2,1,23,0,0,1,1,0,0,0,2,6,4,3,1,3,0
16035,1,14,132,2018,2,5,9,0,0,1,0,0,1,0,2,5,3,3,0,3,0
16036,1,4,112,2018,1,7,22,0,0,1,0,0,0,0,1,0,7,3,0,3,0
16037,5,5,513,2018,2,5,7,0,0,1,0,1,0,0,2,5,3,3,0,3,0
16038,2,1,201,2018,1,4,12,0,1,1,0,0,0,0,2,1,6,3,1,3,0
16039,3,1,309,2018,2,4,7,0,0,1,0,0,0,0,1,2,6,3,0,3,0
16040,7,1,702,2018,1,6,13,0,0,0,1,0,0,1,2,6,4,3,0,3,0
16041,1,15,134,2018,1,6,14,0,0,1,0,0,1,0,2,2,6,3,0,3,0
16042,5,4,512,2018,2,7,10,0,0,1,0,0,0,0,1,4,7,3,1,3,0
16043,2,11,223,2018,2,7,13,0,0,1,0,0,0,0,1,5,3,3,0,2,1
16044,2,1,202,2018,2,5,12,0,0,1,0,1,0,0,2,0,7,3,0,3,0
16045,5,10,518,2018,2,7,10,0,0,1,0,0,0,1,2,5,3,3,1,3,0
16046,2,5,217,2018,2,1,2,0,0,0,1,0,0,1,2,6,7,3,1,3,0
16047,5,1,503,2018,2,5,19,0,1,0,0,0,0,0,1,0,7,3,0,2,1
16048,6,2,603,2018,1,6,7,0,1,1,0,0,0,0,2,0,7,3,1,3,0
16049,5,16,524,2018,2,5,6,0,0,1,0,0,0,0,1,3,2,3,1,3,0
16050,1,12,130,2018,1,6,11,0,0,1,0,1,0,0,2,5,7,3,1,3,0
16051,1,11,128,2018,2,3,17,0,0,1,0,0,0,0,1,1,6,3,0,3,0
16052,1,8,126,2018,1,6,9,0,0,1,0,0,1,0,2,2,6,3,1,3,0
16053,4,10,427,2018,2,7,12,0,0,1,0,0,0,0,1,2,6,3,1,3,0
16054,5,18,526,2018,2,2,8,0,1,0,0,0,1,0,2,4,6,3,2,3,0
16055,1,11,129,2018,2,6,20,0,0,1,0,0,0,1,2,5,3,3,1,3,0
16056,5,2,506,2018,1,6,20,0,0,0,1,0,0,1,2,0,7,3,0,2,1
16057,3,8,320,2018,2,7,10,0,0,1,1,0,0,0,2,6,2,3,1,3,0
16058,6,2,602,2018,2,6,11,0,1,1,0,0,0,0,2,5,3,3,0,3,0
16059,1,11,128,2018,1,4,19,0,0,1,0,0,0,0,1,1,6,3,1,3,0
16060,3,3,313,2018,2,2,8,0,0,1,0,0,0,1,2,6,5,3,0,2,1
16061,7,14,715,2018,2,4,10,0,0,1,1,0,0,0,2,6,2,3,0,3,0
16062,5,7,515,2018,1,6,6,0,1,0,0,0,0,1,2,3,2,3,0,3,0
16063,4,10,427,2018,2,3,7,0,1,1,0,0,0,0,2,5,3,3,0,3,0
16064,5,10,518,2018,1,6,21,0,0,1,0,0,0,0,1,2,2,3,1,3,0
16065,1,4,111,2018,2,7,3,0,0,1,1,0,0,0,2,6,4,3,1,3,0
16066,2,12,225,2018,2,5,6,0,1,1,0,0,0,0,2,5,3,3,0,3,0
16067,5,17,525,2018,1,6,14,0,1,1,0,0,0,0,2,5,3,3,0,3,0
16068,5,3,511,2018,2,3,5,0,0,1,0,0,0,0,1,3,6,3,1,3,0
16069,5,1,504,2018,1,6,20,0,0,1,0,0,0,0,1,3,3,3,0,3,0
16070,1,4,112,2018,2,7,11,0,1,0,1,0,0,0,2,6,6,3,0,3,0
16071,5,17,525,2018,2,2,11,0,0,1,0,0,0,0,1,2,6,3,2,3,0
16072,5,7,515,2018,2,6,18,0,0,1,1,0,0,0,2,6,2,3,1,3,0
16073,4,10,426,2018,1,6,14,0,1,0,0,0,0,1,2,5,2,3,0,3,0
16074,1,20,141,2018,2,6,15,0,1,0,0,0,0,0,1,5,2,3,1,3,0
16075,5,2,505,2018,2,6,8,0,0,1,0,0,0,1,2,2,6,3,0,3,0
16076,5,18,526,2018,1,4,15,0,0,1,0,0,0,0,1,2,2,3,1,3,0
16077,5,4,512,2018,2,4,5,0,0,1,0,0,0,0,1,4,2,3,1,3,0
16078,2,6,218,2018,2,2,13,0,0,1,1,0,0,0,2,6,7,3,0,3,0
16079,2,10,222,2018,1,6,17,0,0,1,0,0,0,0,1,5,3,3,0,3,0
16080,2,4,213,2018,2,3,15,0,0,1,1,0,0,0,2,6,4,3,0,3,0
16081,4,2,403,2018,1,6,14,0,1,1,0,0,0,0,2,5,3,3,0,3,0
16082,7,2,703,2018,2,6,17,0,0,1,0,0,0,1,2,2,6,3,1,3,0
16083,3,2,312,2018,2,2,20,0,0,1,0,0,0,1,2,3,3,3,1,3,0
16084,1,16,136,2018,2,5,14,0,0,0,0,0,0,1,1,9,1,3,0,3,0
16085,2,3,208,2018,1,6,9,0,0,1,0,0,0,0,1,0,7,3,0,3,0
16086,7,1,701,2018,2,6,16,0,0,1,1,0,0,0,2,6,4,3,1,2,1
16087,7,14,715,2018,2,5,7,0,1,1,0,0,0,0,2,5,3,3,0,3,0
16088,2,5,215,2018,1,4,18,0,0,1,0,0,0,0,1,4,2,3,1,3,0
16089,2,8,220,2018,2,2,11,0,0,1,0,0,0,0,1,2,6,3,1,3,0
16090,2,9,221,2018,2,6,17,0,1,0,0,0,0,0,1,7,7,3,0,3,0
16091,7,9,710,2018,1,5,7,0,1,1,0,0,0,0,2,5,2,3,1,3,0
16092,7,1,701,2018,2,6,14,0,1,0,0,0,0,0,1,5,3,3,0,3,0
16093,3,6,318,2018,2,6,9,0,1,1,0,0,0,0,2,5,3,3,0,3,0
16094,4,13,432,2018,1,4,14,0,0,0,1,0,1,0,2,6,4,3,1,3,0
16095,4,5,408,2018,2,4,12,0,1,1,0,0,0,0,2,4,2,3,0,3,0
16096,6,2,602,2018,1,5,19,0,0,1,0,0,0,0,1,2,2,3,0,3,0
16097,7,14,715,2018,2,2,13,0,1,0,1,0,0,0,2,6,7,3,0,2,1
16098,1,12,130,2018,1,5,4,0,0,1,0,0,0,0,1,8,1,3,1,3,0
16099,1,16,136,2018,2,6,15,0,0,1,0,1,0,0,2,4,6,3,0,3,0
16100,5,3,510,2018,2,1,18,0,0,1,0,0,0,0,1,4,7,3,1,3,0
16101,5,13,521,2018,2,5,20,0,0,1,0,1,0,0,2,0,2,3,0,3,0
16102,1,14,132,2018,1,5,16,0,0,1,0,0,0,1,2,5,3,3,0,3,0
16103,5,18,526,2018,2,5,6,0,1,1,0,0,0,0,2,3,2,3,0,3,0
16104,3,1,310,2018,1,4,7,0,1,1,0,0,0,0,2,4,2,3,1,3,0
16105,1,1,101,2018,2,4,19,0,0,1,0,0,0,0,1,2,2,3,0,3,0
16106,5,18,526,2018,1,5,11,0,1,1,0,0,0,0,2,3,2,3,0,3,0
16107,4,3,406,2018,2,4,14,0,0,1,1,0,0,0,2,6,7,3,0,2,1
16108,5,18,526,2018,1,5,16,0,0,1,0,0,0,1,2,3,6,3,0,3,0
16109,3,8,320,2018,2,2,8,0,0,1,0,0,0,0,1,1,5,3,1,3,0
16110,3,9,321,2018,1,5,8,0,0,1,0,0,1,0,2,3,6,3,0,3,0
16111,1,16,136,2018,2,6,8,0,0,1,0,0,1,0,2,2,6,3,1,3,0
16112,7,10,711,2018,2,7,22,0,0,1,0,0,0,0,1,5,3,3,0,3,0
16113,2,8,220,2018,2,5,11,0,0,1,0,0,1,0,2,3,6,3,0,3,0
16114,2,7,219,2018,1,5,17,0,1,1,0,0,0,0,2,5,3,3,0,3,0
16115,6,2,602,2018,1,3,7,0,1,1,0,0,0,0,2,2,7,3,1,3,0
16116,4,5,412,2018,2,5,13,0,1,1,0,0,0,0,2,5,3,3,0,3,0
16117,3,6,318,2018,1,5,11,0,1,1,0,0,0,0,2,5,3,3,0,3,0
16118,5,18,526,2018,2,3,14,0,0,1,0,0,0,0,1,1,5,3,0,3,0
16119,3,2,312,2018,1,5,19,0,0,0,1,0,0,1,2,0,4,3,0,3,0
16120,1,16,137,2018,2,6,12,0,0,0,1,0,0,1,2,7,7,3,1,3,0
16121,5,5,513,2018,2,2,10,0,0,1,0,0,0,0,1,3,6,3,1,3,0
16122,1,12,130,2018,2,6,18,0,0,1,0,0,0,0,1,4,6,3,1,3,0
16123,7,1,701,2018,1,4,13,0,0,1,1,0,0,0,2,6,7,3,0,3,0
16124,6,2,602,2018,2,6,18,0,0,1,1,0,0,0,2,6,2,3,0,3,0
16125,6,1,601,2018,2,6,11,0,0,1,0,0,0,0,1,5,3,3,0,3,0
16126,1,5,113,2018,1,4,10,0,0,1,0,0,0,0,1,2,6,3,1,3,0
16127,6,1,601,2018,2,6,19,0,0,1,0,0,0,0,1,5,3,3,1,3,0
16128,6,2,602,2018,1,4,6,0,0,1,0,0,0,0,1,1,6,3,1,3,0
16129,3,5,317,2018,2,7,7,0,0,1,1,0,0,0,2,6,3,3,0,3,0
16130,3,2,311,2018,2,5,7,0,0,0,1,0,0,1,2,6,2,3,0,2,1
16131,2,4,214,2018,2,5,8,0,0,0,1,0,0,1,2,6,2,3,0,3,0
16132,1,12,130,2018,1,4,18,0,0,0,1,0,0,1,2,6,7,3,0,3,0
16133,5,7,515,2018,2,3,13,0,0,1,1,0,0,0,2,6,4,3,0,2,1
16134,1,13,131,2018,1,4,11,0,0,1,0,0,0,0,1,5,3,3,0,3,0
16135,4,7,416,2018,2,2,7,0,0,0,1,0,0,1,2,6,4,3,1,2,1
16136,5,7,515,2018,2,6,10,0,1,0,0,0,0,0,1,2,6,3,0,3,0
16137,5,18,526,2018,1,4,17,0,0,1,0,0,0,0,1,5,3,3,0,3,0
16138,5,12,520,2018,2,6,15,0,1,0,0,0,0,0,1,0,7,3,0,3,0
16139,5,7,515,2018,1,4,8,0,0,1,0,0,0,1,2,5,3,3,1,3,0
16140,5,11,519,2018,2,4,16,0,0,1,0,0,0,0,1,2,6,3,0,3,0
16141,5,5,513,2018,1,4,7,0,1,1,0,0,0,0,2,5,3,3,1,2,1
16142,1,16,136,2018,2,4,13,0,0,1,0,0,0,1,2,0,3,3,0,3,0
16143,5,6,514,2018,1,4,6,0,0,1,0,0,0,0,1,5,2,3,1,3,0
16144,2,11,224,2018,2,3,13,0,0,1,0,1,0,0,2,2,6,3,0,3,0
16145,5,7,515,2018,1,4,18,0,0,0,1,0,0,1,2,6,4,3,0,3,0
16146,3,6,318,2018,2,2,18,0,1,1,0,0,0,0,2,2,6,3,2,3,0
16147,2,7,219,2018,2,6,15,0,1,0,1,0,0,0,2,6,6,3,1,3,0
16148,5,11,519,2018,1,4,8,0,0,1,0,0,1,0,2,5,3,3,1,3,0
16149,3,3,314,2018,2,6,7,0,1,1,0,0,0,0,2,4,2,3,0,3,0
16150,4,10,428,2018,1,4,7,0,0,1,1,0,0,0,2,6,2,3,1,3,0
16151,3,8,320,2018,2,4,11,0,1,1,0,0,0,0,2,5,2,3,0,3,0
16152,5,13,521,2018,1,4,17,0,0,1,0,0,0,0,1,2,6,3,0,3,0
16153,5,5,513,2018,2,2,8,0,0,1,0,0,0,1,2,2,6,3,1,3,0
16154,4,13,432,2018,1,4,7,0,1,1,0,0,0,0,2,5,3,3,1,2,1
16155,3,1,302,2018,2,2,9,0,0,1,0,1,0,0,2,5,7,3,1,3,0
16156,4,13,432,2018,2,1,9,0,0,1,0,0,0,0,1,4,1,3,1,3,0