SN,District,Imperial_Circle,Community,Year,Month,Weekday,Hour,Road,Cycle,Car,Pedestrians,Motorcycle,Goods Vehicle,Others,Total,Collision Type,Accident Type,Light Condition,Road Condition,Accident_Severity,Tend_to_Death
17047,4,9,424,2018,4,6,12,0,1,1,0,0,0,0,2,5,3,3,0,3,0
17048,1,2,104,2018,4,1,1,0,0,0,0,1,0,1,2,0,7,3,0,3,0
17049,4,6,415,2018,4,5,12,0,0,1,0,0,0,0,1,3,6,3,0,3,0
17050,3,2,311,2018,4,3,13,0,1,0,1,0,0,0,2,6,4,3,1,3,0
17051,7,1,702,2018,4,7,11,0,1,0,1,0,0,0,2,6,3,3,0,3,0
17052,6,6,607,2018,4,3,8,0,0,1,0,0,0,0,1,1,6,3,0,2,1
17053,1,11,129,2018,4,7,15,0,0,1,0,0,0,0,1,2,2,3,1,3,0
17054,2,4,214,2018,4,1,12,0,1,0,0,0,0,0,1,0,7,3,0,3,0
17055,2,12,225,2018,4,7,15,0,0,1,0,0,0,0,1,3,7,3,1,3,0
17056,1,6,118,2018,4,7,16,0,0,1,0,1,0,0,2,2,6,3,0,3,0
17057,1,8,124,2018,4,7,22,0,0,1,0,0,0,0,1,1,7,3,0,3,0
17058,5,6,514,2018,4,7,17,0,0,1,0,0,0,1,2,0,6,3,0,3,0
17059,3,7,319,2018,4,6,14,0,0,1,0,0,0,0,1,1,5,3,0,2,1
17060,5,3,510,2018,4,1,22,0,0,1,0,0,0,0,1,2,6,3,1,3,0
17061,5,2,505,2018,4,7,18,0,0,1,0,0,0,0,1,2,6,3,1,3,0
17062,5,7,515,2018,4,7,12,0,0,1,0,0,0,0,1,2,2,3,0,2,1
17063,1,11,129,2018,4,6,8,0,0,0,1,0,1,0,2,6,4,3,0,2,1
17064,5,11,519,2018,4,7,12,0,0,1,0,0,0,0,1,2,6,3,0,3,0
17065,4,10,427,2018,4,6,0,0,0,1,0,0,0,0,1,2,6,3,0,3,0
17066,5,11,519,2018,4,7,12,0,0,1,0,0,0,0,1,2,6,3,0,3,0
17067,3,3,313,2018,4,5,17,0,0,1,0,0,0,0,1,5,2,3,0,3,0
17068,7,2,703,2018,4,2,7,0,0,1,0,0,0,0,1,5,2,3,0,3,0
17069,5,14,522,2018,4,7,21,0,0,0,0,1,0,0,1,0,7,3,0,3,0
17070,3,6,318,2018,4,3,9,0,0,1,0,0,1,0,2,5,3,3,0,3,0
17071,7,4,705,2018,4,7,10,0,1,1,0,0,0,0,2,4,2,3,0,3,0
17072,1,5,114,2018,4,7,14,0,1,0,0,0,0,0,1,3,6,3,1,3,0
17073,4,5,413,2018,4,7,16,0,1,1,0,0,0,0,2,3,6,3,0,3,0
17074,6,1,601,2018,4,3,7,0,1,1,0,0,0,0,2,5,3,3,0,3,0
17075,4,4,407,2018,4,7,18,0,1,1,0,0,0,0,2,1,7,3,0,2,1
17076,2,1,201,2018,4,6,6,0,1,1,0,0,0,0,2,5,3,3,0,3,0
17077,4,5,413,2018,4,7,23,0,0,1,1,0,0,0,2,6,4,3,0,2,1
17078,1,12,130,2018,4,4,12,0,0,1,0,0,0,0,1,5,3,3,0,3,0
17079,4,11,430,2018,4,2,14,0,0,1,0,0,0,0,1,2,6,3,0,3,0
17080,2,5,217,2018,4,7,10,0,1,1,0,0,0,0,2,5,3,3,0,3,0
17081,7,1,702,2018,4,4,7,0,0,1,0,0,0,0,1,1,6,3,0,3,0
17082,6,6,607,2018,4,2,18,0,0,1,0,1,0,0,2,5,3,3,0,3,0
17083,3,1,301,2018,4,7,12,0,1,1,0,0,0,0,2,5,3,3,0,3,0
17084,1,8,122,2018,4,7,16,0,0,1,0,1,0,0,2,5,3,3,0,3,0
17085,1,12,130,2018,4,6,8,0,1,1,0,0,0,0,2,5,2,3,0,3,0
17086,2,3,210,2018,4,7,16,0,0,1,0,0,0,1,2,3,6,3,0,3,0
17087,5,6,514,2018,4,3,7,0,1,1,0,0,0,0,2,5,3,3,0,3,0
17088,3,3,314,2018,4,7,18,0,0,1,1,0,0,0,2,6,4,3,0,3,0
17089,7,16,717,2018,4,5,7,0,1,1,0,0,0,0,2,3,2,3,0,3,0
17090,3,1,310,2018,4,7,2,0,0,1,0,0,0,0,1,5,2,3,0,3,0
17091,5,7,515,2018,4,4,12,0,1,0,1,0,0,0,2,6,4,3,0,2,1
17092,2,11,223,2018,4,2,15,0,0,1,1,0,0,0,2,6,4,3,0,3,0
17093,1,4,111,2018,4,7,18,0,0,1,0,0,0,1,2,5,3,3,0,3,0
17094,7,9,710,2018,4,2,14,0,0,1,0,0,0,0,1,5,3,3,0,3,0
17095,1,5,114,2018,4,7,17,0,1,1,0,0,0,0,2,0,6,3,0,3,0
17096,1,4,109,2018,4,7,18,0,0,1,0,0,1,0,2,1,1,3,0,3,0
17097,5,18,526,2018,4,6,15,0,0,1,0,0,0,0,1,2,6,3,0,3,0
17098,1,1,101,2018,4,7,16,0,0,1,0,1,0,0,2,0,7,3,0,3,0
17099,1,20,141,2018,4,6,11,0,0,1,0,1,0,0,2,5,3,3,0,3,0
17100,5,1,502,2018,4,7,18,0,0,1,0,1,0,0,2,3,2,3,0,3,0
17101,7,9,710,2018,4,6,18,0,0,1,1,0,0,0,2,6,4,3,0,3,0
17102,6,8,609,2018,4,6,15,0,0,1,0,0,0,0,1,4,6,3,0,3,0
17103,6,5,606,2018,4,6,16,0,0,0,1,1,0,0,2,6,4,3,0,2,1
17104,1,11,128,2018,4,5,14,0,0,1,0,1,0,0,2,0,7,3,0,3,0
17105,4,8,423,2018,4,3,19,0,0,1,1,0,0,0,2,6,7,3,0,3,0
17106,1,13,131,2018,4,6,13,0,0,1,0,0,1,0,2,4,7,3,0,2,1
17107,4,8,420,2018,4,4,13,0,0,1,0,0,0,1,2,5,3,3,0,3,0
17108,6,6,607,2018,4,1,22,0,0,1,0,0,0,0,1,5,3,3,0,2,1
17109,1,11,129,2018,4,6,7,0,0,0,1,0,1,0,2,6,4,3,0,3,0
17110,6,2,603,2018,4,6,15,0,0,1,0,0,0,0,1,5,3,3,0,3,0
17111,1,11,128,2018,4,6,17,0,0,1,0,1,0,0,2,1,6,3,0,3,0
17112,5,7,515,2018,4,6,16,0,1,1,0,0,0,0,2,3,2,3,0,3,0
17113,5,11,519,2018,4,6,13,0,1,1,0,0,0,0,2,5,3,3,0,3,0
17114,3,6,318,2018,4,5,7,0,1,1,0,0,0,0,2,5,3,3,0,3,0
17115,1,20,141,2018,4,2,15,0,1,1,0,0,0,0,2,5,3,3,0,3,0
17116,5,5,513,2018,5,5,21,0,0,1,0,0,0,0,1,4,2,3,1,3,0
17117,4,5,409,2018,5,5,18,0,0,1,0,0,0,0,1,2,6,3,0,3,0
17118,4,5,409,2018,5,3,17,0,0,1,1,0,0,0,2,6,4,3,0,2,1
17119,4,5,411,2018,5,5,18,0,1,1,0,0,0,0,2,5,3,3,0,3,0
17120,2,4,213,2018,5,3,14,0,1,1,0,0,0,0,2,2,6,3,0,3,0
17121,2,7,219,2018,5,2,9,0,0,1,0,0,0,0,1,1,5,3,0,3,0
17122,4,8,419,2018,5,5,11,0,0,1,0,0,0,1,2,3,6,3,0,3,0
17123,6,1,601,2018,5,1,12,0,1,1,0,0,0,0,2,5,3,3,0,2,1
17124,4,10,427,2018,5,5,15,0,1,0,0,0,0,1,2,3,6,3,0,3,0
17125,1,4,109,2018,5,1,17,0,1,0,0,0,0,0,1,3,6,3,0,3,0
17126,4,4,407,2018,5,7,21,0,0,1,0,0,0,0,1,4,7,3,0,3,0
17127,2,8,220,2018,5,5,16,0,1,0,0,0,0,1,2,5,3,3,0,3,0
17128,2,4,214,2018,5,5,9,0,1,1,0,0,0,0,2,2,6,3,0,3,0
17129,1,7,120,2018,5,4,17,0,0,1,0,0,0,0,1,2,6,3,0,3,0
17130,3,3,314,2018,5,5,14,0,1,1,0,0,0,0,2,5,3,3,0,3,0
17131,7,13,714,2018,5,2,8,0,0,1,0,1,0,0,2,0,6,3,0,3,0
17132,3,2,312,2018,5,5,8,0,1,1,0,0,0,0,2,1,5,3,0,3,0
17133,1,5,114,2018,5,3,22,0,0,1,0,1,0,0,2,0,5,3,0,2,1
17134,1,3,106,2018,5,2,17,0,0,1,0,0,0,0,1,1,7,3,0,3,0
17135,3,2,312,2018,5,5,11,0,0,1,0,0,0,0,1,2,6,3,0,3,0
17136,4,10,427,2018,5,7,14,0,1,1,0,0,0,0,2,3,2,3,0,3,0
17137,5,2,509,2018,5,6,14,0,1,1,0,0,0,0,2,5,3,3,0,2,1
17138,2,1,201,2018,5,3,8,0,0,1,0,0,0,0,1,5,2,3,0,3,0
17139,2,7,219,2018,5,2,7,0,1,1,0,0,0,0,2,3,2,3,0,3,0
17140,1,1,101,2018,5,5,8,0,1,0,0,0,0,1,2,0,3,3,0,3,0
17141,1,20,141,2018,5,4,18,0,1,1,0,0,0,0,2,0,3,3,0,3,0
17142,1,8,123,2018,5,7,10,0,0,1,0,0,0,1,2,5,2,3,0,3,0
17143,3,3,313,2018,5,7,13,0,1,0,0,0,0,0,1,4,6,3,0,3,0
17144,3,4,315,2018,5,7,22,0,0,1,0,1,0,0,2,3,5,3,0,3,0
17145,7,16,717,2018,5,6,6,0,0,1,0,0,0,0,1,4,6,3,0,3,0
17146,1,15,134,2018,5,4,7,0,0,1,0,0,0,1,2,1,6,3,0,3,0
17147,3,8,320,2018,5,4,12,0,0,0,1,0,0,1,2,0,4,3,0,3,0
17148,6,1,601,2018,5,4,14,0,0,1,0,0,0,0,1,5,3,3,0,3,0
17149,5,3,511,2018,5,2,14,0,0,1,0,0,0,0,1,2,6,3,0,3,0
17150,6,13,614,2018,5,4,12,0,1,1,0,0,0,0,2,4,2,3,0,2,1
17151,6,2,602,2018,5,2,8,0,1,1,0,0,0,0,2,3,6,3,0,2,1
17152,1,8,125,2018,5,1,23,0,0,1,0,0,0,0,1,5,3,3,0,2,1
17153,1,11,129,2018,5,4,16,0,1,0,0,0,0,1,2,0,3,3,0,3,0
17154,5,1,504,2018,5,6,19,0,1,1,0,0,0,0,2,1,3,3,0,2,1
17155,1,11,129,2018,5,4,7,0,0,1,0,0,0,0,1,1,3,3,0,3,0
17156,7,1,702,2018,5,3,12,0,1,1,0,0,0,0,2,3,6,3,0,3,0
17157,3,9,321,2018,5,3,7,0,1,1,0,0,0,0,2,5,3,3,0,3,0
17158,1,12,130,2018,5,4,15,0,0,1,0,1,0,0,2,4,2,3,0,3,0
17159,3,2,312,2018,5,4,11,0,0,1,0,0,0,0,1,2,2,3,0,3,0
17160,1,7,119,2018,5,4,18,0,0,1,0,1,0,0,2,1,2,3,0,3,0
17161,2,8,220,2018,5,2,16,0,1,1,0,0,0,0,2,5,3,3,0,3,0
17162,5,2,507,2018,5,4,17,0,0,0,0,1,0,0,1,0,7,3,0,3,0
17163,5,3,511,2018,5,2,9,0,0,1,0,0,0,0,1,5,3,3,0,3,0
17164,5,1,504,2018,5,1,15,0,0,1,0,0,0,0,1,5,3,3,0,3,0
17165,5,3,510,2018,5,4,13,0,1,1,0,0,0,0,2,5,3,3,0,3,0
17166,6,1,601,2018,5,5,21,0,0,1,0,0,0,0,1,5,3,3,1,3,0
17167,5,9,517,2018,5,4,7,0,1,1,0,0,0,0,2,1,5,3,0,3,0
17168,5,7,515,2018,5,3,14,0,0,1,0,0,0,0,1,2,6,3,0,3,0
17169,4,11,430,2018,5,4,18,0,0,1,0,0,0,1,2,4,6,3,0,3,0
17170,2,4,212,2018,5,3,16,0,1,1,0,0,0,0,2,3,6,3,0,3,0
17171,4,7,416,2018,5,2,9,0,0,1,0,1,0,0,2,5,3,3,0,3,0
17172,5,12,520,2018,5,4,16,0,0,0,0,0,1,1,2,1,5,3,0,3,0
17173,1,16,137,2018,5,1,20,0,0,1,0,0,0,0,1,5,3,3,0,2,1
17174,4,8,423,2018,5,4,15,0,0,1,0,0,0,1,2,2,6,3,0,3,0
17175,4,10,428,2018,5,1,0,0,0,1,0,0,0,0,1,3,6,3,0,3,0
17176,5,7,515,2018,5,7,20,0,0,1,0,0,0,0,1,2,2,3,0,3,0
17177,3,8,320,2018,5,4,13,0,0,1,1,0,0,0,2,6,4,3,0,3,0
17178,3,3,313,2018,5,2,17,0,1,1,0,0,0,0,2,5,3,3,0,3,0
17179,2,5,216,2018,5,4,11,0,0,1,0,0,0,0,1,2,2,3,0,3,0
17180,5,7,515,2018,5,1,15,0,1,1,0,0,0,0,2,5,2,3,0,3,0
17181,4,13,432,2018,5,2,17,0,0,1,0,0,0,0,1,2,2,3,0,3,0
17182,6,1,601,2018,5,7,1,0,0,1,0,0,0,0,1,8,1,3,0,2,1
17183,2,8,220,2018,5,4,10,0,0,1,1,0,0,0,2,6,4,3,0,3,0
17184,2,5,216,2018,5,4,7,0,1,1,0,0,0,0,2,5,3,3,0,3,0
17185,5,2,508,2018,5,5,16,0,0,1,0,1,0,0,2,0,6,3,1,3,0
17186,7,8,709,2018,5,6,14,0,0,1,0,0,0,0,1,5,3,3,0,3,0
17187,2,7,219,2018,5,4,6,0,0,1,0,1,0,0,2,0,2,3,0,3,0
17188,5,1,501,2018,5,3,8,0,1,1,0,0,0,0,2,5,3,3,0,3,0
17189,4,2,405,2018,5,4,15,0,1,1,0,0,0,0,2,2,6,3,0,2,1
17190,3,3,314,2018,5,3,18,0,1,1,0,0,0,0,2,2,6,3,0,3,0
17191,3,4,316,2018,5,2,12,0,0,0,0,0,0,1,1,3,7,3,0,3,0
17192,2,1,203,2018,5,4,16,0,1,0,1,0,0,0,2,6,4,3,0,3,0
17193,1,6,115,2018,5,1,11,0,0,1,0,0,0,0,1,3,2,3,0,3,0
17194,1,4,112,2018,5,4,7,0,1,0,0,0,0,1,2,3,6,3,0,3,0
17195,6,6,607,2018,5,7,11,0,1,0,0,0,0,0,1,2,6,3,0,3,0
17196,1,3,108,2018,5,7,21,0,0,1,0,1,0,0,2,0,5,3,0,3,0
17197,4,6,415,2018,5,7,18,0,0,1,0,0,0,0,1,5,3,3,0,3,0
17198,7,1,702,2018,5,6,13,0,0,1,0,0,0,0,1,1,7,3,0,3,0
17199,1,4,109,2018,5,4,10,0,0,1,0,1,0,0,2,4,2,3,0,3,0
17200,4,8,418,2018,5,4,17,0,0,1,0,0,0,0,1,1,5,3,0,3,0
17201,1,5,114,2018,5,4,11,0,0,1,1,0,0,0,2,6,4,3,0,3,0
17202,7,9,710,2018,5,3,5,0,0,1,0,0,0,0,1,7,1,3,0,2,1
17203,3,4,316,2018,5,7,22,0,1,1,0,0,0,0,2,1,5,3,0,3,0
17204,1,11,129,2018,5,3,23,0,0,1,0,0,0,0,1,5,3,3,0,3,0
17205,6,1,601,2018,5,4,16,0,0,1,0,0,0,0,1,1,6,3,0,3,0
17206,1,8,121,2018,5,3,19,0,0,1,0,0,1,0,2,3,6,3,1,3,0
17207,3,2,312,2018,5,3,18,0,0,1,0,0,0,0,1,0,7,3,0,2,1
17208,1,7,119,2018,5,3,18,0,0,1,0,0,0,0,1,3,6,3,1,3,0
17209,1,3,108,2018,5,3,13,0,0,1,0,0,0,0,1,4,2,3,0,3,0
17210,3,2,311,2018,5,2,14,0,0,0,1,0,0,1,2,0,4,3,0,3,0
17211,5,3,511,2018,5,3,19,0,0,1,0,0,0,0,1,9,7,3,1,3,0
17212,4,12,431,2018,5,3,17,0,0,1,0,0,0,0,1,2,6,3,1,3,0
17213,4,13,432,2018,5,7,13,0,1,1,0,0,0,0,2,1,5,3,0,3,0
17214,1,5,114,2018,5,7,16,0,1,0,1,0,0,0,2,0,7,3,0,3,0
17215,1,3,106,2018,5,7,16,0,1,0,0,0,0,0,1,0,7,3,0,3,0
17216,4,5,409,2018,5,3,11,0,0,1,0,0,0,0,1,1,5,3,1,3,0
17217,2,9,221,2018,5,4,21,0,0,1,0,0,0,0,1,0,7,3,0,3,0
17218,4,8,423,2018,5,3,2,0,0,1,0,0,0,0,1,3,6,3,0,3,0
17219,5,7,515,2018,5,2,9,0,0,1,0,0,0,1,2,3,5,3,0,3,0
17220,3,1,307,2018,5,3,15,0,0,1,0,1,0,0,2,0,3,3,1,3,0
17221,1,11,129,2018,5,2,8,0,0,1,0,0,0,0,1,2,6,3,0,3,0
17222,4,12,431,2018,5,1,13,0,0,1,0,0,0,0,1,2,6,3,0,3,0
17223,2,2,207,2018,5,3,15,0,0,1,0,0,0,0,1,4,2,3,1,3,0
17224,7,4,705,2018,5,2,14,0,0,1,0,0,1,1,3,1,5,3,0,3,0
17225,2,2,207,2018,5,3,3,0,0,0,1,0,0,1,2,6,4,3,0,2,1
17226,7,9,710,2018,5,2,18,0,0,1,0,0,0,0,1,2,2,3,0,3,0
17227,7,9,710,2018,5,1,15,0,1,1,0,0,0,0,2,5,3,3,0,3,0
17228,1,3,105,2018,5,3,0,0,0,0,1,0,0,1,2,6,4,3,0,3,0
17229,4,13,432,2018,5,6,11,0,0,1,0,0,0,0,1,2,6,3,0,3,0
17230,7,1,702,2018,4,2,12,0,1,1,0,0,0,0,2,5,3,3,1,3,0
17231,1,3,105,2018,5,4,10,0,0,0,1,0,0,1,2,6,7,3,0,3,0
17232,3,8,320,2018,5,3,15,0,1,1,0,0,0,0,2,5,3,3,0,3,0
17233,7,4,705,2018,4,2,17,0,0,1,1,0,0,0,2,6,4,3,0,2,1
17234,3,5,317,2018,5,2,15,0,1,0,0,0,0,1,2,5,3,3,0,3,0
17235,1,16,137,2018,4,2,22,0,0,1,0,0,0,0,1,2,6,3,0,3,0
17236,5,7,515,2018,5,2,10,0,0,1,0,1,0,0,2,0,6,3,0,2,1
17237,3,5,317,2018,5,1,19,0,1,1,0,0,0,0,2,5,3,3,0,3,0
17238,1,6,118,2018,5,6,0,0,0,1,0,0,0,0,1,5,3,3,0,3,0
17239,2,8,220,2018,5,7,15,0,1,1,0,0,0,0,2,5,2,3,0,3,0
17240,1,16,137,2018,4,2,18,0,0,1,0,1,0,0,2,4,2,3,0,3,0
17241,1,12,130,2018,4,2,19,0,1,1,0,0,0,0,2,5,3,3,0,3,0
17242,1,11,129,2018,5,5,14,0,0,1,0,1,0,0,2,4,2,3,1,3,0
17243,1,12,130,2018,4,2,13,0,0,1,0,0,1,0,2,2,6,3,1,3,0
17244,2,8,220,2018,5,6,16,0,1,1,0,0,0,0,2,5,3,3,0,3,0
17245,1,12,130,2018,4,2,19,0,0,1,0,0,0,0,1,3,6,3,0,2,1
17246,1,13,131,2018,5,3,18,0,0,0,0,1,1,0,2,0,7,3,0,3,0
17247,1,14,132,2018,4,2,9,0,0,1,0,0,0,0,1,5,3,3,0,3,0
17248,2,7,219,2018,5,3,8,0,0,1,0,1,0,0,2,1,6,3,0,3,0
17249,1,7,120,2018,4,2,8,0,0,0,0,1,0,0,1,0,1,3,1,3,0
17250,1,3,108,2018,5,2,3,0,0,1,0,0,0,0,1,4,2,3,0,3,0
17251,1,14,133,2018,4,2,11,0,1,0,0,0,1,0,2,1,5,3,0,3,0
17252,4,5,410,2018,5,1,20,0,1,1,0,0,0,0,2,1,5,3,0,3,0
17253,4,5,410,2018,5,2,9,0,1,1,0,0,0,0,2,3,6,3,0,3,0
17254,1,8,126,2018,5,7,19,0,1,1,0,0,0,0,2,0,5,3,0,3,0
17255,5,6,514,2018,5,6,23,0,0,1,0,1,0,0,2,4,6,3,0,3,0
17256,5,4,512,2018,4,2,17,0,0,1,1,0,0,0,2,6,3,3,0,3,0
17257,4,9,425,2018,4,2,7,0,1,1,0,0,0,0,2,3,2,3,0,3,0
17258,2,8,220,2018,5,5,17,0,1,1,0,0,0,0,2,5,3,3,0,3,0
17259,6,9,610,2018,5,6,15,0,0,1,0,1,0,0,2,5,3,3,0,2,1
17260,5,7,515,2018,4,2,15,0,1,1,0,0,0,0,2,0,7,3,1,3,0
17261,2,7,219,2018,5,3,19,0,0,1,0,1,0,1,3,4,6,3,0,1,1
17262,4,12,431,2018,4,2,11,0,0,1,0,0,0,1,2,2,2,3,1,3,0
17263,2,2,207,2018,5,3,8,0,1,1,0,0,0,0,2,1,5,3,0,3,0
17264,2,5,215,2018,5,2,9,0,0,1,1,0,0,0,2,6,4,3,0,3,0
17265,4,6,415,2018,4,2,18,0,0,1,1,0,0,0,2,1,5,3,0,3,0
17266,5,4,512,2018,5,6,12,0,0,1,0,0,0,0,1,5,3,3,0,3,0
17267,2,7,219,2018,4,2,10,0,0,1,0,0,0,1,2,2,6,3,0,3,0
17268,1,12,130,2018,5,7,15,0,1,1,0,0,0,0,2,5,3,3,0,3,0
17269,4,13,432,2018,5,3,16,0,0,1,0,0,0,0,1,2,6,3,0,3,0
17270,3,1,304,2018,4,2,7,0,1,0,0,0,0,0,1,5,3,3,0,3,0
17271,2,1,203,2018,5,3,9,0,0,1,0,1,0,0,2,2,6,3,0,3,0
17272,2,7,219,2018,5,2,17,0,0,1,1,0,0,0,2,6,4,3,0,3,0
17273,4,2,404,2018,4,2,16,0,0,1,0,1,0,0,2,3,7,3,1,3,0
17274,6,4,605,2018,5,1,12,0,0,1,0,1,0,0,2,2,6,3,0,2,1
17275,3,1,309,2018,4,2,10,0,1,0,0,0,0,1,2,3,2,3,0,3,0
17276,3,1,302,2018,5,1,17,0,0,1,0,1,0,0,2,1,5,3,0,3,0
17277,5,11,519,2018,5,7,12,0,1,1,0,0,0,0,2,4,2,3,0,3,0
17278,4,13,432,2018,5,6,14,0,0,1,0,0,0,1,2,1,6,3,0,3,0
17279,1,12,130,2018,4,1,19,0,1,1,0,0,0,0,2,5,3,3,0,3,0
17280,5,18,526,2018,4,1,15,0,0,1,0,0,0,0,1,4,3,3,0,3,0
17281,1,8,122,2018,5,4,11,0,0,1,0,0,0,0,1,2,2,3,0,3,0
17282,5,10,518,2018,4,1,9,0,0,1,0,0,0,0,1,2,6,3,0,3,0
17283,1,5,113,2018,5,3,10,0,0,1,0,0,0,0,1,3,7,3,0,3,0
17284,5,17,525,2018,4,1,9,0,0,1,0,0,0,0,1,5,3,3,0,3,0
17285,1,2,104,2018,5,3,11,0,0,0,0,1,0,0,1,9,1,3,0,2,1
17286,1,2,103,2018,5,2,19,0,1,1,0,0,0,0,2,1,6,3,0,3,0
17287,5,16,524,2018,4,1,21,0,0,0,0,1,0,0,1,0,7,3,0,3,0
17288,3,5,317,2018,5,6,9,0,0,1,0,1,0,0,2,5,3,3,0,3,0
17289,3,9,321,2018,4,1,1,0,0,1,0,0,0,0,1,5,3,3,0,3,0
17290,4,10,426,2018,5,7,18,0,0,1,0,0,0,0,1,0,7,3,0,3,0
17291,1,2,104,2018,5,6,13,0,1,1,0,0,0,0,2,5,3,3,0,3,0
17292,2,9,221,2018,5,6,8,0,1,0,1,0,0,0,2,6,7,3,0,3,0
17293,2,11,223,2018,4,1,19,0,0,1,0,0,0,0,1,4,2,3,0,3,0
17294,3,5,317,2018,5,4,8,0,1,1,0,0,0,0,2,4,2,3,0,3,0
17295,3,7,319,2018,5,7,15,0,0,0,1,0,0,1,2,6,2,3,0,3,0
17296,2,8,220,2018,4,1,19,0,0,1,1,0,0,0,2,6,4,3,0,3,0
17297,3,9,321,2018,5,4,13,0,0,0,1,0,0,1,2,6,4,3,0,3,0
17298,2,5,216,2018,4,1,14,0,1,1,0,0,0,0,2,0,7,3,0,3,0
17299,5,2,509,2018,5,2,16,0,1,1,0,0,0,1,3,1,5,3,0,3,0
17300,2,8,220,2018,4,1,13,0,0,1,0,0,0,0,1,5,3,3,0,3,0
17301,6,2,602,2018,5,2,11,0,1,1,0,0,0,0,2,3,6,3,0,3,0
17302,1,11,128,2018,5,1,16,0,0,1,0,0,0,0,1,5,3,3,0,3,0
17303,2,9,221,2018,5,6,13,0,1,1,0,0,0,0,2,5,3,3,0,2,1
17304,3,7,319,2018,4,1,5,0,0,1,0,0,1,0,2,1,5,3,0,3,0
17305,5,1,502,2018,5,6,16,0,0,1,0,0,0,0,1,3,2,3,0,3,0
17306,2,1,206,2018,4,1,15,0,0,1,0,1,0,0,2,3,6,3,0,3,0
17307,7,14,715,2018,5,3,18,0,0,1,1,0,0,0,2,6,3,3,0,2,1
17308,3,9,321,2018,5,3,17,0,1,1,0,0,0,0,2,3,2,3,0,3,0
17309,2,1,201,2018,4,1,0,0,0,1,0,0,0,0,1,5,3,3,0,3,0
17310,3,1,308,2018,5,2,8,0,1,0,0,0,1,0,2,3,2,3,0,1,1
17311,1,3,106,2018,4,1,1,0,0,1,0,0,0,0,1,2,6,3,0,3,0
17312,5,6,514,2018,5,1,0,0,1,1,0,0,0,0,2,1,7,3,0,3,0
17313,4,13,432,2018,5,2,13,0,1,1,0,0,0,0,2,5,3,3,0,3,0
17314,7,16,717,2018,4,7,18,0,0,1,0,0,0,0,1,8,7,3,0,2,1
17315,2,5,215,2018,5,2,17,0,0,1,0,0,0,1,2,8,2,3,0,3,0
17316,1,16,136,2018,4,7,12,0,0,1,0,0,0,0,1,2,2,3,0,3,0
17317,5,2,509,2018,5,2,12,0,0,1,0,0,1,0,2,2,6,3,0,3,0
17318,4,5,409,2018,5,1,15,0,0,0,0,1,0,1,2,0,6,3,1,3,0
17319,2,8,220,2018,5,6,13,0,0,1,0,0,0,0,1,2,6,3,0,3,0
17320,6,10,611,2018,4,7,12,0,0,1,1,0,0,0,2,6,4,3,0,3,0
17321,2,2,207,2018,5,6,14,0,1,1,0,0,0,0,2,5,7,3,0,3,0
17322,1,12,130,2018,4,7,10,0,0,1,0,0,0,0,1,5,3,3,0,3,0
17323,5,2,509,2018,5,3,11,0,0,1,0,0,0,0,1,2,6,3,0,3,0
17324,1,6,117,2018,4,7,0,0,0,1,0,0,0,0,1,1,5,3,0,3,0
17325,4,2,403,2018,5,3,9,0,0,1,0,1,0,0,2,1,6,3,0,3,0
17326,4,8,423,2018,5,2,17,0,0,1,0,0,0,0,1,2,6,3,0,3,0
17327,1,7,120,2018,4,7,13,0,0,1,0,0,0,0,1,2,6,3,0,3,0
17328,7,16,717,2018,5,1,13,0,0,1,0,1,0,0,2,4,2,3,0,3,0
17329,5,17,525,2018,4,7,16,0,1,1,0,0,0,0,2,5,7,3,0,2,1
17330,4,10,426,2018,5,1,12,0,0,1,0,0,0,0,1,5,3,3,0,3,0
17331,5,7,515,2018,5,7,15,0,1,1,0,0,0,0,2,0,3,3,0,3,0
17332,3,6,318,2018,5,6,17,0,0,1,0,0,0,0,1,2,6,3,0,3,0
17333,4,4,407,2018,4,7,19,0,1,1,0,0,0,0,2,3,2,3,0,3,0
17334,3,6,318,2018,4,7,16,0,0,0,0,1,0,0,1,8,1,3,0,3,0
17335,3,2,311,2018,5,5,16,0,0,1,0,0,0,0,1,3,7,3,0,3,0
17336,1,16,137,2018,5,7,21,0,0,1,0,0,0,0,1,5,3,3,0,3,0
17337,3,7,319,2018,5,6,8,0,1,1,0,0,0,0,2,4,2,3,0,3,0
17338,2,1,203,2018,4,7,20,0,0,1,0,0,0,0,1,1,5,3,0,3,0
17339,3,2,311,2018,4,7,15,0,1,1,0,0,0,0,2,2,6,3,0,3,0
17340,4,9,424,2018,5,5,13,0,1,1,0,0,0,0,2,5,3,3,0,3,0
17341,2,1,201,2018,4,7,1,0,0,1,1,0,0,0,2,6,2,3,0,3,0
17342,4,10,426,2018,5,3,6,0,1,1,0,0,0,0,2,5,3,3,0,3,0
17343,1,1,101,2018,4,7,16,0,0,1,0,0,0,0,1,3,6,3,0,3,0