SN,District,Imperial_Circle,Community,Year,Month,Weekday,Hour,Road,Cycle,Car,Pedestrians,Motorcycle,Goods Vehicle,Others,Total,Collision Type,Accident Type,Light Condition,Road Condition,Accident_Severity,Tend_to_Death
17344,2,4,214,2018,5,3,9,0,1,0,1,0,0,0,2,0,4,3,0,3,0
17345,2,7,219,2018,5,2,7,0,1,1,0,0,0,0,2,5,2,3,0,3,0
17346,1,19,140,2018,4,7,10,0,0,1,0,0,0,0,1,2,6,3,0,3,0
17347,3,1,304,2018,5,6,9,0,1,1,0,0,0,0,2,5,3,3,0,3,0
17348,1,13,131,2018,5,1,9,0,0,1,0,0,0,0,1,2,2,3,0,3,0
17349,1,15,134,2018,4,6,15,0,1,1,0,0,0,0,2,1,5,3,0,3,0
17350,1,19,140,2018,5,7,20,0,0,0,0,0,0,1,1,8,1,3,0,3,0
17351,4,8,421,2018,5,7,21,0,1,1,0,0,0,0,2,5,3,3,0,3,0
17352,2,3,210,2018,5,6,13,0,1,0,0,0,0,0,1,4,6,3,0,2,1
17353,6,2,602,2018,4,6,8,0,1,1,0,0,0,0,2,5,3,3,0,3,0
17354,3,3,313,2018,5,7,14,0,0,1,0,0,0,0,1,2,6,3,0,3,0
17355,1,12,130,2018,4,6,12,0,0,1,0,0,0,1,2,5,3,3,0,3,0
17356,5,18,526,2018,5,4,12,0,0,1,1,0,0,0,2,6,4,3,0,3,0
17357,1,6,117,2018,4,6,14,0,0,1,0,1,0,0,2,5,2,3,0,3,0
17358,7,8,709,2018,5,2,13,0,0,1,0,0,0,0,1,5,3,3,0,3,0
17359,1,6,117,2018,4,6,5,0,0,1,0,0,0,1,2,0,7,3,0,3,0
17360,7,16,717,2018,5,2,14,0,0,1,1,0,0,0,2,6,4,3,0,3,0
17361,1,5,114,2018,5,2,17,0,0,1,0,0,0,0,1,3,6,3,0,3,0
17362,2,1,204,2018,5,6,15,0,1,1,0,0,0,0,2,0,7,3,0,3,0
17363,5,6,514,2018,4,6,14,0,1,0,1,0,0,0,2,0,4,3,0,3,0
17364,2,1,206,2018,5,3,16,0,0,1,0,0,0,0,1,1,6,3,0,3,0
17365,5,5,513,2018,4,6,22,0,0,1,0,0,0,0,1,2,6,3,0,3,0
17366,1,3,108,2018,5,3,15,0,1,1,0,0,0,0,2,4,2,3,0,3,0
17367,2,1,203,2018,5,2,6,0,0,1,0,1,0,0,2,2,6,3,0,3,0
17368,5,2,507,2018,4,6,8,0,0,1,0,0,0,0,1,5,2,3,0,3,0
17369,2,3,208,2018,5,6,11,0,1,1,0,0,0,0,2,4,2,3,0,3,0
17370,5,2,508,2018,4,6,8,0,0,1,0,0,0,0,1,5,3,3,0,3,0
17371,5,7,515,2018,5,7,21,0,0,1,0,0,0,0,1,2,6,3,0,3,0
17372,3,1,309,2018,5,7,13,0,0,1,1,0,0,0,2,6,7,3,0,2,1
17373,1,3,106,2018,5,6,15,0,1,1,0,0,0,0,2,5,3,3,0,3,0
17374,4,10,429,2018,4,6,12,0,0,1,0,1,0,0,2,3,2,3,0,3,0
17375,2,11,223,2018,5,4,9,0,1,0,0,0,0,0,1,4,6,3,0,3,0
17376,2,7,219,2018,5,7,18,0,1,1,0,0,0,0,2,4,2,3,0,2,1
17377,5,11,519,2018,4,6,7,0,1,1,0,0,0,0,2,5,3,3,0,3,0
17378,5,2,505,2018,5,2,21,0,1,0,0,0,0,0,1,0,7,3,0,3,0
17379,4,8,423,2018,4,6,12,0,1,1,0,0,0,0,2,5,3,3,0,3,0
17380,6,14,615,2018,5,2,13,0,0,0,0,1,0,0,1,0,7,3,0,3,0
17381,5,6,514,2018,5,1,22,0,1,1,0,0,0,0,2,5,3,3,0,3,0
17382,7,9,710,2018,5,5,14,0,0,1,0,0,0,0,1,2,6,3,0,3,0
17383,3,9,321,2018,4,6,12,0,1,0,0,1,0,0,2,3,6,3,0,3,0
17384,3,9,321,2018,5,6,16,0,0,1,0,0,0,0,1,5,3,3,0,3,0
17385,6,10,611,2018,5,5,7,0,0,1,1,0,0,0,2,6,4,3,0,2,1
17386,2,9,221,2018,4,6,9,0,1,0,0,0,0,0,1,5,3,3,0,3,0
17387,5,11,519,2018,5,6,15,0,1,1,0,0,0,0,2,0,3,3,0,3,0
17388,6,6,607,2018,5,5,18,0,0,1,0,0,0,0,1,9,7,3,0,3,0
17389,2,7,219,2018,4,6,14,0,0,1,0,0,0,0,1,2,6,3,0,3,0
17390,3,2,312,2018,5,4,15,0,1,0,0,0,0,0,1,0,7,3,0,3,0
17391,3,5,317,2018,4,6,18,0,1,1,0,0,0,0,2,4,6,3,0,3,0
17392,3,6,318,2018,5,2,16,0,0,1,0,0,0,0,1,2,6,3,0,3,0
17393,3,5,317,2018,4,6,16,0,1,1,0,0,0,0,2,5,3,3,0,3,0
17394,5,7,515,2018,5,2,9,0,0,1,0,0,0,1,2,4,6,3,0,2,1
17395,2,10,222,2018,5,1,11,0,1,0,0,0,0,0,1,3,6,3,0,3,0
17396,1,8,123,2018,5,5,20,0,1,1,0,0,0,0,2,5,3,3,0,3,0
17397,2,3,209,2018,4,6,13,0,0,1,0,0,0,0,1,2,2,3,0,3,0
17398,6,3,604,2018,5,5,17,0,0,1,0,0,0,0,1,3,2,3,1,3,0
17399,3,2,311,2018,4,6,9,0,0,1,0,0,0,1,2,3,6,3,0,3,0
17400,5,10,518,2018,5,3,15,0,0,1,0,0,1,0,2,0,3,3,0,3,0
17401,3,2,312,2018,4,6,17,0,1,1,0,0,0,0,2,1,5,3,0,3,0
17402,2,3,210,2018,5,3,11,0,1,1,0,0,0,0,2,5,3,3,0,3,0
17403,3,9,321,2018,5,2,8,0,0,1,0,0,0,0,1,5,3,3,0,3,0
17404,3,3,314,2018,4,6,8,0,1,1,0,0,0,0,2,5,2,3,0,3,0
17405,1,3,108,2018,4,6,5,0,0,1,0,1,0,0,2,5,3,3,0,3,0
17406,1,16,137,2018,5,3,18,0,0,1,1,0,0,0,2,6,4,3,0,2,1
17407,2,8,220,2018,5,3,17,0,1,1,0,0,0,0,2,4,6,3,0,3,0
17408,7,14,715,2018,4,5,10,0,0,1,0,1,0,0,2,4,6,3,1,3,0
17409,1,1,101,2018,5,2,17,0,0,0,1,0,0,1,2,0,4,3,0,2,1
17410,7,14,715,2018,4,5,7,0,1,1,0,0,0,0,2,5,3,3,1,3,0
17411,4,12,431,2018,5,1,14,0,1,1,0,0,0,0,2,1,7,3,0,3,0
17412,4,5,413,2018,5,2,21,0,1,1,0,0,0,0,2,1,7,3,0,3,0
17413,1,11,129,2018,5,7,17,0,0,0,1,0,0,1,2,6,4,3,0,2,1
17414,5,5,513,2018,5,5,22,0,0,1,0,0,0,0,1,5,2,3,0,2,1
17415,1,12,130,2018,4,5,11,0,0,1,0,0,0,0,1,1,6,3,0,3,0
17416,5,6,514,2018,4,5,6,0,0,1,0,0,0,0,1,5,3,3,1,3,0
17417,3,8,320,2018,5,5,17,0,1,0,1,0,0,0,2,6,7,3,0,3,0
17418,1,12,130,2018,5,6,14,0,1,1,0,0,0,0,2,4,2,3,0,3,0
17419,5,1,504,2018,4,5,14,0,1,0,0,0,0,1,2,3,6,3,1,3,0
17420,2,12,225,2018,5,3,11,0,0,1,1,0,0,0,2,6,4,3,0,3,0
17421,4,9,424,2018,4,5,18,0,0,1,0,0,0,0,1,5,3,3,1,3,0
17422,2,1,205,2018,5,3,14,0,1,1,0,0,0,0,2,0,5,3,0,3,0
17423,3,5,317,2018,5,2,16,0,0,0,0,1,1,0,2,3,6,3,0,3,0
17424,5,9,517,2018,4,5,16,0,0,1,0,0,0,0,1,9,5,3,1,2,1
17425,4,12,431,2018,5,5,13,0,0,1,0,1,0,0,2,3,7,3,0,3,0
17426,1,14,133,2018,5,1,11,0,1,1,0,0,0,0,2,5,3,3,0,3,0
17427,5,12,520,2018,4,5,15,0,1,1,0,0,0,0,2,4,2,3,0,3,0
17428,1,12,130,2018,5,7,17,0,0,1,0,0,0,1,2,5,2,3,0,3,0
17429,3,8,320,2018,5,7,18,0,0,1,0,1,0,0,2,0,3,3,0,2,1
17430,4,4,407,2018,5,5,18,0,0,1,1,0,0,0,2,6,4,3,0,3,0
17431,4,5,409,2018,4,5,17,0,0,1,1,0,0,0,2,6,2,3,0,3,0
17432,6,1,601,2018,5,1,1,0,1,1,0,0,0,0,2,8,5,3,0,2,1
17433,4,5,409,2018,4,5,6,0,0,1,0,0,0,0,1,2,6,3,1,3,0
17434,2,8,220,2018,5,1,8,0,0,1,0,1,0,0,2,3,2,3,0,3,0
17435,5,11,519,2018,5,7,12,0,1,1,0,0,0,0,2,5,2,3,0,3,0
17436,4,2,404,2018,4,5,13,0,1,1,0,0,0,0,2,5,3,3,1,3,0
17437,3,2,312,2018,4,5,22,0,0,1,0,0,0,0,1,3,7,3,1,3,0
17438,6,1,601,2018,5,4,17,0,0,1,0,0,0,0,1,5,3,3,0,3,0
17439,1,4,111,2018,4,5,13,0,0,1,0,1,0,0,2,2,6,3,1,3,0
17440,1,4,111,2018,5,3,21,0,0,0,0,1,0,0,1,0,1,3,0,3,0
17441,1,1,101,2018,4,5,8,0,0,1,0,0,0,1,2,2,6,3,1,3,0
17442,1,1,101,2018,5,3,9,0,0,1,0,0,0,0,1,1,6,3,0,3,0
17443,3,2,311,2018,5,2,9,0,0,0,1,0,1,0,2,0,7,3,0,2,1
17444,1,6,115,2018,4,5,8,0,0,1,0,0,0,1,2,3,6,3,1,3,0
17445,7,9,710,2018,4,4,12,0,0,0,0,0,0,1,1,0,7,3,0,3,0
17446,4,5,413,2018,5,7,16,0,0,1,0,1,0,0,2,3,2,3,0,3,0
17447,1,17,138,2018,5,6,19,0,0,1,1,0,0,0,2,6,4,3,0,1,1
17448,6,1,601,2018,4,4,7,0,0,1,0,0,0,1,2,0,7,3,1,3,0
17449,3,8,320,2018,5,4,19,0,1,1,0,0,0,0,2,2,6,3,0,3,0
17450,1,11,129,2018,4,4,11,0,0,1,0,0,0,0,1,0,3,3,0,3,0
17451,2,10,222,2018,5,2,14,0,0,0,0,0,0,1,1,9,1,3,0,3,0
17452,1,12,130,2018,4,4,12,0,0,1,0,1,0,0,2,2,6,3,0,3,0
17453,4,10,429,2018,5,4,15,0,1,1,0,0,0,0,2,3,2,3,0,3,0
17454,1,6,117,2018,4,4,7,0,0,1,0,0,0,0,1,2,6,3,1,3,0
17455,5,3,511,2018,5,2,10,0,0,1,0,1,0,0,2,5,3,3,0,3,0
17456,5,6,514,2018,4,4,9,0,0,1,0,1,0,0,2,0,2,3,1,3,0
17457,1,16,137,2018,5,2,22,0,0,0,0,1,0,0,1,8,1,3,0,2,1
17458,1,16,137,2018,5,1,16,0,0,1,0,0,1,0,2,1,1,3,0,3,0
17459,5,4,512,2018,4,4,8,0,1,1,0,0,0,0,2,5,3,3,1,3,0
17460,4,7,417,2018,5,6,16,0,1,0,0,0,0,0,1,0,7,3,0,3,0
17461,5,3,511,2018,4,4,8,0,1,1,0,0,0,0,2,5,3,3,1,3,0
17462,1,3,106,2018,5,4,17,0,0,1,0,0,0,0,1,2,6,3,0,3,0
17463,3,8,320,2018,5,3,11,0,1,1,0,0,0,0,2,1,5,3,0,3,0
17464,5,7,515,2018,4,4,9,0,0,1,0,1,0,0,2,3,6,3,1,2,1
17465,4,2,403,2018,5,2,6,0,1,1,0,0,0,0,2,1,5,3,0,3,0
17466,5,10,518,2018,4,4,15,0,1,1,0,0,0,0,2,5,3,3,0,3,0
17467,4,12,431,2018,5,2,19,0,0,1,0,0,0,0,1,5,3,3,0,3,0
17468,1,1,102,2018,5,1,11,0,0,1,0,1,0,0,2,5,2,3,0,3,0
17469,2,7,219,2018,5,7,13,0,0,1,0,0,0,0,1,5,3,3,0,3,0
17470,5,10,518,2018,4,4,13,0,0,1,0,0,0,0,1,5,3,3,0,3,0
17471,5,12,520,2018,4,4,20,0,0,1,0,0,0,0,1,5,3,3,0,3,0
17472,1,14,133,2018,5,2,18,0,1,1,0,0,0,0,2,5,3,3,0,2,1
17473,4,5,410,2018,5,1,11,0,0,1,0,1,0,0,2,3,2,3,0,3,0
17474,5,17,525,2018,4,4,8,0,1,1,0,0,0,0,2,0,2,3,1,3,0
17475,2,7,219,2018,5,6,10,0,0,1,0,0,0,0,1,2,6,3,0,3,0
17476,5,11,519,2018,4,4,7,0,0,1,0,0,0,0,1,2,6,3,1,3,0
17477,5,18,526,2018,5,3,13,0,0,1,0,0,0,0,1,8,1,3,0,2,1
17478,5,17,525,2018,4,4,0,0,0,1,0,0,0,0,1,5,3,3,1,3,0
17479,3,1,302,2018,5,3,17,0,0,1,0,0,0,0,1,2,6,3,0,3,0
17480,4,5,409,2018,5,2,9,0,1,1,0,0,0,0,2,0,7,3,0,3,0
17481,2,11,223,2018,4,4,7,0,0,1,1,0,0,0,2,6,4,3,1,3,0
17482,1,3,105,2018,5,2,19,0,0,1,1,0,0,0,2,6,4,3,0,3,0
17483,2,8,220,2018,4,4,16,0,0,1,0,0,0,0,1,5,3,3,0,3,0
17484,4,10,426,2018,5,1,14,0,0,1,0,0,0,0,1,5,3,3,0,3,0
17485,1,14,132,2018,5,7,15,0,0,1,0,0,0,0,1,1,5,3,0,3,0
17486,4,2,404,2018,4,4,10,0,1,1,0,0,0,0,2,5,3,3,0,2,1
17487,7,12,713,2018,4,3,11,0,0,1,0,0,1,0,2,3,6,3,0,3,0
17488,2,4,214,2018,5,5,19,0,0,1,0,0,0,0,1,2,6,3,0,3,0
17489,1,8,123,2018,5,6,17,0,0,1,0,0,0,0,1,5,3,3,0,3,0
17490,7,4,705,2018,4,3,14,0,1,1,0,0,0,0,2,2,3,3,1,3,0
17491,3,6,318,2018,5,3,8,0,0,1,0,0,0,0,1,4,2,3,0,2,1
17492,1,16,137,2018,5,3,20,0,0,1,0,0,0,0,1,2,6,3,0,3,0
17493,5,18,526,2018,5,3,18,0,0,1,0,1,0,0,2,4,3,3,0,2,1
17494,1,15,134,2018,5,3,19,0,0,1,0,0,0,0,1,8,1,3,0,3,0
17495,5,7,515,2018,5,2,17,0,1,0,0,0,0,0,1,5,3,3,0,3,0
17496,1,16,137,2018,5,3,16,0,0,1,0,1,0,0,2,5,3,3,0,3,0
17497,6,2,602,2018,5,3,15,0,1,1,0,0,0,0,2,0,7,3,0,3,0
17498,1,20,141,2018,6,6,18,0,1,1,0,0,0,0,2,5,3,3,0,3,0
17499,4,13,432,2018,5,7,12,0,0,1,0,0,0,1,2,2,6,3,0,3,0
17500,1,13,131,2018,5,3,17,0,1,0,0,0,0,1,2,5,2,3,0,3,0
17501,1,6,116,2018,5,3,19,0,0,1,0,0,0,0,1,1,6,3,0,3,0
17502,1,13,131,2018,5,4,17,0,0,1,0,0,0,0,1,5,7,3,0,3,0
17503,5,2,508,2018,5,5,8,0,0,1,0,0,0,0,1,2,6,3,0,3,0
17504,7,13,714,2018,5,5,7,0,1,0,0,0,0,1,2,3,2,3,0,3,0
17505,4,13,432,2018,5,5,17,0,0,0,1,0,0,1,2,6,6,3,0,3,0
17506,1,14,132,2018,5,3,16,0,0,1,0,0,1,0,2,2,6,3,0,3,0
17507,3,9,321,2018,5,3,12,0,0,1,0,0,0,1,2,5,3,3,0,2,1
17508,1,8,121,2018,5,3,14,0,1,0,0,0,0,0,1,0,7,3,0,3,0
17509,2,10,222,2018,5,2,12,0,0,1,0,0,0,0,1,8,7,3,0,3,0
17510,5,6,514,2018,5,3,15,0,1,0,0,0,0,0,1,5,3,3,0,3,0
17511,5,17,525,2018,6,6,8,0,0,1,0,0,0,0,1,5,3,3,0,3,0
17512,5,3,510,2018,5,6,23,0,0,1,0,0,0,0,1,5,5,3,0,3,0
17513,5,6,514,2018,5,3,11,0,0,1,0,0,0,1,2,2,6,3,0,2,1
17514,5,4,512,2018,5,3,9,0,0,0,0,1,0,1,2,3,2,3,0,2,1
17515,5,6,514,2018,5,3,5,0,0,1,0,0,0,0,1,4,2,3,0,2,1
17516,1,11,129,2018,6,6,20,0,0,1,0,0,0,0,1,5,3,3,1,3,0
17517,7,1,701,2018,5,6,16,0,1,1,0,0,0,0,2,3,6,3,0,3,0
17518,5,4,512,2018,5,3,11,0,0,1,0,0,0,0,1,2,6,3,0,3,0
17519,1,19,140,2018,5,5,13,0,0,1,0,1,0,0,2,2,6,3,0,3,0
17520,5,2,509,2018,5,3,7,0,1,0,0,0,0,1,2,5,3,3,0,3,0
17521,4,13,432,2018,5,3,15,0,0,1,0,0,0,0,1,5,7,3,0,3,0
17522,5,1,502,2018,5,4,8,0,0,1,0,0,0,0,1,5,3,3,0,3,0
17523,4,5,409,2018,5,5,23,0,0,1,0,0,0,0,1,5,7,3,0,3,0
17524,4,6,415,2018,5,5,16,0,0,1,0,0,0,0,1,4,6,3,0,3,0
17525,5,15,523,2018,5,3,13,0,0,1,0,0,0,0,1,0,7,3,0,3,0
17526,2,4,214,2018,5,3,23,0,0,1,0,1,0,0,2,5,3,3,0,2,1
17527,4,12,431,2018,5,3,16,0,0,1,1,0,0,0,2,6,4,3,0,3,0
17528,2,5,217,2018,5,2,10,0,1,0,0,0,0,0,1,5,3,3,0,2,1
17529,4,12,431,2018,5,3,8,0,0,1,0,0,0,0,1,2,6,3,0,3,0
17530,2,5,215,2018,6,6,7,0,1,1,0,0,0,0,2,5,2,3,0,3,0
17531,4,8,422,2018,5,6,18,0,1,1,0,0,0,0,2,5,3,3,0,2,1
17532,4,5,409,2018,5,3,15,0,0,1,0,1,0,0,2,2,7,3,0,3,0
17533,1,16,137,2018,5,3,15,0,0,1,0,0,0,0,1,2,6,3,0,3,0
17534,2,2,207,2018,5,5,8,0,1,1,0,0,0,0,2,1,5,3,0,3,0
17535,5,1,501,2018,5,3,17,0,0,1,0,0,0,0,1,2,6,3,0,3,0
17536,1,7,119,2018,5,2,11,0,0,0,0,1,0,1,2,3,6,3,0,3,0
17537,2,3,210,2018,5,4,18,0,1,1,0,0,0,0,2,5,3,3,0,3,0
17538,2,5,215,2018,5,5,13,0,1,0,0,0,1,0,2,3,6,3,0,2,1
17539,4,7,416,2018,5,3,12,0,0,1,0,0,0,0,1,3,6,3,0,3,0
17540,7,12,713,2018,5,2,15,0,0,1,0,0,1,0,2,2,6,3,0,3,0
17541,3,9,321,2018,5,3,14,0,0,1,1,0,0,0,2,6,4,3,0,2,1
17542,6,5,606,2018,6,7,19,0,0,0,0,1,0,0,1,8,1,3,0,3,0
17543,3,1,309,2018,5,2,18,0,1,0,1,0,0,0,2,6,6,3,0,3,0
17544,2,11,223,2018,5,3,19,0,0,1,0,0,0,0,1,4,2,3,0,3,0
17545,1,3,106,2018,6,6,8,0,1,0,0,0,1,0,2,3,6,3,0,3,0
17546,2,8,220,2018,5,6,17,0,0,1,0,0,0,0,1,0,7,3,0,3,0
17547,2,8,220,2018,5,3,8,0,1,1,0,0,0,0,2,5,7,3,0,3,0
17548,1,14,133,2018,5,3,17,0,1,1,0,0,0,0,2,5,3,3,0,3,0
17549,4,3,406,2018,5,3,19,0,1,1,0,0,0,0,2,3,6,3,0,3,0
17550,5,3,511,2018,5,2,19,0,1,0,1,0,0,0,2,6,4,3,0,3,0
17551,4,3,406,2018,5,3,13,0,0,0,1,0,0,1,2,0,4,3,0,3,0
17552,3,3,314,2018,5,3,13,0,0,1,0,0,0,0,1,4,2,3,0,3,0
17553,1,1,102,2018,6,7,15,0,1,1,0,0,0,0,2,5,2,3,0,3,0
17554,5,3,511,2018,5,7,10,0,0,1,0,1,0,0,2,5,3,3,0,3,0
17555,2,2,207,2018,5,3,12,0,1,1,0,0,0,0,2,1,7,3,0,3,0
17556,1,4,109,2018,5,3,7,0,1,1,0,0,0,0,2,3,2,3,0,3,0
17557,6,2,602,2018,5,4,12,0,0,1,0,0,0,0,1,2,6,3,0,2,1
17558,1,3,108,2018,5,3,19,0,0,1,0,1,0,0,2,3,6,3,0,3,0
17559,3,8,320,2018,6,7,21,0,0,1,0,0,0,0,1,0,7,3,0,3,0
17560,7,16,717,2018,5,7,18,0,0,0,0,1,0,0,1,8,1,3,0,3,0
17561,1,1,101,2018,5,3,16,0,1,1,0,0,0,0,2,2,2,3,0,3,0
17562,1,18,139,2018,5,3,21,0,0,0,0,1,1,0,2,2,6,3,0,2,1
17563,6,1,601,2018,5,5,16,0,1,1,0,0,0,0,2,5,3,3,0,3,0
17564,1,4,112,2018,5,6,11,0,0,1,0,0,0,1,2,1,6,3,0,3,0
17565,1,12,130,2018,5,5,17,0,0,1,0,0,0,0,1,5,3,3,0,3,0
17566,7,15,716,2018,5,2,16,0,0,0,0,1,0,0,1,8,1,3,0,3,0
17567,4,12,431,2018,5,3,13,0,0,1,0,0,0,0,1,2,2,3,0,3,0
17568,5,7,515,2018,5,3,12,0,0,1,0,0,0,0,1,2,6,3,0,3,0
17569,7,9,710,2018,5,2,16,0,0,1,0,0,0,0,1,5,3,3,0,3,0
17570,4,5,410,2018,5,2,9,0,1,0,0,0,0,0,1,5,3,3,0,3,0
17571,1,12,130,2018,5,2,14,0,1,1,0,0,0,0,2,5,2,3,0,3,0
17572,1,11,129,2018,5,2,13,0,0,1,1,0,0,0,2,6,4,3,0,3,0
17573,1,16,136,2018,6,6,21,0,0,0,1,0,0,1,2,6,4,3,1,3,0
17574,4,10,429,2018,5,7,13,0,0,1,0,0,0,0,1,1,6,3,0,3,0
17575,1,11,129,2018,5,2,18,0,0,1,1,0,0,0,2,6,4,3,0,3,0
17576,7,1,702,2018,5,4,15,0,0,1,0,0,0,0,1,0,7,3,0,3,0
17577,1,14,133,2018,5,2,11,0,0,0,0,1,1,0,2,5,3,3,0,2,1
17578,4,12,431,2018,5,3,7,0,0,1,0,0,0,0,1,2,6,3,0,3,0
17579,1,14,132,2018,5,4,14,0,1,1,0,0,0,0,2,5,3,3,0,3,0
17580,5,7,515,2018,5,5,11,0,1,1,0,0,0,0,2,4,2,3,0,3,0
17581,1,16,137,2018,5,5,10,0,0,1,0,0,0,0,1,1,6,3,0,3,0
17582,4,5,408,2018,5,5,10,0,0,1,0,0,0,0,1,4,2,3,0,3,0
17583,5,4,512,2018,5,2,19,0,0,1,0,0,0,0,1,1,6,3,0,3,0
17584,2,7,219,2018,5,3,8,0,1,0,0,0,0,1,2,4,2,3,0,3,0
17585,5,4,512,2018,5,5,19,0,0,1,1,0,0,0,2,6,4,3,0,2,1
17586,1,5,113,2018,5,5,19,0,0,1,1,0,0,0,2,6,7,3,0,3,0
17587,7,13,714,2018,5,5,17,0,1,0,0,0,0,0,1,5,3,3,0,3,0
17588,5,18,526,2018,5,5,9,0,1,1,0,0,0,0,2,5,3,3,0,2,1
17589,5,18,526,2018,5,2,19,0,0,1,0,0,0,0,1,2,2,3,0,3,0
17590,4,5,410,2018,5,3,22,0,1,1,0,0,0,0,2,3,6,3,0,3,0
17591,5,18,526,2018,5,2,14,0,1,1,0,0,0,0,2,5,7,3,0,3,0
17592,4,10,428,2018,5,2,17,0,0,1,0,0,0,0,1,9,7,3,0,3,0
17593,5,9,517,2018,5,2,22,0,1,1,0,0,0,1,3,3,6,3,0,2,1
17594,5,4,512,2018,6,6,11,0,0,1,0,0,0,1,2,0,6,3,0,3,0
17595,1,13,131,2018,5,6,7,0,1,1,0,0,0,0,2,4,2,3,0,3,0
17596,5,17,525,2018,5,2,18,0,0,1,1,0,0,0,2,6,4,3,0,2,1
17597,7,6,707,2018,5,4,8,0,0,1,0,0,0,1,2,0,3,3,0,2,1
17598,5,9,517,2018,5,2,16,0,0,1,0,0,0,0,1,4,2,3,0,3,0
17599,5,1,502,2018,5,4,16,0,0,1,0,0,0,0,1,1,7,3,0,3,0
17600,3,8,320,2018,5,5,14,0,0,1,0,0,1,1,3,2,6,3,0,3,0
17601,2,6,218,2018,5,5,14,0,0,1,0,0,0,1,2,0,2,3,0,3,0
17602,5,11,519,2018,5,2,16,0,0,1,1,0,0,0,2,6,4,3,0,2,1
17603,1,4,111,2018,5,3,8,0,0,1,0,1,0,0,2,2,6,3,0,3,0
17604,4,13,432,2018,5,2,18,0,0,0,0,1,0,0,1,0,7,3,0,2,1
17605,3,1,307,2018,6,1,3,0,0,1,0,0,0,0,1,2,6,3,1,3,0
17606,2,5,215,2018,5,2,7,0,1,0,0,0,0,1,2,4,2,3,0,3,0
17607,4,13,432,2018,5,2,15,0,1,1,0,0,0,0,2,3,6,3,0,3,0
17608,3,3,314,2018,6,6,23,0,1,1,0,0,0,0,2,5,3,3,1,3,0
17609,4,4,407,2018,5,2,20,0,0,1,0,0,0,0,1,5,3,3,0,3,0
17610,2,8,220,2018,5,2,17,0,0,1,0,0,0,0,1,2,6,3,0,3,0
17611,5,1,504,2018,5,2,17,0,0,1,0,0,0,1,2,5,3,3,0,3,0
17612,4,8,423,2018,6,6,18,0,0,1,0,1,0,0,2,5,3,3,0,3,0
17613,5,9,517,2018,5,6,17,0,1,1,0,0,0,0,2,5,3,3,0,3,0
17614,5,1,501,2018,5,2,15,0,0,1,0,0,0,1,2,5,3,3,0,3,0
17615,3,3,313,2018,5,4,7,0,1,0,1,0,0,0,2,6,4,3,0,3,0
17616,2,4,214,2018,5,5,8,0,1,1,0,0,0,0,2,5,3,3,0,3,0
17617,4,10,427,2018,5,2,13,0,0,1,0,0,0,0,1,0,1,3,0,3,0
17618,1,16,137,2018,5,2,14,0,0,1,0,0,1,0,2,3,6,3,0,3,0
17619,2,12,225,2018,5,2,13,0,1,1,0,0,0,0,2,1,5,3,0,3,0
17620,5,17,525,2018,6,7,13,0,0,1,0,0,0,0,1,1,6,3,0,3,0
17621,1,12,130,2018,5,1,14,0,0,0,0,0,0,1,1,0,7,3,0,3,0
17622,2,3,210,2018,5,2,14,0,0,1,0,0,0,1,2,0,7,3,0,3,0
17623,6,6,607,2018,5,4,11,0,0,1,0,0,0,0,1,8,7,3,0,3,0
17624,1,3,108,2018,5,5,9,0,0,0,0,0,0,1,1,0,7,3,0,3,0
17625,7,13,714,2018,5,5,11,0,0,1,0,0,0,0,1,5,2,3,0,3,0
17626,3,5,317,2018,5,6,10,0,1,1,0,0,0,0,2,5,7,3,0,2,1
17627,2,1,206,2018,5,2,12,0,0,1,0,0,0,1,2,3,6,3,0,3,0
17628,5,5,513,2018,5,3,17,0,1,0,0,0,0,0,1,0,3,3,0,3,0
17629,3,8,320,2018,5,6,13,0,0,1,0,1,0,0,2,5,3,3,0,3,0
17630,1,3,108,2018,5,2,17,0,0,1,0,0,0,0,1,5,2,3,0,3,0
17631,6,1,601,2018,5,3,10,0,0,0,0,0,0,1,1,0,7,3,0,3,0
17632,2,2,207,2018,5,5,14,0,1,1,0,0,0,0,2,1,5,3,0,3,0
17633,7,11,712,2018,5,1,16,0,1,0,0,0,0,0,1,4,6,3,0,3,0
17634,5,6,514,2018,5,2,15,0,0,1,0,0,0,0,1,5,6,3,0,3,0
17635,1,20,141,2018,5,1,16,0,0,0,0,1,0,0,1,8,1,3,0,3,0
17636,2,5,215,2018,6,7,0,0,1,1,0,0,0,0,2,5,3,3,1,3,0
17637,1,11,129,2018,5,7,12,0,0,1,0,0,0,0,1,2,6,3,0,3,0
17638,7,9,710,2018,5,1,7,0,0,1,0,0,0,1,2,2,6,3,0,2,1
17639,7,1,702,2018,5,1,19,0,0,0,0,1,0,0,1,0,7,3,0,3,0