SN,District,Imperial_Circle,Community,Year,Month,Weekday,Hour,Road,Cycle,Car,Pedestrians,Motorcycle,Goods Vehicle,Others,Total,Collision Type,Accident Type,Light Condition,Road Condition,Accident_Severity,Tend_to_Death
17937,5,7,515,2018,6,4,15,0,0,1,0,0,0,0,1,5,2,3,0,3,0
17938,7,13,714,2018,6,1,17,0,1,1,0,0,0,0,2,5,3,3,0,3,0
17939,1,1,101,2018,6,3,15,0,0,1,0,0,0,0,1,5,3,3,0,3,0
17940,2,4,212,2018,6,3,15,0,1,1,0,0,0,0,2,5,3,3,0,3,0
17941,5,4,512,2018,6,1,12,0,1,1,0,0,0,0,2,5,3,3,0,3,0
17942,4,13,432,2018,6,2,11,0,0,1,1,0,0,0,2,6,4,3,0,3,0
17943,5,2,508,2018,6,7,15,0,0,1,0,0,0,0,1,5,3,3,1,3,0
17944,5,3,511,2018,6,1,11,0,0,1,0,0,0,1,2,5,2,3,0,3,0
17945,5,10,518,2018,6,3,13,0,1,0,1,0,0,0,2,6,4,3,0,2,1
17946,5,7,515,2018,6,1,16,0,0,1,0,0,0,0,1,1,5,3,0,3,0
17947,3,2,312,2018,6,1,15,0,0,1,1,0,0,0,2,6,7,3,0,3,0
17948,2,12,225,2018,6,1,15,0,1,0,0,0,0,0,1,0,1,3,1,3,0
17949,6,11,612,2018,6,6,16,0,0,0,0,1,0,0,1,0,1,3,0,3,0
17950,4,8,422,2018,6,6,8,0,0,1,0,0,0,0,1,2,6,3,1,3,0
17951,1,3,108,2018,6,6,12,0,1,1,0,0,0,0,2,5,7,3,0,3,0
17952,2,5,217,2018,6,1,23,0,1,0,0,0,0,0,1,0,7,3,0,2,1
17953,4,13,432,2018,6,5,22,0,0,0,1,1,0,0,2,6,4,3,0,2,1
17954,4,8,420,2018,6,4,7,0,1,1,0,0,0,0,2,2,2,3,0,3,0
17955,1,4,111,2018,6,1,3,0,1,1,0,0,0,0,2,3,7,3,0,3,0
17956,1,8,123,2018,6,2,20,0,1,1,0,0,0,0,2,2,7,3,1,3,0
17957,1,5,114,2018,6,3,14,0,0,1,1,0,0,0,2,6,7,3,0,3,0
17958,7,2,703,2018,6,7,22,0,0,0,0,1,0,0,1,8,1,3,0,2,1
17959,4,10,426,2018,6,2,16,0,0,1,0,0,1,0,2,2,6,3,1,3,0
17960,2,5,216,2018,6,7,15,0,1,1,0,0,0,0,2,4,2,3,1,3,0
17961,7,1,701,2018,6,7,0,0,0,1,1,0,0,0,2,6,7,3,0,3,0
17962,5,9,517,2018,6,6,12,0,1,0,1,0,0,0,2,0,4,3,0,2,1
17963,4,6,415,2018,6,5,10,0,0,1,0,0,0,0,1,1,1,3,0,3,0
17964,1,14,132,2018,6,7,22,0,0,1,0,0,0,0,1,4,2,3,0,3,0
17965,5,2,507,2018,6,7,12,0,1,0,0,0,0,0,1,3,2,3,0,3,0
17966,5,2,509,2018,6,6,15,0,0,1,0,0,0,0,1,5,3,3,0,3,0
17967,3,6,318,2018,6,6,12,0,0,1,1,0,0,0,2,6,7,3,0,3,0
17968,5,7,515,2018,6,5,16,0,0,1,0,0,0,0,1,2,2,3,1,3,0
17969,5,13,521,2018,6,7,18,0,1,0,0,0,0,0,1,4,6,3,0,3,0
17970,2,9,221,2018,6,5,14,0,0,1,1,0,0,0,2,6,4,3,0,3,0
17971,4,5,413,2018,6,7,8,0,1,0,1,0,0,0,2,6,6,3,0,3,0
17972,4,2,405,2018,6,4,17,0,1,1,0,0,0,0,2,1,7,3,0,3,0
17973,4,8,422,2018,6,4,21,0,0,1,0,0,0,0,1,3,6,3,0,3,0
17974,2,11,223,2018,6,7,8,0,0,1,0,0,0,0,1,5,3,3,1,3,0
17975,5,5,513,2018,6,2,15,0,0,1,0,0,0,0,1,4,2,3,0,3,0
17976,4,11,430,2018,6,2,7,0,0,1,0,0,0,0,1,2,6,3,0,3,0
17977,3,1,303,2018,6,7,13,0,0,1,1,0,0,0,2,6,4,3,0,3,0
17978,5,2,507,2018,6,1,6,0,0,1,0,0,0,0,1,2,6,3,1,3,0
17979,2,1,201,2018,6,7,11,0,0,1,0,0,0,0,1,5,6,3,0,3,0
17980,2,4,211,2018,6,7,23,0,0,1,1,0,0,0,2,6,4,3,0,2,1
17981,4,5,409,2018,6,6,13,0,1,1,0,0,0,0,2,5,3,3,0,3,0
17982,5,7,515,2018,6,4,17,0,1,1,0,0,0,0,2,4,2,3,0,2,1
17983,3,1,309,2018,6,5,17,0,0,1,0,0,0,0,1,2,6,3,1,3,0
17984,5,1,504,2018,6,4,8,0,1,1,0,0,0,0,2,5,3,3,0,3,0
17985,2,4,211,2018,6,7,1,0,1,1,0,0,0,0,2,5,7,3,0,3,0
17986,2,2,207,2018,6,7,17,0,1,1,0,0,0,0,2,5,7,3,0,3,0
17987,1,4,112,2018,6,7,4,0,0,1,1,0,0,0,2,6,7,3,0,3,0
17988,6,14,615,2018,6,3,19,0,0,0,1,0,0,1,2,0,7,3,0,3,0
17989,7,14,715,2018,6,6,11,0,0,1,0,0,0,1,2,5,3,3,0,3,0
17990,2,4,212,2018,6,2,8,0,0,1,0,0,0,0,1,5,3,3,0,3,0
17991,1,12,130,2018,6,4,10,0,0,1,0,0,0,0,1,2,6,3,0,3,0
17992,7,15,716,2018,6,6,5,0,0,1,0,0,0,0,1,4,6,3,0,3,0
17993,2,4,213,2018,6,5,15,0,1,1,0,0,0,0,2,1,7,3,0,3,0
17994,7,1,702,2018,6,6,13,0,1,1,0,0,0,0,2,3,2,3,0,3,0
17995,1,4,111,2018,6,4,22,0,0,1,0,0,0,1,2,0,2,3,0,3,0
17996,7,1,702,2018,6,6,18,0,0,1,0,0,0,0,1,5,3,3,0,2,1
17997,5,1,501,2018,6,2,14,0,1,1,0,0,0,0,2,5,2,3,0,3,0
17998,1,16,136,2018,6,6,13,0,1,1,0,0,0,0,2,2,2,3,0,3,0
17999,1,1,102,2018,6,1,14,0,1,0,0,0,0,1,2,3,6,3,0,3,0
18000,1,16,137,2018,6,6,13,0,0,1,0,0,0,0,1,2,2,3,0,2,1
18001,6,2,602,2018,6,6,17,0,0,1,0,0,0,0,1,4,2,3,0,2,1
18002,2,8,220,2018,6,6,7,0,1,0,1,0,0,0,2,6,7,3,0,3,0
18003,4,5,413,2018,6,4,23,0,1,0,0,0,0,0,1,3,6,3,0,3,0
18004,1,20,141,2018,6,4,16,0,0,1,1,0,0,0,2,6,4,3,0,3,0
18005,6,1,601,2018,6,6,18,0,1,1,0,0,0,0,2,5,3,3,0,3,0
18006,5,4,512,2018,6,6,8,0,1,1,0,0,0,0,2,5,3,3,0,3,0
18007,5,7,515,2018,6,3,18,0,1,1,0,0,0,0,2,0,6,3,0,3,0
18008,5,6,514,2018,6,6,8,0,0,1,0,0,0,1,2,4,2,3,0,3,0
18009,4,4,407,2018,6,1,11,0,0,1,0,0,0,0,1,4,2,3,0,3,0
18010,5,7,515,2018,6,6,7,0,1,1,0,0,0,0,2,3,2,3,0,3,0
18011,7,14,715,2018,6,6,9,0,0,1,0,0,0,1,2,2,6,3,0,3,0
18012,5,12,520,2018,6,6,16,0,0,1,0,1,0,0,2,5,3,3,0,3,0
18013,4,13,432,2018,6,6,8,0,0,1,0,1,0,0,2,3,2,3,0,3,0
18014,5,7,515,2018,6,7,16,0,1,1,0,0,0,0,2,5,3,3,0,3,0
18015,5,2,509,2018,6,6,8,0,0,1,0,1,0,0,2,0,3,3,1,3,0
18016,4,13,432,2018,6,6,13,0,1,1,0,0,0,0,2,5,2,3,0,3,0
18017,7,1,702,2018,6,5,7,0,0,1,0,0,0,0,1,2,6,3,0,3,0
18018,5,18,526,2018,6,4,11,0,0,0,0,1,0,1,2,2,7,3,0,3,0
18019,4,4,407,2018,6,6,15,0,1,0,0,0,0,1,2,0,7,3,0,3,0
18020,2,3,209,2018,6,3,22,0,0,1,0,1,0,0,2,3,7,3,0,3,0
18021,4,5,408,2018,6,3,16,0,0,1,0,0,0,0,1,2,6,3,0,3,0
18022,4,5,409,2018,6,6,7,0,1,1,0,0,0,0,2,5,2,3,0,3,0
18023,1,6,117,2018,6,7,20,0,0,0,0,0,0,1,1,5,3,3,1,2,1
18024,4,8,421,2018,6,6,16,0,1,1,0,0,0,0,2,0,3,3,0,2,1
18025,5,4,512,2018,6,6,16,0,0,1,1,0,0,0,2,6,4,3,0,3,0
18026,3,8,320,2018,6,6,10,0,1,1,0,0,0,0,2,0,3,3,0,3,0
18027,1,12,130,2018,6,5,14,0,0,1,0,0,0,0,1,1,6,3,0,3,0
18028,2,3,208,2018,6,4,15,0,0,1,0,0,0,0,1,2,6,3,0,3,0
18029,1,6,115,2018,6,4,22,0,0,1,0,0,0,0,1,3,6,3,0,3,0
18030,4,8,420,2018,6,6,12,0,1,1,0,0,0,0,2,5,3,3,0,3,0
18031,4,5,408,2018,6,5,2,0,0,1,0,0,0,0,1,9,7,3,0,3,0
18032,2,8,220,2018,6,4,20,0,0,1,0,1,0,0,2,0,6,3,0,3,0
18033,4,6,414,2018,6,6,7,0,1,0,0,0,0,1,2,3,2,3,0,3,0
18034,5,5,513,2018,6,2,5,0,1,1,0,0,0,0,2,1,5,3,0,3,0
18035,3,1,304,2018,6,6,16,0,1,1,0,0,0,0,2,3,2,3,0,3,0
18036,4,10,429,2018,6,5,18,0,0,1,0,0,0,0,1,1,7,3,0,3,0
18037,5,16,524,2018,6,4,11,0,0,0,0,1,0,0,1,0,7,3,0,2,1
18038,3,5,317,2018,6,6,18,0,1,0,0,0,0,0,1,0,7,3,0,3,0
18039,7,12,713,2018,6,2,6,0,0,1,0,1,0,0,2,2,6,3,0,3,0
18040,2,2,207,2018,6,3,19,0,1,0,0,0,0,0,1,4,2,3,0,3,0
18041,3,5,317,2018,6,6,15,0,1,0,0,0,0,0,1,0,7,3,0,3,0
18042,4,10,428,2018,6,2,12,0,0,1,0,0,0,0,1,1,7,3,0,3,0
18043,5,9,517,2018,6,7,14,0,1,1,0,0,0,0,2,5,7,3,1,3,0
18044,3,5,317,2018,6,6,12,0,1,1,0,0,0,0,2,5,2,3,0,3,0
18045,5,12,520,2018,6,6,11,0,0,1,0,0,1,0,2,4,6,3,0,2,1
18046,4,3,406,2018,6,6,7,0,0,1,0,0,0,0,1,2,6,3,1,3,0
18047,5,10,518,2018,6,5,14,0,0,1,0,0,0,1,2,5,3,3,1,3,0
18048,3,3,314,2018,6,4,13,0,0,1,1,0,0,0,2,6,7,3,0,3,0
18049,2,1,202,2018,6,6,8,0,0,1,0,1,0,0,2,0,2,3,0,2,1
18050,3,3,314,2018,6,6,17,0,0,1,0,0,0,1,2,3,6,3,0,3,0
18051,4,2,403,2018,6,5,0,0,0,1,0,0,0,0,1,1,6,3,0,3,0
18052,3,2,312,2018,6,6,10,0,1,0,0,0,0,0,1,4,6,3,0,3,0
18053,3,1,305,2018,6,4,9,0,1,0,0,0,0,0,1,4,6,3,0,3,0
18054,2,9,221,2018,6,4,7,0,1,1,0,0,0,0,2,5,3,3,0,3,0
18055,3,2,312,2018,6,6,8,0,1,0,1,0,0,0,2,6,4,3,0,3,0
18056,4,13,432,2018,6,2,14,0,0,1,0,0,0,0,1,2,6,3,0,3,0
18057,2,1,205,2018,6,6,16,0,0,1,0,0,0,0,1,5,3,3,0,3,0
18058,4,8,423,2018,6,1,15,0,0,1,0,0,0,0,1,1,7,3,0,3,0
18059,1,3,106,2018,6,7,13,0,0,0,0,1,0,0,1,0,1,3,1,3,0
18060,6,13,614,2018,6,3,10,0,0,1,0,0,0,1,2,5,2,3,0,2,1
18061,1,5,113,2018,6,6,16,0,1,0,1,0,0,0,2,0,7,3,0,3,0
18062,4,5,413,2018,6,6,11,0,1,1,0,0,0,0,2,0,7,3,0,3,0
18063,6,2,602,2018,6,2,16,0,0,1,1,0,0,0,2,0,6,3,0,3,0
18064,7,1,701,2018,6,5,16,0,1,1,0,0,0,0,2,5,3,3,0,3,0
18065,1,1,101,2018,6,2,13,0,0,1,0,0,0,0,1,3,6,3,0,3,0
18066,3,5,317,2018,6,7,22,0,0,1,1,0,0,0,2,6,4,3,1,3,0
18067,7,7,708,2018,6,5,13,0,0,1,0,0,0,0,1,0,7,3,0,3,0
18068,4,13,432,2018,6,6,19,0,0,1,1,0,0,0,2,0,4,3,0,3,0
18069,2,10,222,2018,6,5,17,0,0,1,0,0,0,1,2,2,6,3,1,3,0
18070,1,12,130,2018,6,3,19,0,0,1,0,0,0,0,1,1,6,3,0,3,0
18071,1,16,137,2018,6,5,16,0,0,1,0,1,0,0,2,4,2,3,0,2,1
18072,6,1,601,2018,6,5,20,0,0,1,1,0,0,0,2,2,6,3,0,3,0
18073,3,2,312,2018,6,5,16,0,0,1,0,1,0,0,2,4,7,3,0,3,0
18074,1,6,116,2018,6,5,7,0,0,1,0,0,0,0,1,2,6,3,0,3,0
18075,1,6,115,2018,6,4,7,0,1,0,0,0,0,0,1,5,3,3,0,3,0
18076,5,18,526,2018,6,5,16,0,0,0,0,1,0,0,1,0,7,3,0,3,0
18077,2,8,220,2018,6,2,7,0,1,0,0,0,0,1,2,1,5,3,1,3,0
18078,5,3,511,2018,6,5,22,0,0,1,0,0,0,0,1,2,6,3,0,3,0
18079,1,8,123,2018,6,7,4,0,0,1,0,0,0,0,1,1,1,3,0,3,0
18080,1,11,129,2018,6,6,8,0,0,1,0,0,0,0,1,5,3,3,1,3,0
18081,1,14,132,2018,6,3,16,0,0,1,0,0,1,0,2,2,6,3,0,3,0
18082,5,2,505,2018,6,5,16,0,1,1,0,0,0,0,2,4,2,3,0,2,1
18083,3,3,314,2018,6,6,12,0,1,1,0,0,0,0,2,3,2,3,0,3,0
18084,6,6,607,2018,6,4,18,0,1,1,0,0,0,0,2,5,3,3,0,3,0
18085,5,18,526,2018,6,3,18,0,1,0,0,0,0,0,1,4,6,3,0,3,0
18086,5,7,515,2018,6,5,12,0,1,0,0,0,0,0,1,3,6,3,0,3,0
18087,5,8,516,2018,6,5,8,0,1,0,0,0,1,0,2,5,3,3,0,3,0
18088,5,10,518,2018,6,3,20,0,1,0,0,0,0,0,1,0,7,3,0,3,0
18089,3,2,312,2018,6,5,8,0,1,0,0,0,0,1,2,0,5,3,1,3,0
18090,5,7,515,2018,6,5,16,0,1,0,0,0,0,0,1,4,6,3,0,3,0
18091,5,12,520,2018,6,5,7,0,1,0,0,0,0,0,1,5,3,3,0,3,0
18092,1,7,119,2018,6,3,11,0,0,1,0,0,0,0,1,5,3,3,0,3,0
18093,5,17,525,2018,6,5,19,0,0,1,0,1,0,0,2,5,3,3,0,3,0
18094,6,14,615,2018,6,1,11,0,0,1,1,0,0,0,2,6,4,3,0,3,0
18095,4,4,407,2018,6,5,17,0,1,1,0,0,0,0,2,4,2,3,0,3,0
18096,3,7,319,2018,6,7,1,0,0,1,0,0,0,0,1,5,3,3,0,3,0
18097,5,17,525,2018,6,6,17,0,1,1,0,0,0,0,2,5,3,3,0,3,0
18098,5,5,513,2018,6,3,5,0,0,1,0,0,0,0,1,5,3,3,0,3,0
18099,4,13,432,2018,6,5,14,0,0,1,0,1,0,0,2,2,6,3,0,3,0
18100,6,2,603,2018,6,5,11,0,1,1,0,0,0,0,2,5,3,3,0,3,0
18101,4,9,425,2018,6,4,23,0,0,1,0,0,0,0,1,1,6,3,0,3,0
18102,3,9,321,2018,6,5,15,0,1,0,0,0,0,1,2,5,2,3,0,3,0
18103,1,3,106,2018,6,3,17,0,1,1,0,0,0,0,2,5,3,3,0,3,0
18104,2,5,216,2018,6,3,18,0,1,1,0,0,0,0,2,4,2,3,0,3,0
18105,2,8,220,2018,6,5,7,0,0,1,1,0,0,0,2,6,2,3,0,3,0
18106,4,12,431,2018,6,2,7,0,1,1,0,0,0,0,2,5,3,3,0,3,0
18107,5,2,508,2018,6,7,10,0,0,1,0,0,0,0,1,2,6,3,1,3,0
18108,2,1,202,2018,6,5,16,0,1,1,0,1,0,0,3,2,6,3,0,3,0
18109,5,2,507,2018,6,6,9,0,0,1,0,1,0,0,2,3,6,3,0,3,0
18110,3,8,320,2018,6,6,7,0,0,1,0,0,0,1,2,4,7,3,0,3,0
18111,2,1,202,2018,6,5,17,0,1,0,0,0,0,1,2,3,6,3,0,3,0
18112,3,1,309,2018,6,1,21,0,1,1,0,0,0,0,2,5,3,3,0,3,0
18113,3,3,314,2018,6,5,22,0,0,1,0,0,0,0,1,5,3,3,0,3,0
18114,1,17,138,2018,6,6,16,0,1,0,0,0,0,0,1,0,7,3,0,3,0
18115,4,6,414,2018,6,6,8,0,0,1,1,0,0,0,2,0,7,3,1,3,0
18116,1,3,107,2018,6,6,16,0,0,1,0,0,0,1,2,5,3,3,1,3,0
18117,5,18,526,2018,6,3,18,0,1,1,0,0,0,0,2,5,3,3,0,3,0
18118,3,2,311,2018,6,5,11,0,0,1,0,1,0,0,2,4,2,3,0,3,0
18119,5,17,525,2018,6,5,15,0,0,1,0,1,0,0,2,5,3,3,0,2,1
18120,4,10,427,2018,6,4,20,0,0,1,0,1,0,0,2,3,5,3,0,3,0
18121,1,1,101,2018,6,5,17,0,0,1,0,0,0,0,1,2,6,3,0,3,0
18122,1,11,129,2018,6,2,15,0,0,1,0,0,0,0,1,2,2,3,0,3,0
18123,1,1,102,2018,6,3,9,0,1,0,1,0,0,0,2,6,4,3,0,3,0
18124,7,12,713,2018,6,4,16,0,1,0,0,0,0,1,2,0,7,3,0,3,0
18125,4,6,415,2018,6,2,13,0,1,1,0,0,0,0,2,5,3,3,0,3,0
18126,4,10,426,2018,6,7,16,0,0,0,0,1,0,0,1,0,1,3,1,3,0
18127,7,1,702,2018,6,4,12,0,0,1,0,0,0,0,1,2,6,3,0,3,0
18128,5,11,519,2018,6,6,11,0,0,1,0,0,0,0,1,5,3,3,0,3,0
18129,4,5,409,2018,6,5,18,0,0,1,0,0,0,0,1,2,6,3,1,3,0
18130,5,18,526,2018,6,3,16,0,0,1,0,1,0,0,2,0,3,3,0,3,0
18131,7,10,711,2018,6,4,16,0,1,1,0,0,0,0,2,5,2,3,0,3,0
18132,1,16,136,2018,6,4,8,0,0,1,0,0,0,0,1,5,3,3,0,3,0
18133,3,4,316,2018,6,5,12,0,0,1,0,0,0,1,2,3,7,3,0,3,0
18134,1,16,137,2018,6,4,5,0,1,1,0,0,0,0,2,0,2,3,0,3,0
18135,2,3,210,2018,6,4,18,0,1,0,0,0,0,0,1,2,6,3,0,3,0
18136,1,13,131,2018,6,4,12,0,0,1,0,0,0,0,1,1,6,3,0,3,0
18137,5,3,510,2018,6,5,8,0,0,1,0,0,0,1,2,2,6,3,1,3,0
18138,4,9,425,2018,6,3,13,0,1,1,0,0,0,0,2,5,3,3,0,3,0
18139,5,4,512,2018,6,4,16,0,1,1,0,0,0,0,2,3,2,3,0,3,0
18140,3,9,321,2018,6,5,8,0,1,1,0,0,0,0,2,3,2,3,0,3,0
18141,5,4,512,2018,6,4,9,0,0,1,0,0,0,0,1,1,6,3,0,3,0
18142,3,1,304,2018,6,4,19,0,0,1,0,0,0,0,1,3,7,3,0,3,0
18143,5,7,515,2018,6,4,8,0,0,1,0,0,0,1,2,2,7,3,0,3,0
18144,5,3,511,2018,6,2,16,0,1,0,0,0,0,0,1,0,7,3,0,2,1
18145,5,3,510,2018,6,2,16,0,0,1,0,0,0,1,2,1,6,3,0,3,0
18146,5,10,518,2018,6,4,7,0,1,1,0,0,0,0,2,4,7,3,0,3,0
18147,5,18,526,2018,6,1,10,0,0,1,0,0,0,0,1,2,7,3,0,3,0
18148,3,2,312,2018,6,7,16,0,0,1,1,0,0,0,2,6,4,3,1,2,1
18149,5,3,511,2018,6,3,7,0,1,1,0,0,0,0,2,5,3,3,0,3,0
18150,4,13,432,2018,6,4,14,0,0,0,1,0,0,1,2,0,4,3,0,3,0
18151,4,5,409,2018,6,6,15,0,0,1,0,0,0,0,1,2,6,3,0,3,0
18152,2,5,216,2018,6,5,9,0,1,0,1,0,0,0,2,6,4,3,1,3,0
18153,4,6,415,2018,6,3,10,0,0,1,1,0,0,0,2,6,3,3,0,3,0
18154,4,13,432,2018,6,4,7,0,1,1,0,0,0,0,2,5,3,3,0,2,1
18155,1,13,131,2018,6,4,7,0,0,1,0,1,0,0,2,3,2,3,0,2,1
18156,4,8,422,2018,6,4,20,0,0,1,0,0,0,0,1,4,2,3,0,3,0
18157,1,5,114,2018,6,5,17,0,1,1,0,0,0,0,2,0,7,3,0,3,0
18158,4,6,415,2018,6,4,8,0,1,0,0,0,0,0,1,5,2,3,0,3,0
18159,1,16,137,2018,6,4,14,0,0,1,0,0,0,1,2,3,6,3,0,3,0
18160,3,8,320,2018,6,4,17,0,0,1,0,0,0,0,1,2,6,3,0,3,0
18161,2,7,219,2018,6,2,13,0,1,1,0,0,0,0,2,4,6,3,0,3,0
18162,2,9,221,2018,6,4,13,0,0,1,0,0,0,1,2,5,3,3,0,3,0
18163,5,2,509,2018,6,7,23,0,0,1,1,0,0,0,2,6,4,3,0,3,0
18164,1,8,123,2018,6,6,9,0,1,1,0,0,0,0,2,4,6,3,1,3,0
18165,4,8,422,2018,6,3,21,0,1,0,1,0,0,0,2,6,3,3,0,3,0
18166,4,10,428,2018,6,2,14,0,1,1,0,0,0,0,2,1,5,3,0,3,0
18167,2,8,220,2018,6,4,19,0,1,1,0,0,0,0,2,5,2,3,0,3,0
18168,3,2,311,2018,6,1,12,0,0,1,0,1,0,0,2,1,6,3,0,3,0
18169,1,5,114,2018,6,7,15,0,0,1,1,0,0,0,2,6,4,3,1,3,0
18170,2,3,208,2018,6,3,16,0,0,1,0,1,0,0,2,1,5,3,0,3,0
18171,2,8,220,2018,6,4,15,0,0,1,0,1,0,0,2,3,2,3,0,3,0
18172,2,14,227,2018,6,6,11,0,0,1,1,0,0,0,2,6,2,3,0,3,0
18173,1,5,113,2018,6,5,17,0,1,1,0,0,0,0,2,5,3,3,1,3,0
18174,2,1,205,2018,6,3,9,0,0,1,1,0,0,0,2,6,4,3,0,3,0
18175,3,6,318,2018,6,4,8,0,0,1,0,0,0,0,1,8,1,3,0,3,0
18176,3,1,310,2018,6,4,15,0,1,1,0,0,0,0,2,5,2,3,0,3,0
18177,5,2,505,2018,6,3,10,0,0,1,0,1,0,0,2,5,2,3,0,2,1
18178,1,1,101,2018,6,4,13,0,1,1,0,0,0,0,2,4,7,3,0,3,0
18179,5,7,515,2018,6,1,15,0,0,1,0,0,0,0,1,1,5,3,0,3,0
18180,6,2,602,2018,6,4,19,0,0,1,0,0,0,0,1,2,6,3,0,3,0
18181,1,16,137,2018,6,4,16,0,0,0,0,0,0,1,1,2,6,3,0,3,0
18182,1,3,108,2018,6,7,21,0,0,1,0,0,0,0,1,5,3,3,0,3,0
18183,5,17,525,2018,6,6,12,0,0,1,1,0,0,0,2,6,4,3,0,3,0
18184,3,3,313,2018,6,3,21,0,0,1,0,0,0,1,2,0,7,3,0,3,0
18185,1,19,140,2018,6,3,7,0,0,1,0,0,1,0,2,3,6,3,0,3,0
18186,5,5,513,2018,6,5,15,0,1,1,0,0,0,0,2,3,2,3,0,2,1
18187,5,10,518,2018,6,4,8,0,1,1,0,0,0,0,2,5,3,3,0,3,0
18188,3,3,314,2018,6,3,10,0,1,1,0,0,0,0,2,5,2,3,0,3,0
18189,7,9,710,2018,6,3,8,0,1,1,0,0,0,0,2,3,2,3,0,3,0
18190,7,1,702,2018,6,3,16,0,1,1,0,0,0,0,2,5,2,3,0,3,0
18191,6,2,603,2018,6,3,17,0,0,1,1,0,0,0,2,6,4,3,0,3,0
18192,1,3,108,2018,6,6,20,0,1,0,0,0,0,0,1,4,6,3,0,3,0
18193,5,6,514,2018,6,4,7,0,0,1,0,1,0,0,2,5,7,3,0,2,1
18194,3,2,312,2018,6,3,15,0,0,0,0,1,0,1,2,2,6,3,0,3,0
18195,1,7,119,2018,6,3,15,0,1,1,0,0,0,0,2,5,3,3,0,3,0
18196,4,5,411,2018,6,3,17,0,1,0,1,0,0,0,2,0,3,3,0,3,0
18197,5,18,526,2018,6,3,19,0,0,1,0,1,0,0,2,3,2,3,0,3,0
18198,6,1,601,2018,6,7,14,0,0,1,0,0,1,0,2,5,3,3,0,3,0
18199,5,6,514,2018,6,3,15,0,1,1,0,0,0,0,2,3,2,3,0,2,1
18200,1,11,129,2018,6,6,23,0,0,1,0,0,0,0,1,2,6,3,0,3,0
18201,4,8,418,2018,6,6,8,0,0,1,1,0,0,0,2,6,4,3,1,3,0
18202,7,9,710,2018,6,5,7,0,1,1,0,0,0,0,2,5,3,3,1,3,0
18203,6,2,602,2018,6,2,18,0,0,1,0,1,0,0,2,0,7,3,0,3,0
18204,5,7,515,2018,6,3,15,0,1,1,0,0,0,0,2,1,5,3,0,3,0
18205,4,4,407,2018,6,5,16,0,1,1,0,0,0,0,2,1,5,3,0,3,0
18206,3,8,320,2018,6,4,23,0,0,1,0,0,0,0,1,4,2,3,0,3,0
18207,5,17,525,2018,6,3,16,0,1,0,1,0,0,0,2,6,4,3,0,2,1
18208,5,6,514,2018,6,2,12,0,0,1,0,0,0,0,1,3,7,3,0,3,0
18209,7,1,702,2018,6,2,14,0,0,0,1,0,1,0,2,0,7,3,0,3,0
18210,5,1,504,2018,6,3,22,0,0,1,0,0,0,0,1,5,3,3,0,3,0
18211,3,9,321,2018,6,2,12,0,1,1,0,0,0,0,2,5,3,3,0,3,0
18212,2,5,215,2018,6,7,18,0,0,1,0,1,0,0,2,0,1,3,1,3,0
18213,2,3,210,2018,6,3,8,0,1,1,0,0,0,0,2,0,7,3,0,3,0
18214,5,1,503,2018,6,3,16,0,0,1,0,0,0,0,1,2,6,3,0,3,0
18215,4,5,413,2018,6,2,17,0,1,1,0,0,0,0,2,5,3,3,0,3,0
18216,5,12,520,2018,6,7,11,0,0,1,0,0,0,0,1,4,2,3,1,3,0
18217,4,7,416,2018,6,3,16,0,0,1,0,0,0,0,1,2,6,3,0,3,0
18218,5,7,515,2018,6,6,17,0,1,0,0,0,0,0,1,4,3,3,0,3,0
18219,3,6,318,2018,6,6,8,0,1,0,0,1,0,0,2,0,7,3,1,3,0
18220,5,7,515,2018,6,5,18,0,0,1,0,0,0,0,1,5,3,3,1,3,0
18221,6,2,602,2018,6,2,15,0,0,1,0,1,0,0,2,2,6,3,0,3,0
18222,4,8,421,2018,6,3,8,0,0,1,0,0,1,0,2,2,6,3,0,3,0
18223,2,11,224,2018,6,5,14,0,1,1,0,0,0,0,2,5,3,3,0,2,1
18224,5,1,504,2018,6,3,18,0,1,1,0,0,0,0,2,5,3,3,0,3,0
18225,3,1,308,2018,6,4,0,0,0,0,1,1,0,0,2,0,4,3,0,3,0
18226,3,8,320,2018,6,4,7,0,1,1,0,0,0,0,2,5,3,3,0,3,0
18227,3,7,319,2018,6,3,15,0,0,1,0,0,0,1,2,2,6,3,0,3,0
18228,5,2,509,2018,6,2,19,0,0,1,0,0,0,0,1,3,6,3,0,3,0
18229,5,7,515,2018,6,2,16,0,1,1,0,0,0,0,2,5,3,3,0,3,0
18230,3,6,318,2018,6,3,16,0,1,1,0,0,0,0,2,5,3,3,0,3,0
18231,5,16,524,2018,6,1,17,0,1,0,0,0,0,1,2,0,7,3,0,3,0
18232,1,3,106,2018,6,7,8,0,0,1,0,0,0,0,1,2,6,3,1,3,0
18233,1,11,129,2018,6,2,12,0,0,1,0,0,0,1,2,7,7,3,0,3,0