SN,District,Imperial_Circle,Community,Year,Month,Weekday,Hour,Road,Cycle,Car,Pedestrians,Motorcycle,Goods Vehicle,Others,Total,Collision Type,Accident Type,Light Condition,Road Condition,Accident_Severity,Tend_to_Death
19124,5,7,515,2018,7,3,15,0,1,1,0,0,0,0,2,5,2,3,0,3,0
19125,2,8,220,2018,7,3,17,0,0,1,0,0,0,0,1,1,6,3,0,3,0
19126,5,2,507,2018,8,7,22,0,0,1,0,0,0,0,1,5,2,3,0,3,0
19127,5,6,514,2018,8,2,13,0,0,1,0,1,0,0,2,3,7,3,1,3,0
19128,1,6,115,2018,8,4,17,0,0,1,0,0,0,0,1,3,6,3,1,3,0
19129,4,2,405,2018,7,3,15,0,0,1,0,0,0,0,1,5,3,3,0,3,0
19130,5,9,517,2018,8,3,13,0,1,1,0,0,0,0,2,5,3,3,0,2,1
19131,2,1,204,2018,8,6,17,0,1,0,0,0,0,0,1,4,6,3,0,3,0
19132,1,12,130,2018,7,1,0,0,1,0,0,0,0,0,1,0,7,3,1,3,0
19133,5,10,518,2018,7,3,20,0,1,1,0,0,0,0,2,0,7,3,0,3,0
19134,3,3,314,2018,7,3,10,0,1,0,0,0,0,1,2,5,3,3,0,3,0
19135,2,8,220,2018,8,1,0,0,0,0,0,1,0,0,1,0,7,3,0,3,0
19136,1,16,137,2018,8,2,4,0,1,0,0,0,0,0,1,0,7,3,0,3,0
19137,3,6,318,2018,8,4,21,0,1,1,0,0,0,0,2,5,3,3,0,3,0
19138,7,13,714,2018,7,2,14,0,1,1,0,0,0,0,2,5,3,3,0,3,0
19139,3,5,317,2018,8,6,9,0,0,1,0,0,0,0,1,5,3,3,0,3,0
19140,1,14,132,2018,8,2,13,0,0,1,0,0,0,0,1,1,6,3,0,3,0
19141,7,13,714,2018,7,2,7,0,1,1,0,0,0,0,2,5,2,3,0,3,0
19142,1,11,128,2018,8,4,11,0,0,1,0,1,0,0,2,1,6,3,0,2,1
19143,1,8,121,2018,8,7,14,0,0,0,0,0,0,1,1,0,7,3,0,3,0
19144,1,12,130,2018,8,4,17,0,0,1,1,0,0,0,2,6,4,3,0,3,0
19145,1,5,114,2018,8,7,17,0,0,1,1,0,0,0,2,6,4,3,1,3,0
19146,5,11,519,2018,7,3,17,0,0,1,0,0,0,0,1,2,6,3,0,3,0
19147,6,11,612,2018,7,2,18,0,0,1,0,1,0,0,2,5,7,3,0,3,0
19148,1,1,101,2018,8,3,14,0,0,1,0,0,0,0,1,3,6,3,0,3,0
19149,5,9,517,2018,8,5,18,0,0,1,0,0,0,0,1,3,6,3,0,3,0
19150,1,12,130,2018,7,2,22,0,1,1,0,0,0,0,2,4,2,3,0,3,0
19151,2,8,220,2018,8,7,18,0,0,1,0,0,0,0,1,3,6,3,0,3,0
19152,1,12,130,2018,8,3,14,0,0,0,0,0,0,1,1,0,7,3,0,3,0
19153,1,12,130,2018,7,2,18,0,0,1,0,0,0,0,1,4,2,3,0,3,0
19154,1,11,128,2018,8,5,17,0,1,0,0,0,0,0,1,4,6,3,0,3,0
19155,2,1,204,2018,8,2,17,0,0,1,0,0,0,1,2,5,3,3,0,3,0
19156,1,12,130,2018,7,2,17,0,0,1,0,0,0,0,1,4,2,3,0,3,0
19157,2,2,207,2018,8,6,20,0,1,1,0,1,0,0,3,2,6,3,0,3,0
19158,4,4,407,2018,8,2,17,0,1,1,0,0,0,0,2,5,3,3,0,3,0
19159,5,2,508,2018,7,2,16,0,0,0,0,1,0,0,1,0,7,3,0,3,0
19160,4,8,422,2018,8,4,16,0,0,1,0,0,0,0,1,1,6,3,0,3,0
19161,3,7,319,2018,8,7,9,0,1,1,0,0,0,0,2,5,3,3,0,3,0
19162,4,10,429,2018,8,4,7,0,1,1,0,0,0,0,2,5,2,3,0,3,0
19163,4,5,410,2018,8,6,15,0,0,1,0,0,0,0,1,5,2,3,0,3,0
19164,1,3,106,2018,7,3,20,0,0,1,0,0,0,1,2,5,2,3,0,3,0
19165,4,5,409,2018,7,3,6,0,0,0,0,0,0,1,1,1,5,3,0,3,0
19166,5,7,515,2018,7,2,11,0,0,1,1,0,0,0,2,6,4,3,0,2,1
19167,1,16,136,2018,8,2,16,0,1,1,0,0,0,0,2,5,2,3,0,3,0
19168,2,7,219,2018,8,5,21,0,0,1,1,0,0,0,2,6,4,3,0,2,1
19169,4,5,410,2018,7,2,14,0,1,1,0,0,0,0,2,0,7,3,0,3,0
19170,5,2,506,2018,7,6,20,0,0,1,0,0,0,0,1,1,6,3,0,3,0
19171,1,13,131,2018,8,6,6,0,0,0,0,1,0,1,2,5,3,3,0,2,1
19172,5,9,517,2018,8,3,18,0,0,1,0,0,0,0,1,2,6,3,0,3,0
19173,4,10,428,2018,7,2,12,0,1,1,0,0,0,0,2,0,5,3,0,3,0
19174,1,4,112,2018,8,6,16,0,0,0,1,0,0,1,2,6,7,3,0,3,0
19175,3,9,321,2018,8,2,22,0,1,1,0,0,0,0,2,4,2,3,0,3,0
19176,4,4,407,2018,8,5,13,0,0,1,0,0,0,0,1,0,2,3,0,3,0
19177,1,16,136,2018,8,1,22,0,0,0,1,0,0,1,2,0,4,3,0,3,0
19178,4,7,417,2018,7,3,19,0,0,1,0,0,0,0,1,5,7,3,0,3,0
19179,5,1,501,2018,7,2,12,0,0,1,0,0,0,1,2,5,3,3,0,3,0
19180,1,12,130,2018,8,3,18,0,0,1,0,0,0,1,2,5,3,3,0,3,0
19181,4,12,431,2018,8,6,23,0,0,1,1,0,0,0,2,6,4,3,0,3,0
19182,5,2,506,2018,7,2,17,0,1,1,0,0,0,0,2,5,3,3,0,3,0
19183,3,8,320,2018,7,3,21,0,1,1,0,0,0,0,2,2,2,3,0,3,0
19184,5,1,504,2018,7,2,18,0,1,0,1,0,0,0,2,0,7,3,0,3,0
19185,2,5,217,2018,8,2,8,0,1,0,0,0,0,1,2,5,3,3,0,3,0
19186,3,9,321,2018,8,3,15,0,1,1,0,0,0,0,2,4,2,3,0,3,0
19187,1,8,125,2018,8,4,16,0,1,1,0,0,0,0,2,4,2,3,0,3,0
19188,2,5,216,2018,7,2,8,0,1,1,0,0,0,0,2,5,2,3,0,3,0
19189,3,5,317,2018,8,4,13,0,1,0,0,0,0,1,2,6,7,3,0,3,0
19190,6,1,601,2018,8,6,22,0,1,1,0,0,0,1,3,1,5,3,0,3,0
19191,1,16,137,2018,7,2,17,0,1,1,0,0,0,0,2,5,3,3,0,3,0
19192,2,8,220,2018,7,2,8,0,1,1,0,0,0,0,2,5,3,3,0,3,0
19193,5,9,517,2018,8,2,16,0,0,1,0,0,0,0,1,2,6,3,0,3,0
19194,1,1,102,2018,8,5,12,0,1,1,0,0,0,0,2,1,5,3,0,3,0
19195,3,5,317,2018,7,2,9,0,1,0,0,0,0,0,1,3,6,3,0,3,0
19196,4,12,431,2018,8,6,14,0,0,1,1,0,0,0,2,6,7,3,0,3,0
19197,4,6,415,2018,8,3,10,0,0,1,0,0,0,1,2,2,6,3,0,3,0
19198,1,5,114,2018,7,2,12,0,0,1,1,0,0,0,2,4,2,3,0,3,0
19199,1,12,130,2018,8,5,18,0,1,1,0,0,0,0,2,2,6,3,0,3,0
19200,7,16,717,2018,8,1,19,0,1,1,0,0,0,0,2,1,5,3,0,3,0
19201,2,5,217,2018,8,5,8,0,0,0,0,1,0,1,2,1,7,3,0,3,0
19202,1,6,115,2018,8,1,0,0,0,1,0,0,0,0,1,5,3,3,0,3,0
19203,6,14,615,2018,7,1,15,0,0,0,0,1,0,0,1,9,1,3,0,2,1
19204,5,7,515,2018,8,3,16,0,0,1,0,0,0,0,1,2,6,3,0,3,0
19205,3,7,319,2018,8,6,13,0,1,1,0,0,0,0,2,5,3,3,0,3,0
19206,1,3,108,2018,7,2,17,0,1,0,1,0,0,0,2,6,4,3,0,3,0
19207,1,13,131,2018,7,1,12,0,0,1,0,1,0,0,2,5,3,3,0,2,1
19208,6,5,606,2018,8,1,5,0,0,1,0,0,0,0,1,8,7,3,0,3,0
19209,1,3,108,2018,8,3,17,0,0,1,0,0,0,0,1,1,6,3,0,2,1
19210,4,4,407,2018,8,4,8,0,1,1,0,0,0,0,2,5,2,3,0,3,0
19211,1,8,121,2018,7,1,14,0,0,1,0,0,0,0,1,9,1,3,0,3,0
19212,2,5,217,2018,8,6,12,0,0,1,1,0,0,0,2,6,4,3,0,1,1
19213,6,14,615,2018,8,2,20,0,1,1,0,0,0,0,2,5,3,3,1,2,1
19214,5,18,526,2018,7,1,4,0,1,1,0,0,0,0,2,5,3,3,0,3,0
19215,1,20,141,2018,8,4,7,0,1,1,0,0,0,0,2,5,3,3,0,2,1
19216,7,2,703,2018,8,7,12,0,0,0,0,0,0,1,1,9,1,3,0,3,0
19217,5,10,518,2018,7,1,16,0,0,1,1,0,0,0,2,6,4,3,0,3,0
19218,4,7,416,2018,8,6,9,0,1,1,0,0,0,0,2,5,2,3,0,2,1
19219,1,2,104,2018,8,3,16,0,0,1,0,0,0,0,1,2,6,3,0,3,0
19220,4,7,417,2018,8,2,18,0,1,0,0,1,0,0,2,5,3,3,0,3,0
19221,4,13,432,2018,7,1,17,0,0,1,1,0,0,0,2,6,4,3,0,1,1
19222,3,9,321,2018,8,5,8,0,1,1,0,0,0,0,2,5,3,3,0,3,0
19223,5,5,513,2018,8,1,13,0,0,1,0,1,0,0,2,0,5,3,0,3,0
19224,1,4,111,2018,8,5,10,0,1,0,0,0,1,0,2,5,2,3,0,3,0
19225,4,11,430,2018,8,7,17,0,0,1,0,0,0,0,1,2,6,3,1,3,0
19226,4,5,408,2018,7,1,13,0,1,1,0,0,0,0,2,1,5,3,0,3,0
19227,4,4,407,2018,8,3,18,0,0,1,0,0,0,0,1,2,6,3,0,3,0
19228,3,3,313,2018,8,6,19,0,1,1,0,0,0,0,2,3,2,3,0,3,0
19229,5,1,502,2018,7,1,11,0,0,1,0,0,0,1,2,5,3,3,0,3,0
19230,4,5,408,2018,7,1,15,0,0,1,0,0,0,0,1,5,3,3,0,3,0
19231,1,3,105,2018,8,1,5,0,1,1,0,0,0,0,2,5,3,3,0,3,0
19232,6,6,607,2018,8,2,10,0,1,0,0,0,0,0,1,0,7,3,1,3,0
19233,3,1,303,2018,8,4,13,0,1,1,0,0,0,0,2,2,6,3,0,3,0
19234,2,8,220,2018,7,1,10,0,0,1,0,1,0,0,2,5,2,3,0,3,0
19235,3,2,311,2018,8,6,16,0,1,0,0,0,0,1,2,3,2,3,0,3,0
19236,5,3,511,2018,8,2,5,0,0,1,0,1,0,0,2,3,2,3,0,3,0
19237,1,3,106,2018,7,1,18,0,1,1,0,0,0,0,2,5,3,3,0,3,0
19238,5,2,508,2018,8,4,13,0,0,1,0,0,0,0,1,2,6,3,0,3,0
19239,5,9,517,2018,8,7,18,0,0,0,0,1,0,0,1,0,7,3,0,2,1
19240,1,8,125,2018,8,4,16,0,0,1,0,1,0,0,2,5,3,3,0,3,0
19241,1,13,131,2018,8,6,17,0,0,1,0,0,0,0,1,0,7,3,0,3,0
19242,4,5,413,2018,8,4,0,0,1,0,0,0,0,0,1,3,6,3,0,3,0
19243,7,13,714,2018,7,7,15,0,0,0,0,1,0,0,1,8,7,3,0,3,0
19244,7,10,711,2018,8,3,10,0,0,1,0,0,0,1,2,0,6,3,0,3,0
19245,4,5,409,2018,8,5,18,0,1,1,0,0,0,0,2,4,2,3,0,3,0
19246,1,16,137,2018,8,4,11,0,1,1,0,0,0,0,2,5,3,3,0,3,0
19247,3,2,312,2018,8,7,17,0,0,1,1,0,0,0,2,6,7,3,0,3,0
19248,1,20,141,2018,7,7,13,0,0,1,0,1,0,0,2,1,5,3,0,3,0
19249,4,2,405,2018,8,3,7,0,1,0,1,0,0,0,2,6,7,3,0,3,0
19250,5,4,512,2018,8,5,10,0,0,1,1,0,0,0,2,6,2,3,0,3,0
19251,6,1,601,2018,7,7,19,0,0,0,0,1,0,0,1,0,7,3,1,3,0
19252,1,11,128,2018,7,7,14,0,1,1,0,0,0,0,2,4,2,3,0,3,0
19253,5,17,525,2018,8,7,15,0,1,1,0,0,0,0,2,5,3,3,0,2,1
19254,5,9,517,2018,8,2,7,0,1,1,0,0,0,0,2,2,6,3,0,3,0
19255,7,13,714,2018,8,3,8,0,0,1,0,0,0,0,1,4,6,3,0,3,0
19256,5,10,518,2018,7,7,3,0,0,1,0,0,0,0,1,7,1,3,0,2,1
19257,1,6,115,2018,8,6,14,0,1,1,0,0,0,0,2,5,3,3,0,3,0
19258,2,7,219,2018,8,2,18,0,0,1,0,0,0,1,2,0,6,3,0,3,0
19259,2,14,227,2018,7,7,18,0,1,1,0,0,0,0,2,1,6,3,0,3,0
19260,4,10,426,2018,8,4,12,0,0,1,0,0,0,0,1,5,3,3,0,3,0
19261,1,19,140,2018,8,6,18,0,0,1,0,0,0,1,2,3,6,3,0,3,0
19262,1,5,114,2018,7,3,7,0,1,1,0,0,0,0,2,3,2,3,0,3,0
19263,7,1,702,2018,7,6,17,0,0,1,0,0,0,1,2,2,6,3,0,3,0
19264,6,2,603,2018,8,2,15,0,1,1,0,0,0,0,2,5,3,3,0,3,0
19265,3,2,311,2018,8,5,23,0,1,0,0,0,0,0,1,5,3,3,0,3,0
19266,6,9,610,2018,7,6,16,0,0,0,0,0,0,1,1,8,1,3,0,2,1
19267,6,1,601,2018,7,6,12,0,0,1,0,0,0,0,1,1,6,3,0,3,0
19268,1,8,121,2018,8,6,23,0,0,1,0,0,0,0,1,9,1,3,0,2,1
19269,4,12,431,2018,8,3,14,0,0,1,0,0,0,1,2,2,6,3,1,3,0
19270,1,1,101,2018,8,6,21,0,0,0,0,1,0,0,1,0,1,3,0,3,0
19271,2,3,210,2018,8,2,15,0,1,1,0,0,0,0,2,1,5,3,0,3,0
19272,4,4,407,2018,9,4,17,0,0,1,0,0,0,0,1,2,6,3,0,3,0
19273,7,16,717,2018,9,2,16,0,1,1,0,0,0,0,2,5,3,3,0,3,0
19274,1,5,114,2018,8,4,7,0,1,1,0,0,0,0,2,5,3,3,0,3,0
19275,4,5,413,2018,9,3,8,0,1,0,1,0,0,0,2,6,6,3,0,3,0
19276,5,11,519,2018,9,7,7,0,0,1,0,0,0,0,1,5,2,3,0,3,0
19277,1,16,137,2018,8,3,20,0,0,1,0,0,0,0,1,3,7,3,0,3,0
19278,5,2,508,2018,9,5,22,0,0,1,0,0,0,0,1,3,6,3,0,3,0
19279,6,4,605,2018,8,3,19,0,1,1,0,0,0,0,2,5,3,3,0,2,1
19280,3,5,317,2018,9,2,16,0,1,0,0,0,0,0,1,5,2,3,0,3,0
19281,1,12,130,2018,9,5,10,0,0,1,0,0,0,0,1,1,7,3,0,3,0
19282,5,2,506,2018,9,5,5,0,0,1,0,0,0,0,1,5,3,3,0,3,0
19283,3,1,307,2018,9,4,11,0,0,1,0,0,0,0,1,1,6,3,1,3,0
19284,6,3,604,2018,8,3,7,0,0,0,0,1,0,0,1,0,1,3,0,3,0
19285,2,4,213,2018,9,7,13,0,1,1,0,0,0,0,2,1,7,3,0,3,0
19286,5,1,501,2018,8,6,14,0,0,1,0,1,0,0,2,3,6,3,0,3,0
19287,2,8,220,2018,9,4,8,0,0,1,0,0,0,1,2,3,6,3,0,3,0
19288,2,9,221,2018,9,2,17,0,0,1,0,0,0,0,1,5,3,3,0,3,0
19289,6,1,601,2018,8,3,16,0,0,1,0,0,0,0,1,2,2,3,0,3,0
19290,1,13,131,2018,8,3,18,0,0,1,0,0,0,0,1,5,3,3,0,3,0
19291,1,5,114,2018,9,3,8,0,1,0,1,0,0,0,2,6,3,3,0,3,0
19292,1,12,130,2018,9,6,18,0,0,1,1,0,0,0,2,6,3,3,0,3,0
19293,1,14,132,2018,8,3,17,0,0,0,0,1,1,0,2,3,2,3,0,3,0
19294,2,3,210,2018,9,5,18,0,1,1,0,0,0,0,2,2,6,3,0,3,0
19295,1,6,115,2018,8,3,8,0,1,0,1,0,0,0,2,6,3,3,0,3,0
19296,1,12,130,2018,9,1,20,0,0,1,0,0,0,0,1,1,5,3,0,3,0
19297,3,5,317,2018,9,7,18,0,0,1,0,0,0,0,1,2,6,3,0,3,0
19298,5,7,515,2018,8,3,14,0,0,1,0,0,0,0,1,3,7,3,0,2,1
19299,4,7,416,2018,9,5,8,0,0,1,0,0,0,0,1,2,6,3,0,3,0
19300,5,7,515,2018,8,3,7,0,1,0,0,0,0,0,1,0,6,3,0,3,0
19301,1,3,106,2018,9,2,22,0,1,0,0,1,0,0,2,0,3,3,0,3,0
19302,5,5,513,2018,8,5,17,0,0,1,1,0,0,0,2,6,4,3,1,3,0
19303,5,11,519,2018,8,5,18,0,0,1,0,1,0,0,2,0,7,3,0,3,0
19304,4,5,409,2018,9,5,16,0,0,1,0,0,0,0,1,2,6,3,0,3,0
19305,1,15,134,2018,9,3,13,0,1,0,0,0,1,0,2,5,3,3,0,3,0
19306,4,13,432,2018,8,3,16,0,1,1,0,0,0,0,2,5,2,3,0,3,0
19307,3,3,313,2018,8,6,13,0,1,1,0,0,0,0,2,1,7,3,0,3,0
19308,2,3,210,2018,9,4,19,0,1,1,0,0,0,0,2,3,2,3,0,3,0
19309,5,18,526,2018,9,1,11,0,1,1,0,0,0,0,2,5,3,3,0,3,0
19310,4,3,406,2018,8,3,14,0,1,1,0,0,0,0,2,1,7,3,0,3,0
19311,4,5,411,2018,8,3,15,0,1,1,0,0,0,0,2,5,3,3,0,2,1
19312,1,11,129,2018,9,6,13,0,0,1,0,1,0,0,2,3,6,3,0,3,0
19313,4,5,408,2018,8,3,19,0,1,1,0,0,0,0,2,0,2,3,0,3,0
19314,6,1,601,2018,9,2,7,0,1,1,0,0,0,0,2,5,3,3,0,3,0
19315,5,5,513,2018,9,6,13,0,0,1,0,1,0,0,2,0,6,3,0,3,0
19316,3,9,321,2018,8,3,12,0,1,1,0,0,0,0,2,5,3,3,0,3,0
19317,1,4,112,2018,9,5,8,0,1,1,0,0,0,0,2,4,2,3,0,3,0
19318,4,2,404,2018,8,3,16,0,1,1,0,0,0,0,2,5,2,3,0,3,0
19319,3,5,317,2018,9,1,0,0,1,0,0,0,0,0,1,0,7,3,0,3,0
19320,1,11,128,2018,9,4,19,0,0,0,0,0,0,1,1,0,2,3,0,3,0
19321,4,4,407,2018,9,3,13,0,1,0,1,0,0,0,2,6,4,3,0,3,0
19322,3,5,317,2018,8,3,8,0,0,0,0,0,0,1,1,2,2,3,0,3,0
19323,1,12,130,2018,9,3,7,0,0,1,0,0,0,0,1,5,3,3,0,3,0
19324,5,4,512,2018,9,7,18,0,0,1,0,0,0,0,1,5,3,3,0,3,0
19325,2,1,206,2018,8,3,18,0,1,1,0,0,0,0,2,0,6,3,0,3,0
19326,2,1,204,2018,9,5,20,0,1,1,0,0,0,0,2,5,3,3,0,3,0
19327,5,18,526,2018,9,3,13,0,0,1,0,0,0,0,1,3,7,3,0,3,0
19328,2,1,204,2018,8,3,18,0,0,1,0,1,0,0,2,5,3,3,0,3,0
19329,7,1,702,2018,9,3,9,0,1,1,0,0,0,0,2,5,2,3,0,3,0
19330,3,1,307,2018,9,1,19,0,1,1,0,0,0,0,2,4,6,3,0,3,0
19331,2,4,212,2018,8,3,16,0,1,1,0,0,0,0,2,5,3,3,0,3,0
19332,5,18,526,2018,9,6,13,0,1,0,0,0,0,0,1,8,7,3,0,3,0
19333,1,12,130,2018,8,2,7,0,0,1,0,0,0,0,1,5,3,3,0,3,0
19334,5,5,513,2018,9,2,15,0,1,1,0,0,0,0,2,5,2,3,0,3,0
19335,4,13,432,2018,9,6,18,0,0,0,0,1,0,0,1,0,7,3,1,2,1
19336,1,11,129,2018,8,2,11,0,0,1,0,0,0,1,2,3,6,3,0,3,0
19337,1,11,129,2018,9,4,7,0,1,1,0,0,0,0,2,5,3,3,1,2,1
19338,1,8,122,2018,8,2,17,0,1,1,0,0,0,0,2,1,6,3,0,3,0
19339,6,1,601,2018,9,7,11,0,0,1,0,0,0,0,1,2,6,3,0,3,0
19340,5,2,508,2018,9,4,17,0,0,0,0,0,0,1,1,3,6,3,0,2,1
19341,3,4,315,2018,9,3,15,0,1,1,0,0,0,0,2,5,3,3,0,3,0
19342,5,6,514,2018,8,2,18,0,1,1,0,0,0,0,2,5,2,3,0,3,0
19343,5,9,517,2018,9,3,12,0,0,0,1,0,0,1,2,6,2,3,0,3,0
19344,5,2,507,2018,9,7,13,0,0,1,0,0,0,0,1,1,6,3,0,3,0
19345,5,2,508,2018,8,2,14,0,0,1,0,0,0,0,1,2,6,3,1,3,0
19346,7,1,701,2018,9,5,7,0,1,1,0,0,0,0,2,4,2,3,0,3,0
19347,4,9,424,2018,8,2,17,0,0,1,0,0,0,0,1,2,6,3,0,3,0
19348,2,6,218,2018,9,2,8,0,1,1,0,0,0,0,2,5,3,3,0,3,0
19349,7,16,717,2018,9,5,7,0,0,1,0,0,0,0,1,2,6,3,0,3,0
19350,5,6,514,2018,9,5,10,0,0,1,0,0,0,0,1,4,2,3,0,3,0
19351,4,13,432,2018,9,6,13,0,1,1,0,0,0,0,2,0,2,3,0,2,1
19352,5,11,519,2018,8,2,12,0,1,1,0,0,0,0,2,5,3,3,0,3,0
19353,4,5,408,2018,9,2,17,0,0,1,0,0,0,1,2,5,3,3,0,3,0
19354,2,7,219,2018,9,6,18,0,1,0,0,0,0,1,2,1,6,3,0,3,0
19355,4,12,431,2018,8,2,10,0,1,1,0,0,0,0,2,1,7,3,0,3,0
19356,4,9,425,2018,9,4,23,0,0,1,0,0,0,0,1,8,1,3,0,3,0
19357,4,10,427,2018,8,2,18,0,0,1,0,1,0,0,2,2,6,3,0,3,0
19358,4,11,430,2018,9,7,5,0,1,1,0,0,0,0,2,2,6,3,0,3,0
19359,1,16,137,2018,8,6,15,0,0,1,0,0,0,1,2,2,6,3,0,3,0
19360,4,13,432,2018,8,5,13,0,0,0,0,1,0,0,1,0,1,3,1,3,0
19361,4,6,415,2018,9,4,19,0,1,1,0,0,0,0,2,3,2,3,0,3,0
19362,5,5,513,2018,9,2,0,0,0,1,0,0,0,0,1,8,6,3,0,3,0
19363,4,6,415,2018,8,2,7,0,1,1,0,0,0,0,2,5,3,3,1,3,0
19364,3,8,320,2018,9,3,15,0,1,1,0,0,0,0,2,5,3,3,0,3,0
19365,3,8,320,2018,9,7,5,0,0,0,1,0,0,1,2,6,7,3,0,3,0
19366,4,8,419,2018,8,2,11,0,1,1,0,0,0,0,2,1,5,3,0,3,0
19367,5,9,517,2018,9,5,7,0,1,1,0,0,0,0,2,2,7,3,0,3,0
19368,2,14,227,2018,8,2,8,0,1,1,0,0,0,0,2,0,6,3,1,3,0
19369,1,3,108,2018,9,2,17,0,0,1,0,0,0,0,1,4,2,3,0,3,0
19370,5,4,512,2018,8,5,19,0,0,1,0,0,0,0,1,2,6,3,1,3,0
19371,4,13,432,2018,8,5,5,0,1,0,1,0,0,0,2,6,4,3,1,3,0
19372,4,4,407,2018,9,5,10,0,1,1,0,0,0,0,2,5,3,3,0,2,1
19373,2,1,206,2018,9,4,15,0,0,1,0,0,0,0,1,2,6,3,1,3,0
19374,3,5,317,2018,8,2,14,0,0,1,0,0,0,0,1,5,3,3,1,3,0
19375,2,1,201,2018,9,7,19,0,1,1,0,0,0,0,2,5,3,3,0,3,0
19376,2,8,220,2018,8,6,14,0,1,1,0,0,0,0,2,3,2,3,0,3,0
19377,4,2,404,2018,9,4,14,0,1,1,0,0,0,0,2,5,3,3,0,3,0
19378,3,1,310,2018,9,2,8,0,1,1,0,0,0,0,2,3,2,3,0,3,0
19379,3,1,307,2018,8,2,8,0,1,0,0,0,0,1,2,5,3,3,0,3,0
19380,1,12,130,2018,8,5,7,0,1,0,0,0,0,1,2,5,3,3,1,3,0
19381,2,10,222,2018,9,4,13,0,1,1,0,0,0,0,2,1,5,3,1,3,0
19382,2,4,211,2018,8,2,23,0,0,1,0,0,0,0,1,4,2,3,0,3,0
19383,2,9,221,2018,9,7,6,0,0,1,0,0,0,0,1,1,5,3,0,3,0
19384,5,3,510,2018,8,6,15,0,0,1,1,0,0,0,2,6,4,3,0,3,0
19385,2,10,222,2018,9,4,21,0,0,1,0,1,0,0,2,2,2,3,0,3,0
19386,5,7,515,2018,9,2,11,0,1,1,0,0,0,0,2,4,2,3,0,3,0
19387,2,2,207,2018,8,2,16,0,0,0,1,1,0,0,2,0,4,3,1,3,0
19388,2,3,208,2018,8,2,16,0,0,1,0,1,0,0,2,2,6,3,1,3,0
19389,3,2,311,2018,9,3,19,0,1,1,0,0,0,0,2,3,2,3,0,3,0
19390,7,14,715,2018,9,6,21,0,1,1,0,0,0,0,2,5,3,3,0,3,0
19391,1,3,107,2018,8,2,10,0,0,1,0,1,0,0,2,5,3,3,1,3,0
19392,2,6,218,2018,9,5,13,0,1,1,0,0,0,0,2,2,2,3,0,3,0
19393,7,10,711,2018,8,1,11,0,0,1,1,0,0,0,2,0,4,3,0,3,0
19394,1,5,114,2018,9,2,2,0,1,0,0,0,0,1,2,5,3,3,0,2,1
19395,5,7,515,2018,8,5,7,0,1,1,0,0,0,0,2,5,3,3,1,3,0
19396,4,7,416,2018,9,5,22,0,1,1,0,0,0,0,2,3,2,3,0,3,0
19397,1,6,116,2018,9,3,17,0,0,1,0,1,0,0,2,5,3,3,0,3,0
19398,1,14,132,2018,8,1,14,0,1,0,1,0,0,0,2,6,7,3,0,3,0
19399,7,13,714,2018,8,5,13,0,0,1,1,0,0,0,2,6,4,3,0,3,0
19400,1,5,114,2018,9,4,4,0,0,0,0,1,0,0,1,8,1,3,0,3,0
19401,4,11,430,2018,9,1,4,0,0,0,1,0,0,1,2,0,6,3,0,3,0
19402,5,18,526,2018,8,1,12,0,0,1,1,0,0,0,2,6,4,3,0,2,1
19403,5,4,512,2018,9,6,15,0,0,1,0,0,0,0,1,2,6,3,0,3,0
19404,5,10,518,2018,8,1,21,0,0,0,1,1,0,0,2,8,1,3,0,2,1
19405,1,12,130,2018,9,2,14,0,0,1,0,0,0,0,1,4,2,3,0,3,0
19406,4,11,430,2018,9,6,15,0,0,1,0,0,0,0,1,2,6,3,1,3,0
19407,2,9,221,2018,8,1,18,0,1,0,1,0,0,0,2,6,6,3,0,3,0
19408,7,16,717,2018,9,4,17,0,0,0,1,0,0,1,2,0,4,3,0,2,1
19409,2,11,223,2018,8,1,12,0,1,1,0,0,0,0,2,1,5,3,0,3,0
19410,3,1,302,2018,8,1,16,0,0,1,0,0,0,1,2,0,6,3,0,3,0
19411,1,16,137,2018,9,6,10,0,0,1,0,0,1,0,2,3,6,3,0,3,0
19412,2,4,212,2018,8,1,13,0,1,1,0,0,0,0,2,3,2,3,0,3,0
19413,1,20,141,2018,9,2,14,0,0,1,0,1,0,0,2,2,6,3,0,3,0
19414,5,6,514,2018,9,6,22,0,0,1,1,0,0,0,2,6,7,3,0,3,0
19415,6,5,606,2018,8,7,3,0,1,1,0,0,0,0,2,3,6,3,0,3,0
19416,3,3,314,2018,9,5,15,0,0,1,1,0,0,0,2,6,4,3,0,3,0
19417,1,11,129,2018,8,7,4,0,0,1,0,0,0,0,1,4,6,3,1,2,1
19418,5,18,526,2018,9,1,16,0,0,0,0,1,0,0,1,0,7,3,0,3,0
19419,3,2,312,2018,9,5,12,0,0,1,0,0,0,0,1,3,7,3,0,3,0