SN,District,Imperial_Circle,Community,Year,Month,Weekday,Hour,Road,Cycle,Car,Pedestrians,Motorcycle,Goods Vehicle,Others,Total,Collision Type,Accident Type,Light Condition,Road Condition,Accident_Severity,Tend_to_Death
19717,1,12,130,2018,9,7,18,0,0,1,0,0,0,0,1,5,3,3,0,3,0
19718,1,18,139,2018,8,4,12,0,1,0,0,0,1,0,2,3,2,3,0,3,0
19719,5,16,524,2018,9,6,20,0,0,1,0,1,0,0,2,5,3,3,1,3,0
19720,6,6,607,2018,8,3,12,0,0,1,0,0,0,0,1,8,1,3,0,2,1
19721,5,11,519,2018,9,2,10,0,1,1,0,0,0,0,2,4,2,3,0,3,0
19722,2,9,221,2018,9,6,8,0,1,1,0,0,0,0,2,0,3,3,1,3,0
19723,5,5,513,2018,8,3,10,0,1,1,0,0,0,0,2,5,3,3,0,3,0
19724,5,2,508,2018,8,5,7,0,0,1,1,0,0,0,2,2,4,3,1,3,0
19725,5,18,526,2018,9,4,6,0,1,1,0,0,0,0,2,5,3,3,1,3,0
19726,5,6,514,2018,8,3,15,0,0,1,0,1,0,0,2,2,6,3,0,3,0
19727,4,9,425,2018,9,7,14,0,0,1,0,1,0,0,2,5,3,3,0,3,0
19728,7,4,705,2018,8,6,19,0,0,1,0,0,0,0,1,0,7,3,0,3,0
19729,1,11,128,2018,9,2,8,0,0,1,0,0,0,0,1,5,3,3,0,3,0
19730,5,16,524,2018,9,6,10,0,0,1,0,0,0,0,1,1,6,3,0,3,0
19731,5,8,516,2018,8,3,6,0,0,1,0,0,0,1,2,2,6,3,0,3,0
19732,7,13,714,2018,9,4,23,0,0,1,0,0,0,0,1,8,1,3,0,3,0
19733,4,11,430,2018,8,3,4,0,1,1,0,0,0,0,2,5,3,3,0,3,0
19734,1,5,114,2018,9,1,11,0,0,1,1,0,0,0,2,6,4,3,0,2,1
19735,5,5,513,2018,9,4,17,0,1,1,0,0,0,0,2,5,3,3,0,3,0
19736,2,5,215,2018,9,3,17,0,1,0,0,0,0,0,1,5,3,3,0,3,0
19737,5,14,522,2018,8,3,14,0,1,0,0,0,0,0,1,5,3,3,0,3,0
19738,5,2,509,2018,9,3,15,0,1,1,0,0,0,0,2,1,5,3,0,3,0
19739,4,9,424,2018,9,7,20,0,0,1,0,0,0,0,1,5,3,3,0,3,0
19740,4,13,432,2018,8,3,7,0,0,1,1,0,0,0,2,6,4,3,0,3,0
19741,7,9,710,2018,9,5,18,0,0,1,0,1,0,0,2,1,5,3,0,3,0
19742,5,1,502,2018,8,3,17,0,0,1,0,0,0,0,1,5,3,3,0,3,0
19743,4,8,418,2018,9,2,7,0,1,0,0,0,0,1,2,4,2,3,0,3,0
19744,3,2,312,2018,9,6,9,0,1,0,0,0,0,1,2,5,3,3,0,3,0
19745,1,6,117,2018,9,5,16,0,1,1,0,0,0,0,2,3,2,3,0,3,0
19746,4,3,406,2018,9,4,12,0,1,1,0,0,0,0,2,0,7,3,0,3,0
19747,4,10,427,2018,8,3,17,0,0,1,0,0,1,0,2,5,7,3,0,3,0
19748,3,8,320,2018,9,7,21,0,0,1,1,0,0,0,2,6,4,3,0,2,1
19749,5,5,513,2018,8,6,9,0,0,1,0,0,0,0,1,2,2,3,0,3,0
19750,3,1,308,2018,8,5,15,0,1,0,0,0,0,0,1,5,3,3,1,3,0
19751,4,8,420,2018,9,4,5,0,0,1,0,0,0,0,1,4,2,3,0,3,0
19752,5,2,509,2018,9,2,12,0,1,1,0,0,0,0,2,1,5,3,0,3,0
19753,4,8,420,2018,8,3,14,0,0,1,0,0,1,0,2,2,6,3,0,3,0
19754,2,5,217,2018,9,3,9,0,0,1,0,1,0,0,2,3,2,3,0,2,1
19755,1,1,101,2018,9,7,16,0,0,1,0,0,0,0,1,3,6,3,1,3,0
19756,5,18,526,2018,9,3,14,0,0,1,0,0,1,1,3,2,6,3,0,3,0
19757,7,1,702,2018,9,6,19,0,0,0,1,0,0,1,2,6,4,3,0,3,0
19758,7,8,709,2018,9,6,16,0,0,0,0,1,1,0,2,4,6,3,0,3,0
19759,3,1,303,2018,9,7,11,0,0,1,0,0,0,0,1,2,6,3,0,3,0
19760,7,1,702,2018,9,6,14,0,0,1,0,0,0,0,1,5,3,3,1,3,0
19761,7,10,711,2018,9,6,12,0,0,1,0,1,0,0,2,0,7,3,1,3,0
19762,2,3,209,2018,9,5,10,0,1,1,0,0,0,0,2,5,3,3,0,3,0
19763,1,16,137,2018,9,6,11,0,0,1,0,0,0,0,1,5,3,3,0,3,0
19764,6,6,607,2018,9,6,16,0,0,1,0,0,0,0,1,5,3,3,1,3,0
19765,2,7,219,2018,9,3,15,0,1,1,0,0,0,0,2,1,5,3,0,3,0
19766,1,8,123,2018,9,6,13,0,0,0,1,1,0,0,2,6,4,3,1,3,0
19767,5,6,514,2018,9,6,16,0,1,1,0,0,0,0,2,5,3,3,1,3,0
19768,5,3,510,2018,9,6,9,0,1,1,0,0,0,0,2,5,3,3,0,3,0
19769,4,9,424,2018,9,6,13,0,0,0,0,1,0,1,2,5,3,3,1,2,1
19770,1,14,133,2018,9,6,7,0,0,1,0,0,0,1,2,4,7,3,0,2,1
19771,5,7,515,2018,9,2,16,0,0,1,0,1,0,0,2,5,3,3,0,3,0
19772,4,4,407,2018,9,2,17,0,1,0,0,0,1,0,2,3,2,3,0,3,0
19773,5,7,515,2018,9,6,11,0,1,1,0,0,0,0,2,1,7,3,0,3,0
19774,1,11,129,2018,9,4,17,0,0,1,0,0,0,0,1,8,1,3,0,3,0
19775,5,16,524,2018,9,6,15,0,0,1,0,0,0,0,1,5,3,3,1,3,0
19776,4,12,431,2018,9,6,14,0,0,1,1,0,0,0,2,6,4,3,1,3,0
19777,7,10,711,2018,9,3,8,0,0,1,0,0,0,0,1,2,6,3,0,3,0
19778,4,10,427,2018,9,6,17,0,0,1,0,1,0,0,2,3,6,3,1,3,0
19779,4,8,421,2018,9,6,9,0,1,1,0,0,0,0,2,4,2,3,0,3,0
19780,3,4,316,2018,9,6,17,0,0,1,0,0,0,0,1,2,6,3,0,3,0
19781,3,8,320,2018,9,6,14,0,1,1,0,0,0,0,2,2,6,3,0,3,0
19782,2,4,212,2018,9,4,15,0,0,1,0,0,0,1,2,1,5,3,0,3,0
19783,2,8,220,2018,9,6,7,0,1,1,0,0,0,0,2,5,3,3,0,2,1
19784,3,6,318,2018,9,6,0,0,0,1,0,0,0,0,1,9,5,3,0,3,0
19785,5,8,516,2018,9,4,15,0,0,1,0,0,0,1,2,4,2,3,0,3,0
19786,3,5,317,2018,9,6,14,0,1,1,0,0,0,0,2,5,3,3,1,3,0
19787,3,5,317,2018,9,6,10,0,1,1,0,0,0,0,2,0,5,3,0,3,0
19788,2,4,212,2018,9,6,18,0,1,1,0,0,0,0,2,4,2,3,1,3,0
19789,7,13,714,2018,9,5,10,0,1,0,0,0,0,1,2,0,7,3,0,3,0
19790,2,3,210,2018,9,6,12,0,0,1,0,1,0,0,2,3,2,3,0,3,0
19791,7,16,717,2018,9,3,15,0,0,1,0,1,0,0,2,1,6,3,0,2,1
19792,2,4,212,2018,9,6,7,0,1,1,0,0,0,0,2,4,2,3,0,3,0
19793,2,2,207,2018,9,6,16,0,0,1,0,0,0,0,1,2,6,3,0,3,0
19794,5,1,502,2018,9,7,10,0,1,1,0,0,0,0,2,5,2,3,0,3,0
19795,1,1,101,2018,9,6,18,0,0,1,0,1,0,1,3,0,6,3,1,3,0
19796,1,5,114,2018,9,6,15,0,0,1,0,0,0,0,1,2,6,3,0,3,0
19797,1,14,132,2018,9,7,10,0,0,0,0,0,0,1,1,0,7,3,0,3,0
19798,7,14,715,2018,9,5,8,0,1,1,0,0,0,0,2,5,2,3,0,2,1
19799,5,12,520,2018,9,5,17,0,1,1,0,0,0,0,2,5,2,3,0,3,0
19800,1,16,137,2018,9,5,19,0,0,1,0,0,0,0,1,5,3,3,0,3,0
19801,4,10,427,2018,9,2,8,0,0,1,0,0,0,0,1,2,6,3,1,2,1
19802,1,16,137,2018,9,5,13,0,1,0,0,0,0,0,1,0,7,3,0,2,1
19803,5,7,515,2018,9,3,7,0,0,1,0,1,0,0,2,4,6,3,0,3,0
19804,6,11,612,2018,9,5,11,0,1,1,0,0,0,0,2,4,2,3,0,2,1
19805,5,18,526,2018,9,5,5,0,0,1,0,0,0,0,1,2,2,3,0,3,0
19806,2,3,210,2018,9,7,18,0,1,1,0,0,0,0,2,4,2,3,0,3,0
19807,5,10,518,2018,9,2,15,0,0,1,0,0,0,1,2,2,7,3,0,3,0
19808,4,10,426,2018,9,2,14,0,1,1,0,0,0,0,2,5,3,3,0,3,0
19809,5,18,526,2018,9,5,14,0,1,1,0,0,0,0,2,5,3,3,0,3,0
19810,5,2,507,2018,9,5,13,0,0,1,0,0,0,0,1,3,6,3,0,2,1
19811,1,2,103,2018,9,5,12,0,1,0,0,0,0,1,2,5,2,3,0,3,0
19812,4,9,424,2018,9,5,15,0,1,1,0,0,0,0,2,5,2,3,0,3,0
19813,5,7,515,2018,9,5,16,0,0,1,0,0,0,0,1,1,6,3,0,3,0
19814,1,3,108,2018,9,3,7,0,1,0,0,0,0,0,1,0,7,3,0,2,1
19815,5,2,505,2018,9,2,13,0,0,1,0,0,0,1,2,4,2,3,0,3,0
19816,5,16,524,2018,9,5,16,0,1,1,0,0,0,0,2,5,2,3,0,2,1
19817,4,10,426,2018,9,5,15,0,0,1,0,0,0,0,1,3,6,3,0,3,0
19818,5,10,518,2018,9,5,11,0,1,0,0,0,0,1,2,5,3,3,0,3,0
19819,4,12,431,2018,9,5,17,0,0,1,1,0,0,0,2,6,4,3,0,2,1
19820,5,1,502,2018,9,3,11,0,1,1,0,0,0,0,2,3,6,3,0,3,0
19821,4,5,410,2018,9,5,14,0,1,1,0,0,0,0,2,1,5,3,0,3,0
19822,5,1,501,2018,9,5,12,0,0,1,0,0,0,0,1,2,6,3,0,3,0
19823,4,9,425,2018,9,6,16,0,0,1,0,0,0,0,1,4,2,3,0,3,0
19824,4,5,413,2018,9,2,20,0,0,1,0,0,0,0,1,5,3,3,1,3,0
19825,3,9,321,2018,9,5,16,0,0,1,0,0,0,0,1,2,6,3,0,3,0
19826,5,6,514,2018,9,4,7,0,0,1,1,0,0,0,2,2,6,3,0,3,0
19827,2,7,219,2018,9,5,14,0,1,1,0,0,0,0,2,5,3,3,0,3,0
19828,2,9,221,2018,9,5,9,0,0,1,0,0,0,0,1,5,3,3,0,3,0
19829,2,8,220,2018,9,5,6,0,1,1,0,0,0,0,2,3,2,3,0,3,0
19830,3,6,318,2018,9,5,12,0,1,1,0,0,0,0,2,0,2,3,0,3,0
19831,2,4,214,2018,9,5,19,0,0,1,0,0,0,1,2,2,6,3,0,3,0
19832,4,10,426,2018,9,6,11,0,0,1,0,0,0,0,1,2,6,3,0,3,0
19833,2,3,210,2018,9,5,9,0,1,0,1,0,0,0,2,6,4,3,0,3,0
19834,5,9,517,2018,9,4,7,0,1,1,0,0,0,0,2,5,3,3,0,3,0
19835,3,3,313,2018,9,5,14,0,1,1,0,0,0,0,2,0,2,3,0,3,0
19836,3,1,309,2018,9,5,7,0,1,1,0,0,0,0,2,3,6,3,0,3,0
19837,2,5,216,2018,9,2,14,0,0,1,0,0,0,1,2,4,7,3,0,2,1
19838,5,4,512,2018,9,2,8,0,1,1,0,0,0,0,2,1,5,3,1,2,1
19839,1,3,108,2018,9,5,15,0,1,0,1,0,0,0,2,6,4,3,0,3,0
19840,1,14,132,2018,9,5,9,0,0,1,0,0,1,0,2,1,6,3,0,3,0
19841,1,4,112,2018,9,5,9,0,0,1,0,1,0,0,2,2,6,3,0,3,0
19842,5,5,513,2018,9,3,20,0,0,1,0,0,0,0,1,2,6,3,0,3,0
19843,1,5,114,2018,9,5,11,0,0,0,0,1,0,0,1,0,7,3,0,2,1
19844,1,4,110,2018,9,6,21,0,1,0,1,0,0,0,2,6,4,3,0,3,0
19845,7,12,713,2018,9,4,16,0,0,0,0,0,1,1,2,4,2,3,0,2,1
19846,1,5,114,2018,9,4,21,0,1,0,1,0,0,0,2,6,4,3,0,3,0
19847,7,9,710,2018,9,4,15,0,1,1,0,0,0,0,2,5,3,3,0,2,1
19848,6,7,608,2018,9,4,16,0,0,1,0,0,0,0,1,9,1,3,0,3,0
19849,5,4,512,2018,9,7,12,0,0,1,0,0,0,0,1,2,6,3,0,3,0
19850,3,1,303,2018,9,2,8,0,1,1,0,0,0,0,2,3,6,3,0,2,1
19851,6,2,602,2018,9,4,7,0,1,0,0,0,0,1,2,5,3,3,0,3,0
19852,6,3,604,2018,9,4,14,0,0,1,0,0,0,0,1,4,2,3,0,3,0
19853,4,13,432,2018,9,5,7,0,1,0,0,0,0,1,2,4,2,3,0,3,0
19854,1,11,129,2018,9,4,17,0,0,1,1,0,0,0,2,6,4,3,0,2,1
19855,3,9,321,2018,9,2,18,0,1,0,0,0,0,1,2,5,2,3,1,3,0
19856,1,11,129,2018,9,4,10,0,0,1,0,1,0,1,3,4,2,3,0,3,0
19857,5,17,525,2018,9,3,9,0,0,1,0,0,0,0,1,5,3,3,0,3,0
19858,5,6,514,2018,9,4,16,0,1,1,0,0,0,0,2,3,2,3,0,3,0
19859,2,4,212,2018,9,2,14,0,0,1,0,0,0,1,2,5,3,3,0,3,0
19860,5,5,513,2018,9,4,7,0,1,0,0,0,0,0,1,5,3,3,0,3,0
19861,1,3,106,2018,9,7,13,0,0,0,0,0,0,1,1,0,6,3,0,3,0
19862,5,18,526,2018,9,4,10,0,1,1,0,0,0,0,2,3,2,3,0,2,1
19863,5,7,515,2018,9,4,19,0,0,1,0,0,0,0,1,5,3,3,0,3,0
19864,3,6,318,2018,9,7,13,0,0,1,0,0,0,0,1,1,5,3,0,3,0
19865,1,3,107,2018,9,2,8,0,1,0,0,0,0,0,1,5,3,3,1,3,0
19866,5,17,525,2018,9,4,7,0,0,1,0,0,0,0,1,4,2,3,0,3,0
19867,4,3,406,2018,9,4,13,0,1,1,0,0,0,0,2,5,3,3,0,3,0
19868,3,6,318,2018,9,5,9,0,0,1,0,0,0,0,1,2,6,3,0,3,0
19869,4,11,430,2018,9,4,7,0,1,0,1,0,0,0,2,6,6,3,0,3,0
19870,4,7,416,2018,9,4,19,0,1,1,0,0,0,0,2,5,3,3,0,3,0
19871,4,8,420,2018,9,3,11,0,1,0,0,0,0,0,1,5,3,3,0,3,0
19872,4,7,417,2018,9,4,22,0,0,1,0,1,0,0,2,2,6,3,0,2,1
19873,1,1,101,2018,9,2,21,0,0,1,1,0,0,0,2,6,4,3,0,3,0
19874,4,8,421,2018,9,4,8,0,0,1,0,0,0,0,1,2,6,3,0,3,0
19875,4,9,425,2018,9,6,7,0,0,1,0,0,0,0,1,4,2,3,0,3,0
19876,1,5,114,2018,9,2,21,0,0,1,0,0,0,0,1,3,6,3,1,2,1
19877,3,8,320,2018,9,4,17,0,1,1,0,0,0,0,2,5,3,3,0,3,0
19878,5,7,515,2018,9,4,14,0,0,1,0,0,0,0,1,5,3,3,0,3,0
19879,2,8,220,2018,9,4,20,0,0,0,0,1,0,1,2,0,7,3,0,3,0
19880,2,8,220,2018,9,4,18,0,0,1,0,0,0,0,1,4,2,3,0,3,0
19881,6,1,601,2018,9,4,19,0,0,1,0,1,0,0,2,1,5,3,0,3,0
19882,2,5,215,2018,9,4,8,0,1,1,0,0,0,0,2,3,2,3,0,3,0
19883,3,1,308,2018,9,4,16,0,1,0,0,0,0,0,1,3,6,3,0,3,0
19884,1,5,114,2018,9,3,20,0,1,0,0,0,0,1,2,5,3,3,0,2,1
19885,4,4,407,2018,9,4,12,0,0,1,1,0,0,0,2,0,7,3,0,3,0
19886,1,16,136,2018,9,1,12,0,0,1,0,0,0,0,1,8,1,3,0,3,0
19887,4,4,407,2018,9,4,11,0,0,1,0,0,0,0,1,5,3,3,0,3,0
19888,4,2,403,2018,9,6,14,0,1,1,0,0,0,0,2,5,3,3,0,3,0
19889,3,1,310,2018,9,4,23,0,1,1,0,0,0,0,2,0,7,3,0,3,0
19890,2,5,217,2018,9,4,9,0,1,1,0,0,0,0,2,3,2,3,0,3,0
19891,1,3,108,2018,9,4,20,0,1,1,0,0,0,0,2,3,2,3,0,3,0
19892,1,3,108,2018,9,4,19,0,0,1,0,1,0,0,2,5,3,3,0,3,0
19893,1,13,131,2018,9,7,15,0,0,1,0,1,0,0,2,5,2,3,0,3,0
19894,1,1,101,2018,9,4,6,0,0,1,0,1,0,0,2,3,6,3,0,3,0
19895,1,17,138,2018,9,4,8,0,0,0,0,0,1,0,1,8,1,3,0,3,0
19896,1,11,129,2018,9,1,19,0,0,1,0,0,0,0,1,9,5,3,1,3,0
19897,7,1,702,2018,9,3,22,0,0,1,1,0,0,0,2,6,4,3,0,2,1
19898,1,1,101,2018,9,6,11,0,0,1,0,1,0,0,2,3,6,3,0,3,0
19899,7,4,705,2018,9,3,7,0,1,1,0,0,0,0,2,5,2,3,0,3,0
19900,1,5,114,2018,9,4,15,0,0,1,0,0,0,0,1,1,6,3,0,3,0
19901,7,7,708,2018,9,3,8,0,0,1,0,0,0,0,1,2,6,3,0,3,0
19902,7,8,709,2018,9,3,9,0,0,1,0,0,0,0,1,9,1,3,0,3,0
19903,5,17,525,2018,9,7,12,0,1,1,0,0,0,0,2,5,3,3,0,3,0
19904,4,5,408,2018,9,1,17,0,0,1,0,0,0,0,1,2,6,3,1,3,0
19905,6,2,603,2018,9,3,16,0,1,1,0,0,0,0,2,1,5,3,0,3,0
19906,6,1,601,2018,9,3,15,0,1,0,0,0,0,0,1,0,1,3,0,3,0
19907,4,6,415,2018,9,5,17,0,0,1,0,0,0,0,1,3,6,3,0,3,0
19908,1,12,130,2018,9,3,15,0,0,1,0,0,0,0,1,2,6,3,0,3,0
19909,1,12,130,2018,9,3,13,0,0,1,1,0,0,0,2,6,4,3,0,2,1
19910,3,8,320,2018,9,1,15,0,0,1,0,0,0,0,1,5,3,3,1,3,0
19911,1,6,117,2018,9,3,17,0,0,1,1,0,0,0,2,6,4,3,0,3,0
19912,5,8,516,2018,9,5,19,0,1,1,0,0,0,0,2,5,3,3,0,3,0
19913,1,8,122,2018,9,3,12,0,1,1,0,0,0,0,2,1,5,3,0,3,0
19914,5,18,526,2018,9,3,20,0,0,0,0,1,0,0,1,0,1,3,0,3,0
19915,5,10,518,2018,9,3,17,0,0,1,0,1,0,0,2,2,6,3,1,3,0
19916,5,18,526,2018,9,3,7,0,1,1,0,0,0,0,2,5,3,3,0,3,0
19917,3,1,301,2018,9,1,8,0,0,1,0,0,0,0,1,1,6,3,0,3,0
19918,5,5,513,2018,9,3,7,0,1,0,0,0,0,0,1,4,6,3,0,3,0
19919,3,1,306,2018,9,7,10,0,0,1,1,0,0,0,2,6,7,3,0,3,0
19920,1,16,136,2018,9,7,23,0,0,1,0,0,0,0,1,3,7,3,1,3,0
19921,5,2,506,2018,9,3,16,0,0,1,1,0,0,0,2,6,4,3,0,3,0
19922,4,11,430,2018,9,2,16,0,0,1,0,0,0,0,1,2,6,3,0,3,0
19923,5,7,515,2018,9,3,17,0,1,1,0,0,0,0,2,5,3,3,0,3,0
19924,2,3,209,2018,9,5,7,0,1,1,0,0,0,0,2,5,3,3,0,3,0
19925,5,8,516,2018,9,3,9,0,0,1,0,1,0,0,2,0,3,3,0,3,0
19926,4,11,430,2018,9,3,9,0,1,1,0,0,0,0,2,4,2,3,0,3,0
19927,3,4,316,2018,9,3,18,0,1,1,0,0,0,0,2,2,2,3,0,3,0
19928,5,17,525,2018,9,3,17,0,0,1,0,0,0,0,1,8,1,3,0,2,1
19929,6,1,601,2018,9,7,7,0,0,0,0,1,0,1,2,5,3,3,0,3,0
19930,4,10,428,2018,9,3,14,0,0,1,0,0,0,1,2,2,6,3,0,2,1
19931,4,7,416,2018,9,3,15,0,0,1,0,0,0,0,1,1,6,3,0,3,0
19932,1,12,130,2018,9,7,12,0,0,1,0,0,0,1,2,0,6,3,1,3,0
19933,5,1,501,2018,9,3,11,0,0,1,0,0,0,0,1,2,7,3,0,3,0
19934,5,18,526,2018,9,6,6,0,1,1,0,0,0,0,2,5,3,3,0,3,0
19935,1,12,130,2018,9,7,13,0,0,1,0,0,0,0,1,2,6,3,0,3,0
19936,4,8,422,2018,9,3,8,0,1,0,0,0,0,1,2,3,2,3,0,3,0
19937,1,12,130,2018,9,4,11,0,1,0,0,0,0,0,1,0,7,3,0,3,0
19938,4,10,426,2018,9,3,0,0,0,1,0,0,0,0,1,5,3,3,0,2,1
19939,3,8,320,2018,9,3,14,0,0,1,0,1,0,0,2,2,7,3,0,3,0
19940,1,16,137,2018,9,2,14,0,0,1,0,0,0,0,1,5,3,3,0,3,0
19941,3,9,321,2018,9,3,7,0,1,1,0,0,0,0,2,3,6,3,0,3,0
19942,5,4,512,2018,9,7,22,0,1,0,0,0,0,0,1,4,6,3,0,3,0
19943,4,2,404,2018,9,3,13,0,1,1,0,0,0,0,2,5,3,3,0,3,0
19944,2,3,210,2018,9,6,13,0,0,1,1,0,0,0,2,6,7,3,0,3,0
19945,5,4,512,2018,9,7,17,0,0,1,0,0,0,0,1,1,6,3,1,3,0
19946,3,2,311,2018,9,3,15,0,0,1,0,0,0,0,1,2,6,3,0,2,1
19947,7,6,707,2018,9,2,6,0,0,1,0,0,0,1,2,5,3,3,0,3,0
19948,4,12,431,2018,9,6,14,0,1,0,0,0,0,0,1,4,6,3,0,3,0
19949,5,5,513,2018,9,7,11,0,0,1,0,0,0,0,1,3,6,3,0,3,0
19950,1,16,137,2018,9,2,12,0,0,1,0,0,0,0,1,5,3,3,0,3,0
19951,5,14,522,2018,9,4,15,0,0,1,0,0,0,0,1,2,6,3,0,3,0
19952,6,1,601,2018,9,2,11,0,0,1,0,0,0,1,2,5,3,3,0,3,0
19953,1,11,129,2018,9,2,16,0,0,0,0,1,0,1,2,3,6,3,0,3,0
19954,4,5,409,2018,9,7,14,0,0,0,0,1,0,0,1,9,7,3,1,2,1
19955,1,8,124,2018,9,2,7,0,0,0,0,0,0,1,1,0,7,3,0,3,0
19956,1,7,120,2018,9,5,12,0,1,1,0,0,0,0,2,2,7,3,0,3,0
19957,5,6,514,2018,9,2,14,0,1,1,0,0,0,0,2,5,2,3,0,3,0
19958,7,2,703,2018,9,3,12,0,0,1,0,0,0,0,1,2,6,3,0,3,0
19959,5,18,526,2018,9,2,12,0,1,1,0,0,0,0,2,5,3,3,0,3,0
19960,3,1,310,2018,9,4,6,0,1,1,0,0,0,0,2,1,5,3,0,2,1
19961,5,18,526,2018,9,2,16,0,1,0,0,0,0,0,1,0,7,3,0,3,0
19962,5,2,508,2018,9,2,18,0,1,1,0,0,0,0,2,2,3,3,0,3,0
19963,1,6,117,2018,9,7,4,0,0,1,0,0,0,0,1,5,3,3,0,3,0
19964,4,2,404,2018,9,7,16,0,0,1,0,1,0,0,2,5,3,3,1,2,1
19965,5,17,525,2018,9,2,13,0,1,1,0,0,0,0,2,0,3,3,0,2,1
19966,4,12,431,2018,9,5,13,0,0,1,0,0,0,1,2,5,3,3,0,3,0
19967,4,13,432,2018,9,2,8,0,0,1,0,0,0,0,1,1,6,3,0,3,0
19968,3,8,320,2018,9,2,8,0,0,0,0,1,0,0,1,0,7,3,1,3,0
19969,2,11,223,2018,9,2,10,0,1,0,1,0,0,0,2,0,4,3,0,3,0
19970,5,16,524,2018,9,3,17,0,1,1,0,0,0,0,2,5,3,3,0,3,0
19971,2,14,227,2018,9,2,8,0,1,1,0,0,0,0,2,4,2,3,0,3,0
19972,2,4,214,2018,9,7,16,0,0,1,0,0,0,0,1,2,6,3,1,3,0
19973,2,9,221,2018,9,2,13,0,0,1,0,0,0,1,2,2,6,3,0,3,0
19974,3,2,312,2018,9,7,10,0,0,0,0,1,0,0,1,0,7,3,0,3,0
19975,1,4,112,2018,9,7,18,0,0,1,1,0,0,0,2,6,7,3,0,3,0
19976,3,6,318,2018,9,2,10,0,0,1,0,0,0,0,1,2,2,3,0,3,0
19977,1,3,108,2018,9,5,12,0,1,0,1,0,0,0,2,5,4,3,0,3,0
19978,3,6,318,2018,9,2,8,0,1,1,0,0,0,0,2,4,2,3,0,3,0
19979,2,11,224,2018,9,7,17,0,0,1,0,0,0,0,1,5,3,3,0,3,0
19980,3,1,305,2018,9,2,17,0,1,1,0,0,0,0,2,3,2,3,0,3,0
19981,3,5,317,2018,9,2,18,0,0,0,0,1,0,0,1,8,1,3,0,3,0
19982,3,8,320,2018,9,5,16,0,1,1,0,0,0,0,2,4,2,3,0,3,0
19983,2,4,214,2018,9,2,13,0,0,1,0,0,0,0,1,5,3,3,0,3,0
19984,2,3,210,2018,9,2,18,0,1,0,0,0,0,1,2,0,3,3,0,3,0
19985,4,6,415,2018,9,3,10,0,1,0,0,0,0,1,2,0,7,3,0,3,0
19986,3,1,310,2018,9,2,17,0,0,1,0,0,0,0,1,1,6,3,0,3,0
19987,1,1,102,2018,9,2,19,0,1,1,0,0,0,0,2,5,3,3,0,3,0
19988,5,2,509,2018,9,6,13,0,0,0,0,0,0,1,1,2,6,3,0,3,0
19989,1,3,108,2018,9,2,15,0,0,1,0,0,0,0,1,2,6,3,0,3,0
19990,5,3,511,2018,9,4,10,0,1,1,0,0,0,0,2,5,3,3,0,3,0
19991,1,3,108,2018,9,2,9,0,1,1,0,0,0,0,2,5,3,3,0,3,0
19992,1,5,114,2018,9,2,9,0,0,1,0,0,0,0,1,3,6,3,0,3,0
19993,7,9,710,2018,9,1,10,0,0,1,0,0,0,0,1,5,3,3,0,3,0
19994,1,16,137,2018,9,1,13,0,0,1,0,0,0,0,1,2,6,3,0,3,0
19995,1,5,114,2018,9,3,16,0,0,1,0,0,0,0,1,2,6,3,0,3,0
19996,1,13,131,2018,9,1,16,0,0,1,0,0,0,0,1,5,3,3,0,3,0
19997,1,8,126,2018,9,1,15,0,0,1,0,0,0,0,1,5,3,3,0,3,0
19998,2,8,220,2018,9,6,19,0,1,1,0,0,0,0,2,5,3,3,0,3,0
19999,5,8,516,2018,9,1,0,0,0,1,0,0,0,0,1,4,6,3,0,3,0
20000,5,1,504,2018,9,4,8,0,1,0,0,0,0,1,2,5,2,3,0,2,1
20001,5,17,525,2018,9,1,10,0,1,1,0,0,0,0,2,5,2,3,0,3,0
20002,3,7,319,2018,9,1,2,0,1,0,0,0,0,0,1,0,1,3,0,2,1
20003,1,11,128,2018,9,7,8,0,0,1,0,1,0,0,2,5,2,3,0,3,0
20004,5,3,510,2018,9,2,20,0,1,0,1,0,0,0,2,5,4,3,0,3,0
20005,1,1,101,2018,9,1,6,0,0,1,0,0,0,0,1,2,6,3,0,3,0
20006,5,5,513,2018,9,5,9,0,0,1,0,0,0,0,1,5,3,3,0,3,0
20007,1,18,139,2018,9,1,5,0,0,1,0,0,0,0,1,2,6,3,0,3,0
20008,1,16,137,2018,9,7,18,0,1,0,0,0,0,0,1,0,7,3,0,2,1
20009,1,16,136,2018,9,7,18,0,0,1,0,0,0,0,1,9,1,3,1,3,0
20010,1,4,112,2018,9,6,9,0,1,1,0,0,0,0,2,1,5,3,0,2,1
20011,6,1,601,2018,9,7,12,0,0,1,0,0,0,0,1,0,7,3,0,2,1
20012,1,5,113,2018,9,4,15,0,0,1,0,0,0,0,1,1,6,3,0,3,0