SN,District,Imperial_Circle,Community,Year,Month,Weekday,Hour,Road,Cycle,Car,Pedestrians,Motorcycle,Goods Vehicle,Others,Total,Collision Type,Accident Type,Light Condition,Road Condition,Accident_Severity,Tend_to_Death
20305,2,4,212,2018,10,2,7,0,0,1,0,0,0,0,1,2,6,3,0,3,0
20306,2,3,208,2018,10,3,14,0,1,0,0,0,0,1,2,4,2,3,0,3,0
20307,5,5,513,2018,10,7,19,0,0,1,0,0,0,0,1,2,6,3,0,3,0
20308,2,8,220,2018,10,1,19,0,0,1,0,0,0,0,1,2,6,3,0,3,0
20309,1,1,101,2018,10,2,17,0,0,0,0,1,0,1,2,0,3,3,1,3,0
20310,1,4,111,2018,10,4,17,0,0,1,0,1,0,0,2,3,7,3,0,3,0
20311,4,10,428,2018,10,6,14,0,0,1,0,0,0,0,1,2,6,3,0,3,0
20312,1,20,141,2018,9,1,13,0,0,1,0,0,0,0,1,2,6,3,0,3,0
20313,2,1,204,2018,10,4,14,0,0,0,0,1,0,0,1,2,6,3,0,3,0
20314,5,16,524,2018,10,2,15,0,1,1,0,0,0,0,2,5,3,3,0,3,0
20315,5,4,512,2018,10,2,14,0,0,1,0,0,0,0,1,1,6,3,0,3,0
20316,7,17,718,2018,9,1,10,0,0,1,0,1,0,0,2,2,6,3,0,3,0
20317,5,18,526,2018,10,5,11,0,0,1,0,0,0,0,1,1,6,3,0,3,0
20318,5,18,526,2018,10,7,20,0,0,0,0,0,0,1,1,6,4,3,0,3,0
20319,5,16,524,2018,9,1,9,0,0,1,0,0,0,0,1,5,3,3,0,3,0
20320,7,3,704,2018,10,6,5,0,1,0,0,0,0,0,1,0,7,3,0,3,0
20321,1,3,108,2018,10,1,4,0,1,1,0,0,0,0,2,1,5,3,0,3,0
20322,4,5,410,2018,9,1,10,0,1,0,0,0,0,0,1,0,1,3,0,3,0
20323,4,8,420,2018,10,5,13,0,1,0,1,0,0,0,2,6,4,3,1,3,0
20324,1,11,129,2018,10,3,15,0,0,1,0,0,0,0,1,4,7,3,0,3,0
20325,3,2,312,2018,10,6,8,0,1,1,0,0,0,0,2,5,3,3,0,3,0
20326,5,1,503,2018,9,1,0,0,0,1,0,0,0,0,1,3,5,3,0,3,0
20327,1,12,130,2018,10,3,11,0,0,1,0,0,0,1,2,2,6,3,0,3,0
20328,4,8,422,2018,10,2,8,0,1,1,0,0,0,0,2,5,3,3,0,3,0
20329,2,12,225,2018,10,2,15,0,1,0,0,0,0,1,2,4,2,3,0,3,0
20330,3,8,320,2018,9,1,12,0,0,1,0,0,0,0,1,4,2,3,0,3,0
20331,2,4,214,2018,10,7,19,0,0,1,1,0,0,0,2,6,4,3,0,3,0
20332,2,5,216,2018,9,1,16,0,0,1,1,0,0,0,2,2,4,3,0,3,0
20333,6,10,611,2018,10,4,14,0,0,1,0,0,0,0,1,5,1,3,0,3,0
20334,1,12,130,2018,9,7,15,0,0,1,0,0,0,1,2,4,6,3,0,3,0
20335,5,10,518,2018,10,3,14,0,0,1,0,1,0,0,2,5,3,3,0,3,0
20336,2,5,216,2018,10,3,16,0,1,1,0,0,0,0,2,5,3,3,0,3,0
20337,6,6,607,2018,10,1,17,0,0,1,1,0,0,0,2,6,4,3,0,2,1
20338,5,18,526,2018,10,5,12,0,1,1,0,0,0,0,2,5,3,3,1,3,0
20339,5,5,513,2018,10,5,16,0,0,1,1,0,0,0,2,6,4,3,1,2,1
20340,5,10,518,2018,10,3,7,0,0,1,0,1,0,0,2,5,3,3,1,3,0
20341,5,3,510,2018,10,5,8,0,0,1,1,0,0,0,2,6,4,3,1,3,0
20342,5,5,513,2018,11,3,11,0,0,1,0,0,0,0,1,2,6,3,1,3,0
20343,3,1,301,2018,10,1,18,0,0,1,0,0,0,0,1,5,3,3,0,3,0
20344,5,3,510,2018,10,5,14,0,0,1,0,0,0,0,1,2,2,3,1,3,0
20345,1,12,130,2018,11,6,16,0,0,1,0,0,0,0,1,2,6,3,1,3,0
20346,4,11,430,2018,10,5,8,0,1,1,0,0,0,0,2,4,2,3,1,3,0
20347,2,3,210,2018,11,5,14,0,0,0,1,0,0,1,2,6,7,3,0,3,0
20348,5,17,525,2018,10,5,15,0,0,1,1,0,0,0,2,6,4,3,0,3,0
20349,4,5,413,2018,11,4,10,0,1,0,0,0,0,0,1,5,3,3,0,3,0
20350,5,10,518,2018,10,5,15,0,1,1,0,0,0,0,2,0,3,3,0,3,0
20351,1,12,130,2018,10,2,13,0,0,1,0,0,1,0,2,2,6,3,0,3,0
20352,4,12,431,2018,10,5,16,0,1,1,0,0,0,0,2,4,2,3,0,3,0
20353,2,3,209,2018,11,3,17,0,1,0,0,0,0,1,2,0,6,3,0,2,1
20354,4,4,407,2018,10,5,14,0,1,1,0,0,0,0,2,4,2,3,0,3,0
20355,4,11,430,2018,11,6,9,0,1,0,0,0,0,0,1,1,6,3,1,3,0
20356,4,13,432,2018,11,3,19,0,0,1,0,0,0,0,1,2,7,3,0,3,0
20357,3,8,320,2018,10,5,6,0,0,1,0,0,0,0,1,2,6,3,1,3,0
20358,5,18,526,2018,11,6,13,0,1,1,0,0,0,0,2,5,2,3,0,3,0
20359,3,9,321,2018,10,7,14,0,1,1,0,0,0,0,2,3,2,3,0,3,0
20360,3,5,317,2018,10,7,14,0,0,1,0,0,0,0,1,1,6,3,0,3,0
20361,3,1,310,2018,10,5,15,0,1,1,0,0,0,1,3,4,6,3,0,3,0
20362,5,5,513,2018,10,4,17,0,1,1,0,0,0,0,2,3,2,3,0,3,0
20363,2,1,206,2018,10,5,11,0,0,1,0,0,0,0,1,5,3,3,1,3,0
20364,3,5,317,2018,11,4,6,0,1,1,0,0,0,0,2,5,3,3,0,2,1
20365,2,3,208,2018,10,5,11,0,1,0,0,0,0,1,2,5,3,3,1,3,0
20366,5,3,511,2018,10,2,16,0,0,1,1,0,0,0,2,6,4,3,0,2,1
20367,1,4,111,2018,10,5,14,0,1,1,0,0,0,0,2,5,3,3,1,3,0
20368,5,2,507,2018,11,2,15,0,0,1,0,0,1,0,2,5,3,3,0,3,0
20369,3,1,309,2018,10,5,13,0,1,0,0,1,0,0,2,0,2,3,1,3,0
20370,3,2,311,2018,11,6,14,0,0,1,0,0,0,0,1,5,2,3,0,3,0
20371,1,4,111,2018,10,5,16,0,1,1,0,0,0,0,2,5,3,3,1,3,0
20372,1,1,102,2018,10,5,20,0,0,1,0,0,0,0,1,0,7,3,0,3,0
20373,2,2,207,2018,10,4,11,0,1,0,0,0,0,0,1,3,3,3,0,3,0
20374,1,1,101,2018,10,5,18,0,0,1,0,0,0,0,1,2,6,3,0,3,0
20375,7,1,702,2018,11,3,15,0,0,1,0,0,0,0,1,1,7,3,0,3,0
20376,7,1,702,2018,10,4,9,0,1,1,0,0,0,0,2,4,2,3,1,3,0
20377,6,2,602,2018,10,4,15,0,0,1,1,0,0,0,2,6,4,3,0,3,0
20378,5,17,525,2018,10,4,13,0,1,1,0,0,0,0,2,5,3,3,0,3,0
20379,6,1,601,2018,10,4,15,0,0,1,0,1,0,0,2,5,3,3,0,3,0
20380,3,3,314,2018,11,4,9,0,0,1,0,0,0,0,1,5,3,3,0,3,0
20381,3,8,320,2018,10,2,6,0,1,1,0,0,0,0,2,3,2,3,0,3,0
20382,6,1,601,2018,10,4,14,0,0,1,1,0,0,0,2,6,4,3,0,3,0
20383,3,8,320,2018,11,1,21,0,0,1,0,0,0,0,1,5,3,3,1,3,0
20384,6,1,601,2018,10,4,14,0,0,1,0,0,0,1,2,6,4,3,0,3,0
20385,7,4,705,2018,11,5,17,0,0,1,0,0,1,0,2,5,3,3,0,3,0
20386,6,2,603,2018,10,4,13,0,1,1,0,0,0,0,2,5,3,3,0,3,0
20387,1,11,129,2018,10,4,7,0,0,1,0,0,0,0,1,2,6,3,1,3,0
20388,4,10,429,2018,10,3,20,0,0,1,0,0,0,1,2,2,6,3,1,3,0
20389,1,5,113,2018,10,4,12,0,0,1,1,0,0,0,2,6,4,3,0,3,0
20390,1,15,134,2018,11,3,5,0,0,1,0,0,1,0,2,3,6,3,1,2,1
20391,5,2,506,2018,10,1,10,0,1,0,1,0,0,0,2,6,4,3,0,2,1
20392,5,6,514,2018,10,4,9,0,0,0,0,0,0,1,1,0,7,3,0,2,1
20393,4,2,405,2018,11,7,12,0,0,1,0,0,0,0,1,2,6,3,0,3,0
20394,3,2,311,2018,10,2,8,0,1,0,0,0,0,0,1,4,6,3,0,3,0
20395,5,6,514,2018,10,4,7,0,0,1,0,0,0,0,1,2,6,3,1,3,0
20396,7,2,703,2018,11,7,17,0,0,1,0,0,0,0,1,5,2,3,0,2,1
20397,5,4,512,2018,10,4,17,0,1,1,0,0,0,0,2,5,3,3,1,3,0
20398,5,7,515,2018,11,5,15,0,0,1,1,0,0,0,2,6,4,3,0,2,1
20399,3,4,316,2018,10,7,11,0,0,1,0,0,0,1,2,5,3,3,0,3,0
20400,4,11,430,2018,10,4,10,0,0,1,0,0,0,0,1,1,6,3,0,3,0
20401,5,12,520,2018,10,4,6,0,0,0,0,1,0,1,2,5,3,3,1,3,0
20402,4,13,432,2018,10,3,11,0,0,1,0,0,0,0,1,1,6,3,0,3,0
20403,4,5,409,2018,10,4,19,0,0,1,0,1,0,0,2,0,7,3,1,3,0
20404,4,9,424,2018,11,3,14,0,0,1,1,0,0,0,2,6,4,3,0,3,0
20405,4,5,411,2018,10,4,22,0,0,0,0,1,0,0,1,0,1,3,1,3,0
20406,1,12,130,2018,11,6,10,0,0,1,0,0,0,0,1,5,3,3,0,3,0
20407,2,11,223,2018,10,7,9,0,0,1,0,1,0,0,2,0,3,3,0,3,0
20408,1,3,106,2018,10,7,23,0,0,1,0,0,0,0,1,4,2,3,1,2,1
20409,4,7,417,2018,10,4,13,0,0,1,1,0,0,0,2,6,7,3,0,3,0
20410,1,19,140,2018,11,5,14,0,0,1,0,0,1,0,2,5,3,3,0,3,0
20411,5,1,504,2018,10,4,7,0,1,1,0,0,0,0,2,3,7,3,1,2,1
20412,4,5,412,2018,11,4,17,0,1,1,0,0,0,0,2,4,6,3,0,3,0
20413,4,8,421,2018,10,4,6,0,0,1,0,0,0,0,1,3,6,3,1,3,0
20414,4,5,408,2018,10,7,21,0,0,1,1,0,0,0,2,6,4,3,1,3,0
20415,2,14,227,2018,10,4,13,0,1,1,0,0,0,0,2,5,3,3,0,3,0
20416,4,10,426,2018,11,5,8,0,0,1,0,0,0,0,1,2,6,3,0,3,0
20417,2,8,220,2018,10,4,13,0,0,1,0,0,0,0,1,2,6,3,0,3,0
20418,2,9,221,2018,10,4,10,0,0,1,0,0,0,0,1,1,5,3,0,3,0
20419,3,7,319,2018,10,3,12,0,1,1,0,0,0,0,2,3,2,3,0,3,0
20420,2,4,212,2018,10,4,7,0,0,1,1,0,0,0,2,6,4,3,1,3,0
20421,5,1,501,2018,11,3,8,0,1,1,0,0,0,0,2,5,3,3,0,3,0
20422,2,7,219,2018,10,4,7,0,0,1,0,0,0,0,1,2,6,3,1,3,0
20423,5,6,514,2018,11,6,15,0,1,1,0,0,0,0,2,5,3,3,0,3,0
20424,2,5,217,2018,10,7,23,0,0,1,1,0,0,0,2,6,4,3,0,3,0
20425,2,5,217,2018,10,4,14,0,1,1,0,0,0,0,2,1,1,3,0,3,0
20426,5,3,510,2018,10,4,19,0,0,1,0,0,0,0,1,3,6,3,0,3,0
20427,4,3,406,2018,10,4,15,0,1,1,0,0,0,0,2,5,3,3,0,3,0
20428,2,4,214,2018,11,4,17,0,1,0,0,0,0,0,1,5,3,3,0,3,0
20429,5,14,522,2018,10,2,13,0,0,1,0,0,0,1,2,2,6,3,0,3,0
20430,3,5,317,2018,10,4,6,0,0,1,0,0,0,0,1,5,3,3,1,3,0
20431,3,1,308,2018,11,2,23,0,1,1,0,0,0,0,2,5,3,3,0,3,0
20432,5,18,526,2018,10,2,15,0,1,0,0,0,0,1,2,0,3,3,0,3,0
20433,2,1,206,2018,10,4,21,0,0,1,0,0,0,0,1,2,6,3,1,3,0
20434,2,1,201,2018,11,3,13,0,0,1,0,0,0,0,1,2,6,3,1,3,0
20435,1,2,104,2018,10,4,15,0,1,1,0,0,0,0,2,1,5,3,0,3,0
20436,3,9,321,2018,11,6,8,0,1,1,0,0,0,0,2,5,3,3,0,3,0
20437,7,1,701,2018,10,3,8,0,0,1,0,0,0,0,1,1,6,3,1,3,0
20438,1,12,130,2018,10,3,16,0,0,1,0,0,0,0,1,5,3,3,1,3,0
20439,4,5,409,2018,10,4,10,0,0,1,0,0,0,0,1,2,6,3,0,3,0
20440,1,12,130,2018,10,3,14,0,0,1,0,0,0,0,1,4,6,3,1,3,0
20441,1,3,106,2018,11,4,9,0,0,1,0,0,0,0,1,5,3,3,0,3,0
20442,2,9,221,2018,10,2,19,0,0,1,0,0,0,1,2,1,5,3,0,3,0
20443,5,18,526,2018,10,3,20,0,1,1,0,0,0,0,2,5,2,3,1,3,0
20444,1,4,112,2018,11,1,6,0,0,1,0,1,0,0,2,2,6,3,0,3,0
20445,5,2,508,2018,10,6,18,0,0,1,0,0,0,0,1,1,6,3,1,3,0
20446,7,1,702,2018,10,7,13,0,1,1,0,0,0,0,2,5,2,3,0,3,0
20447,5,4,512,2018,10,3,17,0,0,1,1,0,0,0,2,8,7,3,1,2,1
20448,6,1,601,2018,11,5,18,0,0,1,1,0,0,0,2,6,4,3,0,3,0
20449,5,2,508,2018,10,3,14,0,0,1,0,0,0,0,1,3,6,3,1,2,1
20450,5,18,526,2018,10,3,6,0,1,1,0,0,0,0,2,2,2,3,0,3,0
20451,5,17,525,2018,10,3,9,0,0,0,0,1,0,1,2,3,3,3,0,2,1
20452,5,14,522,2018,10,3,6,0,0,1,1,0,0,0,2,6,4,3,1,3,0
20453,1,19,140,2018,11,6,5,0,0,1,0,0,0,1,2,2,6,3,0,2,1
20454,5,12,520,2018,10,3,20,0,0,1,0,0,0,0,1,5,3,3,1,3,0
20455,4,13,432,2018,10,3,19,0,0,1,0,0,0,0,1,4,2,3,1,3,0
20456,6,2,603,2018,10,3,11,0,1,1,0,0,0,0,2,4,2,3,0,3,0
20457,4,5,408,2018,10,3,9,0,1,1,0,0,0,0,2,3,6,3,1,3,0
20458,6,1,601,2018,11,3,16,0,1,1,0,0,0,0,2,3,2,3,0,3,0
20459,1,5,113,2018,10,2,9,0,1,1,0,0,0,0,2,5,3,3,0,3,0
20460,4,8,422,2018,10,3,8,0,1,1,0,0,0,0,2,4,2,3,1,3,0
20461,5,2,509,2018,11,7,17,0,0,0,1,0,0,1,2,6,4,3,0,3,0
20462,5,2,508,2018,10,6,19,0,1,1,0,0,0,0,2,3,6,3,1,3,0
20463,3,9,321,2018,10,3,8,0,1,1,0,0,0,0,2,4,2,3,1,3,0
20464,5,11,519,2018,11,5,17,0,0,1,0,0,0,1,2,1,5,3,0,3,0
20465,7,1,702,2018,10,6,15,0,0,1,0,0,0,0,1,2,6,3,1,3,0
20466,3,7,319,2018,10,3,13,0,0,1,0,0,0,0,1,2,6,3,1,3,0
20467,3,1,301,2018,10,3,9,0,0,1,1,0,0,0,2,6,4,3,1,3,0
20468,4,5,413,2018,10,3,15,0,1,1,0,0,0,0,2,5,3,3,0,3,0
20469,2,1,203,2018,10,3,18,0,0,1,1,0,0,0,2,6,2,3,1,3,0
20470,5,7,515,2018,11,3,17,0,0,1,0,0,0,0,1,4,6,3,1,3,0
20471,5,7,515,2018,10,6,19,0,1,1,0,0,0,0,2,3,2,3,1,3,0
20472,3,1,310,2018,10,3,7,0,0,1,0,0,0,0,1,1,6,3,1,3,0
20473,1,4,112,2018,10,3,12,0,0,1,0,0,0,1,2,2,6,3,1,3,0
20474,5,4,512,2018,11,3,20,0,0,1,0,0,0,0,1,5,7,3,0,3,0
20475,2,11,223,2018,10,1,13,0,0,1,0,0,0,0,1,8,7,3,0,3,0
20476,1,3,106,2018,10,3,13,0,0,1,0,0,0,0,1,5,2,3,1,3,0
20477,1,5,114,2018,11,7,15,0,0,1,0,0,0,1,2,0,7,3,0,3,0
20478,5,7,515,2018,10,6,18,0,0,1,0,0,0,0,1,3,6,3,1,3,0
20479,1,5,114,2018,10,3,10,0,1,1,0,0,0,0,2,5,3,3,1,2,1
20480,3,6,318,2018,11,5,13,0,1,1,0,0,0,0,2,5,3,3,0,2,1
20481,1,5,114,2018,10,3,19,0,0,1,1,0,0,0,2,6,4,3,1,3,0
20482,4,4,407,2018,11,4,13,0,0,1,0,0,0,0,1,4,2,3,0,3,0
20483,7,12,713,2018,10,3,14,0,0,1,0,0,1,0,2,3,6,3,1,3,0
20484,1,16,137,2018,10,3,9,0,0,1,0,0,0,0,1,5,2,3,0,3,0
20485,7,9,710,2018,10,2,12,0,0,1,1,0,0,0,2,6,4,3,0,3,0
20486,4,1,401,2018,11,3,18,0,1,1,0,0,0,0,2,0,7,3,0,2,1
20487,4,11,430,2018,10,6,11,0,0,1,0,0,0,0,1,2,6,3,0,3,0
20488,7,1,702,2018,10,2,18,0,0,1,1,0,0,1,3,6,4,3,0,3,0
20489,5,2,508,2018,11,6,15,0,0,1,0,1,0,0,2,5,3,3,0,2,1
20490,4,6,415,2018,10,6,15,0,1,1,0,0,0,0,2,4,6,3,0,3,0
20491,7,9,710,2018,10,2,16,0,0,1,0,0,0,0,1,5,3,3,0,3,0
20492,5,7,515,2018,10,4,18,0,1,0,1,0,0,0,2,6,6,3,0,2,1
20493,5,6,514,2018,11,6,16,0,0,0,0,0,0,1,1,5,2,3,0,3,0
20494,7,1,701,2018,10,2,15,0,0,1,0,0,0,1,2,2,6,3,0,3,0
20495,6,2,602,2018,10,4,19,0,1,1,0,0,0,0,2,5,2,3,0,3,0
20496,7,1,701,2018,10,2,14,0,1,1,0,0,0,0,2,1,5,3,0,3,0
20497,2,8,220,2018,11,4,7,0,0,1,0,0,0,0,1,4,2,3,0,3,0
20498,1,16,137,2018,10,2,7,0,0,1,0,0,0,1,2,4,2,3,1,3,0
20499,5,6,514,2018,10,2,11,0,1,0,0,0,1,0,2,3,2,3,0,3,0
20500,1,11,128,2018,10,2,16,0,0,1,0,0,0,0,1,1,5,3,0,3,0
20501,1,12,130,2018,11,2,21,0,1,1,1,0,0,0,3,6,4,3,1,3,0
20502,4,8,420,2018,10,6,20,0,0,1,0,0,0,0,1,5,3,3,1,3,0
20503,1,11,129,2018,10,2,15,0,0,1,0,0,0,1,2,2,6,3,0,3,0
20504,2,4,211,2018,11,6,15,0,1,1,0,0,0,0,2,4,6,3,0,3,0
20505,1,12,130,2018,10,2,10,0,0,1,0,0,0,0,1,5,3,3,0,3,0
20506,1,11,128,2018,10,2,7,0,0,1,1,0,0,0,2,6,2,3,1,3,0
20507,2,5,217,2018,10,4,14,0,1,1,0,0,0,0,2,3,6,3,0,3,0
20508,1,11,129,2018,10,2,20,0,0,1,0,0,0,0,1,5,7,3,0,3,0
20509,1,5,114,2018,11,4,15,0,0,0,1,0,0,1,2,6,7,3,0,3,0
20510,4,2,405,2018,10,2,12,0,0,1,0,1,0,0,2,5,3,3,0,3,0
20511,1,11,129,2018,10,2,14,0,0,1,0,0,0,1,2,3,6,3,0,3,0
20512,7,2,703,2018,11,7,20,0,0,1,0,0,0,0,1,8,7,3,0,3,0
20513,1,8,123,2018,10,2,10,0,1,1,0,0,0,0,2,0,5,3,1,3,0
20514,3,2,312,2018,11,4,14,0,1,1,0,0,0,0,2,1,7,3,0,3,0
20515,4,10,427,2018,10,2,2,0,0,1,1,0,0,0,2,0,7,3,0,2,1
20516,5,6,514,2018,10,2,8,0,1,1,0,0,0,0,2,5,2,3,1,3,0
20517,7,1,702,2018,11,1,12,0,0,1,1,0,0,0,2,6,4,3,0,3,0
20518,3,9,321,2018,10,6,18,0,1,1,0,0,0,0,2,5,3,3,1,3,0
20519,5,18,526,2018,10,2,9,0,1,0,0,0,0,0,1,2,6,3,0,3,0
20520,7,13,714,2018,11,5,17,0,1,1,0,0,0,0,2,1,3,3,0,3,0
20521,4,10,429,2018,10,2,18,0,0,1,0,0,0,0,1,5,3,3,0,3,0
20522,4,11,430,2018,10,2,6,0,0,1,1,0,0,0,2,6,4,3,1,2,1
20523,5,2,509,2018,10,3,5,0,0,1,0,0,0,0,1,2,6,3,1,3,0
20524,4,11,430,2018,10,2,18,0,1,0,0,0,0,1,2,5,2,3,0,3,0
20525,1,6,116,2018,11,3,17,0,0,1,0,1,0,0,2,5,3,3,0,3,0
20526,5,18,526,2018,10,1,19,0,0,1,0,0,0,0,1,4,2,3,0,3,0
20527,4,12,431,2018,10,2,7,0,1,1,0,0,0,0,2,0,2,3,1,3,0
20528,2,5,215,2018,11,7,14,0,0,1,0,0,0,0,1,5,3,3,0,3,0
20529,2,11,224,2018,10,6,8,0,0,1,1,0,0,0,2,6,4,3,0,3,0
20530,4,5,408,2018,10,2,16,0,0,1,0,0,0,0,1,5,2,3,0,3,0
20531,4,6,415,2018,11,5,11,0,0,1,0,0,0,0,1,5,3,3,0,3,0
20532,4,5,408,2018,10,2,13,0,0,1,0,0,0,0,1,5,7,3,0,3,0
20533,2,5,215,2018,10,6,19,0,0,1,0,0,0,1,2,5,3,3,1,2,1
20534,4,5,408,2018,10,2,16,0,0,1,0,0,0,0,1,4,2,3,0,3,0
20535,5,5,513,2018,11,5,9,0,1,0,0,0,0,0,1,0,7,3,0,3,0
20536,4,8,421,2018,10,2,11,0,0,1,0,0,0,0,1,5,3,3,1,3,0
20537,2,8,220,2018,10,2,17,0,0,1,0,0,0,0,1,5,3,3,0,3,0
20538,5,17,525,2018,10,3,16,0,0,1,1,0,0,0,2,6,4,3,0,3,0
20539,3,5,317,2018,10,2,17,0,0,1,0,0,0,0,1,1,6,3,0,3,0
20540,4,9,425,2018,11,3,15,0,1,1,0,0,0,0,2,5,2,3,1,3,0
20541,4,2,403,2018,10,6,14,0,1,1,0,0,0,0,2,3,7,3,1,3,0
20542,1,5,113,2018,10,1,11,0,0,1,0,0,0,0,1,3,6,3,0,3,0
20543,2,1,204,2018,10,2,19,0,1,1,0,0,0,0,2,5,2,3,0,2,1
20544,1,12,130,2018,11,6,13,0,0,1,0,0,0,0,1,5,3,3,0,3,0
20545,3,1,305,2018,10,6,3,0,1,1,0,0,0,0,2,1,5,3,0,3,0
20546,4,8,421,2018,10,7,16,0,0,1,0,1,0,0,2,3,2,3,0,3,0
20547,3,1,309,2018,10,2,5,0,0,1,1,0,0,0,2,6,2,3,1,3,0
20548,1,3,106,2018,11,5,8,0,1,1,0,0,0,0,2,4,2,3,0,3,0
20549,1,1,101,2018,10,2,8,0,0,1,0,0,0,0,1,4,2,3,1,3,0
20550,4,5,413,2018,11,4,17,0,1,1,0,0,0,0,2,1,5,3,0,3,0
20551,1,5,113,2018,10,2,19,0,1,1,0,0,0,0,2,1,7,3,0,2,1
20552,1,8,126,2018,10,2,8,0,0,1,0,0,0,1,2,3,2,3,0,3,0
20553,1,5,113,2018,10,2,14,0,1,1,0,0,0,0,2,5,2,3,0,3,0
20554,1,4,112,2018,11,3,23,0,0,1,0,0,0,0,1,5,2,3,0,3,0
20555,3,5,317,2018,10,6,14,0,0,1,0,0,0,0,1,2,6,3,1,3,0
20556,6,2,602,2018,10,1,18,0,0,1,0,0,0,0,1,4,2,3,0,3,0
20557,5,1,504,2018,10,3,8,0,1,1,0,0,0,0,2,3,2,3,0,3,0
20558,6,14,615,2018,10,1,15,0,1,0,0,0,0,1,2,5,3,3,0,3,0
20559,4,5,411,2018,11,3,16,0,1,1,0,0,0,0,2,1,5,3,0,3,0
20560,2,1,203,2018,10,6,19,0,0,1,0,0,0,1,2,5,3,3,1,3,0
20561,5,16,524,2018,10,1,18,0,1,0,0,0,0,1,2,0,7,3,0,3,0
20562,5,18,526,2018,11,6,16,0,1,0,1,0,0,0,2,6,4,3,0,3,0
20563,2,4,212,2018,10,6,14,0,0,0,0,1,0,0,1,0,7,3,1,3,0
20564,5,1,504,2018,10,1,20,0,0,1,0,0,0,0,1,3,7,3,0,3,0
20565,5,18,526,2018,10,4,0,0,0,0,1,0,0,1,2,6,4,3,1,2,1
20566,4,10,426,2018,10,1,19,0,0,0,0,1,0,0,1,0,1,3,0,3,0
20567,1,1,101,2018,10,1,8,0,0,0,0,1,0,0,1,0,1,3,1,3,0
20568,3,5,317,2018,11,4,15,0,0,0,0,1,0,0,1,0,7,3,0,3,0
20569,5,2,508,2018,10,2,14,0,0,1,0,0,0,1,2,0,2,3,0,3,0
20570,2,4,212,2018,10,1,14,0,1,1,0,0,0,0,2,5,3,3,0,3,0
20571,2,8,220,2018,11,2,8,0,1,1,0,0,0,0,2,5,3,3,1,3,0
20572,2,1,205,2018,10,6,12,0,0,1,0,0,0,0,1,5,3,3,1,3,0
20573,2,8,220,2018,10,1,12,0,0,1,0,1,0,0,2,3,6,3,0,3,0
20574,1,3,108,2018,11,6,12,0,1,1,0,0,0,0,2,1,5,3,0,3,0
20575,1,4,112,2018,10,6,19,0,0,1,0,0,0,0,1,2,6,3,1,3,0
20576,2,1,204,2018,10,1,16,0,1,0,0,0,0,0,1,8,7,3,0,3,0
20577,1,5,114,2018,10,1,15,0,0,1,0,0,0,0,1,3,6,3,0,3,0
20578,5,1,504,2018,11,6,20,0,0,1,0,0,0,0,1,2,6,3,0,3,0
20579,1,11,129,2018,10,5,19,0,1,1,0,0,0,0,2,3,2,3,1,3,0
20580,1,8,121,2018,10,7,11,0,0,1,0,1,0,0,2,2,6,3,0,3,0
20581,1,8,125,2018,10,7,14,0,0,1,0,0,0,0,1,5,3,3,0,3,0
20582,5,10,518,2018,10,4,15,0,1,0,0,0,0,1,2,5,3,3,0,3,0
20583,5,4,512,2018,10,7,13,0,1,0,0,0,0,0,1,0,7,3,0,3,0
20584,2,1,205,2018,11,4,15,0,1,1,0,0,0,0,2,5,2,3,0,3,0
20585,3,9,321,2018,10,2,11,0,1,1,0,0,0,0,2,5,3,3,0,3,0
20586,5,11,519,2018,10,7,19,0,1,1,0,0,0,0,2,5,3,3,0,3,0
20587,2,1,205,2018,11,1,0,0,0,1,0,0,0,1,2,5,3,3,0,3,0
20588,1,7,119,2018,10,5,11,0,0,1,0,0,0,0,1,2,6,3,1,3,0
20589,4,10,428,2018,10,7,20,0,0,1,0,0,0,0,1,2,6,3,0,3,0
20590,1,15,134,2018,11,5,12,0,1,1,0,0,1,0,3,4,2,3,0,3,0
20591,5,1,502,2018,10,7,15,0,0,1,0,0,0,1,2,3,2,3,0,3,0
20592,3,7,319,2018,10,7,16,0,0,1,0,0,0,0,1,2,6,3,0,3,0
20593,5,16,524,2018,10,3,10,0,0,1,0,0,0,0,1,2,6,3,1,3,0
20594,4,2,403,2018,10,7,11,0,0,1,0,1,0,0,2,1,7,3,0,3,0
20595,1,8,123,2018,11,3,14,0,0,1,0,0,0,0,1,5,3,3,0,3,0
20596,5,15,523,2018,10,1,11,0,1,1,0,0,0,0,2,5,3,3,0,3,0