SN,District,Imperial_Circle,Community,Year,Month,Weekday,Hour,Road,Cycle,Car,Pedestrians,Motorcycle,Goods Vehicle,Others,Total,Collision Type,Accident Type,Light Condition,Road Condition,Accident_Severity,Tend_to_Death
20597,1,16,136,2018,10,6,12,0,1,0,0,0,0,0,1,0,1,3,0,3,0
20598,1,4,111,2018,10,4,1,0,0,1,0,0,0,0,1,1,7,3,1,2,1
20599,6,4,605,2018,10,6,8,0,0,1,0,0,0,0,1,5,3,3,0,3,0
20600,1,16,137,2018,11,3,16,0,0,1,1,0,0,0,2,6,4,3,0,3,0
20601,1,3,107,2018,10,2,14,0,1,1,0,0,0,0,2,5,3,3,0,3,0
20602,1,11,129,2018,10,6,12,0,1,1,1,0,0,0,3,6,4,3,0,3,0
20603,5,5,513,2018,11,7,13,0,1,0,1,0,0,0,2,6,7,3,0,3,0
20604,1,8,124,2018,10,5,10,0,0,0,1,0,0,1,2,6,4,3,1,3,0
20605,1,8,122,2018,10,6,9,0,1,0,0,0,0,1,2,3,3,3,0,3,0
20606,5,7,515,2018,11,5,8,0,1,1,0,0,0,0,2,4,2,3,0,3,0
20607,5,18,526,2018,10,6,19,0,0,1,0,0,0,0,1,2,6,3,1,3,0
20608,5,6,514,2018,10,6,17,0,1,1,0,0,0,0,2,1,5,3,0,3,0
20609,5,7,515,2018,10,6,7,0,1,0,0,0,0,0,1,4,6,3,0,3,0
20610,4,4,407,2018,10,3,16,0,1,0,1,0,0,0,2,6,3,3,0,3,0
20611,5,7,515,2018,10,6,12,0,1,1,0,0,0,0,2,5,3,3,0,3,0
20612,5,8,516,2018,11,3,17,0,1,1,0,0,0,0,2,5,2,3,0,3,0
20613,1,14,133,2018,10,5,8,0,1,1,0,0,0,0,2,3,2,3,1,3,0
20614,5,10,518,2018,10,6,17,0,0,1,0,0,0,0,1,2,6,3,0,3,0
20615,1,8,122,2018,11,6,6,0,0,1,0,1,0,0,2,5,3,3,0,3,0
20616,1,14,133,2018,10,5,8,0,0,1,1,0,0,0,2,6,4,3,1,3,0
20617,5,16,524,2018,10,6,13,0,0,1,0,0,0,0,1,2,2,3,0,3,0
20618,4,3,406,2018,10,6,14,0,1,1,0,0,0,0,2,4,2,3,0,3,0
20619,2,1,202,2018,11,7,14,0,1,1,0,0,0,0,2,1,7,3,0,3,0
20620,4,5,408,2018,10,6,7,0,0,1,0,0,0,0,1,2,6,3,0,3,0
20621,2,9,221,2018,11,5,17,0,0,1,0,1,0,0,2,4,2,3,0,3,0
20622,3,8,320,2018,10,6,23,0,0,1,0,0,0,0,1,2,2,3,0,3,0
20623,2,8,220,2018,10,6,16,0,0,0,1,0,1,0,2,6,4,3,0,2,1
20624,2,3,208,2018,10,3,20,0,0,1,0,0,0,1,2,9,1,3,1,3,0
20625,2,4,212,2018,10,6,19,0,1,0,0,0,0,0,1,0,7,3,0,2,1
20626,3,1,307,2018,11,3,23,0,1,0,0,0,0,1,2,0,7,3,0,3,0
20627,3,1,307,2018,10,6,10,0,0,0,0,0,0,1,1,0,6,3,0,3,0
20628,5,2,506,2018,11,6,14,0,0,1,0,0,0,0,1,5,3,3,0,3,0
20629,3,1,301,2018,10,6,17,0,1,1,0,0,0,0,2,5,3,3,0,2,1
20630,4,9,424,2018,10,4,12,0,0,0,0,1,0,0,1,0,1,3,0,3,0
20631,2,4,212,2018,10,6,7,0,1,1,0,0,0,0,2,5,3,3,0,3,0
20632,3,3,314,2018,11,4,9,0,0,1,0,1,0,0,2,2,6,3,0,3,0
20633,4,5,410,2018,10,2,18,0,0,1,0,0,0,0,1,5,3,3,0,3,0
20634,1,16,137,2018,10,4,19,0,0,0,1,0,0,1,2,0,7,3,0,3,0
20635,2,1,206,2018,10,6,7,0,1,1,0,0,0,0,2,2,2,3,0,3,0
20636,4,6,415,2018,11,4,13,0,1,1,0,0,0,0,2,5,2,3,0,3,0
20637,3,3,313,2018,10,6,14,0,0,1,0,0,0,1,2,2,2,3,0,3,0
20638,5,6,514,2018,10,2,8,0,0,1,0,1,0,0,2,4,2,3,0,2,1
20639,3,3,314,2018,10,6,13,0,1,1,0,0,0,0,2,5,2,3,0,3,0
20640,1,1,101,2018,11,3,13,0,0,1,0,1,0,0,2,3,7,3,0,3,0
20641,1,4,112,2018,10,6,21,0,0,1,0,0,0,0,1,5,7,3,0,3,0
20642,2,1,201,2018,11,6,14,0,0,0,0,1,0,1,2,5,3,3,0,3,0
20643,1,5,114,2018,10,6,7,0,1,1,0,0,0,0,2,3,2,3,0,3,0
20644,1,16,137,2018,10,5,16,0,1,1,0,0,0,0,2,0,6,3,0,3,0
20645,3,9,321,2018,10,4,14,0,0,1,0,0,0,0,1,5,3,3,0,3,0
20646,1,6,115,2018,10,5,9,0,1,0,0,0,0,0,1,4,6,3,0,3,0
20647,1,5,114,2018,11,4,12,0,0,1,0,0,0,0,1,3,6,3,0,3,0
20648,2,5,215,2018,10,2,17,0,0,1,0,0,0,0,1,2,6,3,0,3,0
20649,5,4,512,2018,10,5,19,0,1,1,0,0,0,0,2,5,3,3,0,3,0
20650,1,4,112,2018,11,1,6,0,0,1,1,0,0,0,2,6,7,3,0,3,0
20651,1,13,131,2018,10,7,21,0,0,1,0,0,0,0,1,2,6,3,0,3,0
20652,5,18,526,2018,10,5,15,0,0,1,0,0,0,1,2,5,3,3,0,3,0
20653,5,18,526,2018,11,5,18,0,1,0,0,0,0,0,1,0,1,3,0,3,0
20654,5,18,526,2018,10,5,17,0,0,1,0,1,0,0,2,0,6,3,0,3,0
20655,1,4,112,2018,11,2,14,0,1,0,0,0,0,0,1,0,7,3,1,3,0
20656,5,6,514,2018,10,5,7,0,1,0,0,0,0,1,2,5,3,3,0,3,0
20657,1,20,141,2018,11,5,14,0,0,1,0,0,0,1,2,0,6,3,0,3,0
20658,4,9,424,2018,10,5,14,0,0,1,0,1,0,0,2,0,6,3,1,3,0
20659,5,7,515,2018,10,5,20,0,1,1,0,0,0,0,2,3,2,3,0,3,0
20660,1,12,130,2018,10,3,12,0,0,1,0,0,0,0,1,5,3,3,0,3,0
20661,5,11,519,2018,10,5,20,0,0,1,0,0,0,0,1,2,2,3,0,3,0
20662,6,1,601,2018,11,3,7,0,0,1,0,0,0,1,2,5,3,3,0,3,0
20663,7,9,710,2018,10,1,19,0,1,0,0,0,0,0,1,0,7,3,1,3,0
20664,5,11,519,2018,10,5,13,0,1,0,1,0,0,0,2,6,6,3,1,3,0
20665,4,5,410,2018,11,7,17,0,0,1,0,1,0,0,2,5,3,3,0,3,0
20666,4,11,430,2018,10,5,13,0,0,1,0,0,0,0,1,2,2,3,1,3,0
20667,5,1,501,2018,11,5,14,0,1,1,0,0,0,0,2,5,3,3,0,3,0
20668,5,18,526,2018,10,6,15,0,1,1,0,0,0,0,2,5,3,3,1,3,0
20669,4,5,408,2018,10,5,18,0,0,1,0,0,0,0,1,2,6,3,0,3,0
20670,1,14,133,2018,10,5,9,0,0,1,0,0,0,0,1,2,6,3,1,3,0
20671,4,10,426,2018,10,3,11,0,0,1,0,0,0,0,1,3,2,3,0,3,0
20672,1,4,109,2018,11,4,7,0,1,0,1,0,0,0,2,6,6,3,0,3,0
20673,2,1,205,2018,11,5,15,0,0,1,0,0,1,0,2,3,6,3,0,3,0
20674,1,6,117,2018,11,4,20,0,1,1,0,0,0,0,2,5,3,3,0,3,0
20675,2,3,209,2018,11,5,13,0,0,1,0,0,0,0,1,2,6,3,0,3,0
20676,3,1,309,2018,11,5,11,0,1,0,0,0,0,0,1,3,6,3,0,3,0
20677,2,8,220,2018,11,2,16,0,0,1,0,0,0,0,1,2,6,3,0,3,0
20678,1,2,103,2018,11,5,17,0,0,1,1,0,0,0,2,6,4,3,0,3,0
20679,4,5,413,2018,11,6,9,0,0,1,0,0,0,0,1,1,5,3,0,3,0
20680,1,12,130,2018,11,4,9,0,1,1,0,0,0,0,2,5,2,3,0,3,0
20681,3,9,321,2018,11,3,16,0,0,1,0,0,0,0,1,2,6,3,0,3,0
20682,5,5,513,2018,11,4,9,0,1,1,0,0,0,0,2,5,5,3,0,3,0
20683,5,12,520,2018,11,4,17,0,0,1,0,0,0,0,1,5,3,3,0,3,0
20684,7,7,708,2018,11,3,22,0,0,1,0,0,0,0,1,5,3,3,0,3,0
20685,1,16,136,2018,11,6,10,0,1,1,0,0,0,0,2,5,3,3,0,3,0
20686,5,10,518,2018,11,4,23,0,0,1,0,0,0,1,2,5,3,3,0,1,1
20687,3,7,319,2018,11,1,18,0,0,1,0,0,0,0,1,4,2,3,0,3,0
20688,5,16,524,2018,11,4,19,0,0,1,0,0,0,1,2,2,6,3,0,3,0
20689,4,13,432,2018,11,4,19,0,1,1,0,0,0,0,2,3,2,3,0,3,0
20690,2,1,201,2018,11,2,7,0,1,0,0,0,0,1,2,5,3,3,0,3,0
20691,4,13,432,2018,11,4,10,0,0,1,0,0,0,1,2,2,6,3,1,3,0
20692,5,11,519,2018,11,6,15,0,1,1,0,0,0,0,2,5,3,3,0,2,1
20693,5,1,504,2018,11,6,10,0,0,1,0,0,0,0,1,1,5,3,0,3,0
20694,7,1,701,2018,11,5,9,0,0,1,0,0,0,0,1,0,7,3,0,3,0
20695,4,12,431,2018,11,4,7,0,0,1,0,1,0,0,2,5,3,3,1,3,0
20696,4,2,403,2018,11,3,8,0,1,1,0,0,0,0,2,2,6,3,0,3,0
20697,4,11,430,2018,11,4,10,0,0,1,0,0,0,0,1,2,6,3,1,3,0
20698,3,1,302,2018,11,2,15,0,1,0,0,0,0,0,1,0,1,3,1,3,0
20699,4,10,426,2018,11,4,14,0,0,1,0,0,0,0,1,5,3,3,0,3,0
20700,2,7,219,2018,11,3,8,0,1,1,0,0,0,0,2,5,3,3,0,3,0
20701,4,10,429,2018,11,6,2,0,0,1,0,0,0,0,1,0,7,3,1,3,0
20702,2,11,223,2018,11,4,18,0,0,1,1,0,0,0,2,6,4,3,1,3,0
20703,6,2,602,2018,11,7,13,0,0,0,1,0,0,1,2,6,4,3,0,3,0
20704,2,5,216,2018,11,4,16,0,1,1,0,0,0,0,2,5,3,3,1,3,0
20705,1,1,102,2018,11,5,13,0,0,1,0,1,0,0,2,2,6,3,0,3,0
20706,2,5,216,2018,11,4,8,0,1,1,0,0,0,0,2,4,2,3,0,3,0
20707,3,8,320,2018,11,5,7,0,0,1,1,0,0,0,2,6,2,3,1,3,0
20708,4,3,406,2018,11,4,16,0,1,1,0,0,0,0,2,5,3,3,1,3,0
20709,5,6,514,2018,11,5,7,0,0,1,0,0,0,0,1,2,6,3,0,3,0
20710,3,1,301,2018,11,4,10,0,0,0,0,1,0,0,1,0,7,3,0,3,0
20711,4,5,410,2018,11,5,9,0,0,1,0,0,0,1,2,0,2,3,1,3,0
20712,1,8,122,2018,11,2,8,0,0,1,0,0,0,0,1,2,6,3,0,3,0
20713,2,4,212,2018,11,4,12,0,1,0,0,0,0,0,1,0,7,3,0,2,1
20714,5,11,519,2018,11,1,4,0,0,1,0,0,0,1,2,9,5,3,0,3,0
20715,1,1,102,2018,11,4,18,0,1,0,1,0,0,0,2,6,4,3,0,3,0
20716,1,1,102,2018,11,3,12,0,1,0,1,0,0,0,2,6,4,3,0,3,0
20717,3,1,310,2018,11,6,14,0,1,1,0,0,0,0,2,4,2,3,0,3,0
20718,1,3,108,2018,11,4,12,0,1,0,0,0,0,0,1,0,1,3,0,3,0
20719,4,7,416,2018,11,7,15,0,0,1,0,0,0,0,1,2,6,3,0,3,0
20720,1,5,114,2018,11,4,14,0,0,0,1,0,0,1,2,0,4,3,0,3,0
20721,2,5,216,2018,11,4,17,0,1,1,0,0,0,0,2,5,3,3,0,3,0
20722,7,13,714,2018,11,3,10,0,1,1,0,0,0,0,2,5,3,3,1,3,0
20723,7,1,701,2018,11,4,15,0,1,0,1,0,0,0,2,6,4,3,0,3,0
20724,7,1,702,2018,11,3,6,0,0,1,0,0,0,1,2,2,6,3,1,3,0
20725,7,10,711,2018,11,6,19,0,0,1,1,0,0,0,2,6,4,3,0,3,0
20726,1,16,137,2018,11,3,5,0,0,1,0,0,0,0,1,4,2,3,1,3,0
20727,5,7,515,2018,11,2,7,0,0,1,1,0,0,0,2,6,4,3,0,3,0
20728,6,1,601,2018,11,3,19,0,0,1,0,0,0,0,1,5,3,3,0,3,0
20729,2,5,216,2018,11,7,13,0,1,1,0,0,0,0,2,4,7,3,0,3,0
20730,6,3,604,2018,11,3,7,0,0,1,1,0,0,0,2,6,4,3,1,3,0
20731,1,6,118,2018,11,2,11,0,0,1,0,0,0,0,1,5,3,3,0,3,0
20732,1,8,125,2018,11,5,17,0,0,1,0,0,0,0,1,2,2,3,1,3,0
20733,6,2,602,2018,11,3,9,0,1,0,1,0,0,0,2,0,6,3,1,2,1
20734,1,11,128,2018,11,6,9,0,0,1,0,0,0,0,1,2,6,3,0,3,0
20735,6,1,601,2018,11,3,11,0,0,1,1,0,0,0,2,6,4,3,0,3,0
20736,3,8,320,2018,11,6,17,0,1,1,0,0,0,0,2,5,3,3,0,3,0
20737,1,4,109,2018,11,4,13,0,0,1,0,0,0,0,1,5,3,3,0,3,0
20738,6,14,615,2018,11,3,17,0,0,1,1,0,0,0,2,6,4,3,1,2,1
20739,5,4,512,2018,11,4,17,0,0,1,0,1,0,0,2,4,6,3,0,3,0
20740,5,3,511,2018,11,3,14,0,0,1,0,1,0,0,2,5,3,3,1,3,0
20741,3,8,320,2018,11,2,5,0,1,1,0,0,0,0,2,5,3,3,0,3,0
20742,5,7,515,2018,11,3,17,0,0,0,0,1,0,0,1,0,1,3,1,3,0
20743,5,11,519,2018,11,6,7,0,1,1,0,0,0,0,2,5,3,3,0,3,0
20744,3,9,321,2018,11,6,17,0,0,1,0,0,0,0,1,1,1,3,0,3,0
20745,2,13,226,2018,11,6,13,0,0,1,0,0,0,0,1,8,1,3,0,3,0
20746,5,16,524,2018,11,3,8,0,0,1,0,0,0,1,2,2,6,3,1,3,0
20747,2,8,220,2018,11,3,7,0,1,1,0,0,0,0,2,3,2,3,0,3,0
20748,4,13,432,2018,11,3,16,0,0,1,0,0,0,0,1,5,3,3,1,3,0
20749,4,8,418,2018,11,2,16,0,1,1,0,0,0,0,2,5,2,3,0,3,0
20750,5,11,519,2018,11,6,17,0,0,1,0,0,0,0,1,5,3,3,0,3,0
20751,5,2,507,2018,11,6,13,0,1,1,0,0,0,0,2,0,2,3,0,3,0
20752,4,10,426,2018,11,3,16,0,1,1,0,0,0,0,2,1,5,3,1,3,0
20753,5,7,515,2018,11,3,2,0,0,1,0,1,0,0,2,2,6,3,0,3,0
20754,3,6,318,2018,11,5,15,0,0,0,0,1,0,0,1,0,7,3,1,3,0
20755,4,8,423,2018,11,3,6,0,1,1,0,0,0,0,2,5,3,3,0,3,0
20756,2,8,220,2018,11,4,21,0,0,1,1,0,0,0,2,6,2,3,0,3,0
20757,1,4,112,2018,12,7,23,0,0,1,1,0,0,0,2,6,4,3,1,3,0
20758,4,8,422,2018,11,3,18,0,1,1,0,0,0,0,2,5,3,3,1,2,1
20759,1,18,139,2018,11,2,17,0,0,1,0,0,0,0,1,2,6,3,1,2,1
20760,2,9,221,2018,11,3,8,0,0,1,1,0,0,0,2,6,4,3,1,3,0
20761,5,12,520,2018,11,6,9,0,0,1,0,0,0,0,1,1,6,3,1,3,0
20762,6,2,602,2018,11,5,18,0,0,0,1,0,0,1,2,0,4,3,0,3,0
20763,2,12,225,2018,11,3,10,0,0,0,0,0,0,1,1,5,3,3,0,3,0
20764,5,2,505,2018,11,5,19,0,0,1,0,0,0,1,2,2,6,3,1,3,0
20765,1,19,140,2018,11,2,8,0,0,1,0,0,1,0,2,3,6,3,0,3,0
20766,2,9,221,2018,11,3,8,0,1,0,0,1,0,0,2,3,2,3,1,3,0
20767,5,4,512,2018,11,1,4,0,0,1,0,0,0,0,1,8,1,3,0,3,0
20768,2,5,216,2018,11,3,18,0,0,0,1,0,0,1,2,0,7,3,1,3,0
20769,3,1,309,2018,11,3,16,0,1,0,1,0,0,0,2,6,4,3,0,3,0
20770,4,5,409,2018,11,6,10,0,0,1,0,0,0,0,1,8,7,3,0,3,0
20771,3,7,319,2018,11,3,18,0,0,0,1,0,0,1,2,6,2,3,1,3,0
20772,5,6,514,2018,11,7,18,0,0,1,0,0,0,0,1,5,2,3,0,2,1
20773,3,1,308,2018,11,3,17,0,1,1,0,0,0,0,2,1,7,3,1,3,0
20774,6,2,603,2018,11,3,9,0,1,1,0,0,0,0,2,5,3,3,1,3,0
20775,5,6,514,2018,11,6,17,0,0,1,0,1,0,0,2,4,2,3,0,2,1
20776,3,4,315,2018,11,3,17,0,1,1,0,0,0,0,2,3,2,3,1,3,0
20777,1,3,108,2018,11,1,17,0,0,1,0,0,0,0,1,2,6,3,1,3,0
20778,1,3,106,2018,11,3,15,0,1,1,0,0,0,0,2,0,2,3,1,3,0
20779,4,2,404,2018,11,5,15,0,1,0,1,0,0,0,2,6,3,3,0,3,0
20780,7,1,702,2018,11,2,14,0,0,1,0,0,0,0,1,2,6,3,1,3,0
20781,4,6,415,2018,11,5,18,0,0,1,1,0,0,0,2,6,4,3,1,3,0
20782,5,17,525,2018,11,2,12,0,0,1,1,0,0,0,2,6,4,3,0,2,1
20783,7,7,708,2018,11,2,17,0,0,0,0,1,0,0,1,0,1,3,1,3,0
20784,1,12,130,2018,11,7,3,0,0,1,0,0,0,0,1,9,1,3,0,3,0
20785,6,7,608,2018,11,2,18,0,0,1,0,0,0,0,1,8,1,3,1,3,0
20786,6,2,603,2018,11,2,7,0,0,0,1,0,0,1,2,6,4,3,1,3,0
20787,1,1,101,2018,11,6,9,0,0,1,0,0,0,1,2,2,6,3,0,3,0
20788,6,1,601,2018,11,2,17,0,0,1,0,0,0,0,1,2,6,3,1,3,0
20789,7,1,701,2018,11,5,16,0,1,1,0,0,0,0,2,5,2,3,0,3,0
20790,1,14,133,2018,11,6,15,0,0,1,0,0,0,0,1,2,6,3,0,3,0
20791,1,4,110,2018,11,7,12,0,0,1,0,0,0,0,1,9,1,3,0,3,0
20792,1,12,130,2018,11,2,12,0,0,1,0,0,1,0,2,2,6,3,1,3,0
20793,3,2,311,2018,11,4,11,0,0,1,0,0,0,0,1,2,6,3,0,3,0
20794,1,8,123,2018,11,2,20,0,0,1,0,0,0,0,1,4,2,3,1,3,0
20795,1,8,121,2018,11,2,20,0,0,1,1,0,0,0,2,6,4,3,1,3,0
20796,6,3,604,2018,11,4,6,0,0,1,0,0,0,0,1,1,5,3,0,3,0
20797,1,8,123,2018,11,2,15,0,0,0,1,0,0,1,2,6,4,3,1,3,0
20798,3,6,318,2018,11,5,7,0,0,0,1,0,1,0,2,6,4,3,1,2,1
20799,5,5,513,2018,11,2,9,0,0,1,0,0,0,0,1,3,6,3,1,3,0
20800,1,1,101,2018,11,7,3,0,0,1,0,0,0,1,2,2,6,3,0,3,0
20801,5,4,512,2018,11,2,10,0,1,0,1,0,0,0,2,6,4,3,1,3,0
20802,1,14,133,2018,11,2,7,0,1,1,0,0,0,0,2,5,3,3,0,3,0
20803,5,3,510,2018,11,5,5,0,0,1,0,0,0,1,2,2,6,3,1,3,0
20804,5,2,509,2018,11,2,6,0,0,1,0,0,1,0,2,1,6,3,1,3,0
20805,7,1,702,2018,11,5,10,0,0,1,0,0,0,0,1,5,2,3,0,3,0
20806,1,7,120,2018,11,6,10,0,1,1,0,0,0,0,2,1,5,3,0,3,0
20807,4,8,423,2018,11,2,18,0,1,0,0,0,0,1,2,0,7,3,0,2,1
20808,2,1,205,2018,11,6,18,0,0,1,0,0,0,0,1,5,3,3,0,3,0
20809,6,1,601,2018,11,3,14,0,0,1,1,0,0,0,2,6,7,3,0,2,1
20810,4,10,427,2018,11,2,6,0,0,1,1,0,0,0,2,6,4,3,1,3,0
20811,4,5,410,2018,11,4,14,0,1,0,0,0,0,0,1,8,1,3,0,3,0
20812,3,8,320,2018,11,2,12,0,0,1,0,0,0,1,2,2,3,3,1,3,0
20813,6,1,601,2018,11,5,11,0,1,1,0,0,0,0,2,3,2,3,0,3,0
20814,3,2,311,2018,11,2,21,0,0,1,0,0,0,0,1,4,2,3,0,3,0
20815,1,11,129,2018,11,4,16,0,0,1,1,0,0,0,2,6,4,3,0,3,0
20816,3,9,321,2018,11,2,6,0,0,1,1,0,0,0,2,6,2,3,1,3,0
20817,2,9,221,2018,11,2,12,0,0,1,0,0,0,0,1,8,1,3,1,3,0
20818,4,10,428,2018,11,2,8,0,1,1,0,0,0,0,2,5,3,3,0,3,0
20819,3,5,317,2018,11,2,16,0,0,1,0,0,0,0,1,2,6,3,1,3,0
20820,6,1,601,2018,11,5,11,0,0,1,0,0,0,1,2,0,2,3,0,3,0
20821,4,13,432,2018,11,6,17,0,0,1,1,0,0,0,2,6,2,3,0,2,1
20822,3,5,317,2018,11,2,7,0,0,1,0,0,0,0,1,2,6,3,1,3,0
20823,4,10,428,2018,11,3,7,0,0,1,0,0,0,0,1,4,6,3,0,2,1
20824,3,3,314,2018,11,2,8,0,1,1,0,0,0,0,2,5,3,3,1,3,0
20825,3,2,311,2018,11,2,20,0,1,1,0,0,0,0,2,0,7,3,1,3,0
20826,2,1,202,2018,11,4,6,0,0,1,0,0,0,0,1,4,3,3,0,3,0
20827,7,7,708,2018,11,6,19,0,0,1,0,0,0,0,1,1,5,3,0,3,0
20828,1,5,114,2018,11,2,7,0,1,1,0,0,0,0,2,1,5,3,1,3,0
20829,1,13,131,2018,11,5,8,0,0,1,0,1,0,0,2,2,2,3,0,2,1
20830,4,8,422,2018,11,1,20,0,1,0,0,0,0,0,1,0,7,3,0,2,1
20831,7,17,718,2018,11,1,22,0,0,1,1,0,0,0,2,6,4,3,1,3,0
20832,1,7,119,2018,11,5,13,0,0,1,0,0,0,0,1,3,2,3,0,3,0
20833,5,4,512,2018,11,5,14,0,1,1,0,0,0,0,2,5,3,3,0,3,0
20834,5,2,507,2018,11,1,21,0,0,1,0,1,0,0,2,1,5,3,1,3,0
20835,5,10,518,2018,11,5,7,0,0,1,0,0,0,0,1,2,6,3,1,3,0
20836,5,17,525,2018,11,1,14,0,0,1,1,0,0,0,2,6,7,3,0,2,1
20837,3,4,315,2018,11,6,10,0,0,0,1,0,0,1,2,0,4,3,0,3,0
20838,4,6,414,2018,11,1,15,0,1,0,0,0,0,0,1,5,3,3,0,3,0
20839,3,1,301,2018,11,3,8,0,0,1,1,0,0,0,2,6,4,3,0,3,0
20840,3,7,319,2018,11,1,19,0,0,1,1,0,0,0,2,6,4,3,1,3,0
20841,3,1,307,2018,11,2,7,0,0,1,0,0,0,0,1,2,6,3,0,3,0
20842,3,1,307,2018,11,1,18,0,1,1,0,0,0,0,2,3,2,3,1,3,0
20843,2,9,221,2018,11,3,10,0,0,0,0,1,0,1,2,4,6,3,0,3,0
20844,4,10,429,2018,11,6,18,0,1,1,0,0,0,0,2,3,2,3,0,2,1
20845,3,1,309,2018,11,1,21,0,1,1,0,0,0,0,2,5,2,3,1,3,0
20846,5,18,526,2018,11,5,9,0,1,1,0,0,0,0,2,5,2,3,0,3,0
20847,1,16,136,2018,11,7,22,0,0,1,0,0,0,0,1,2,6,3,0,3,0
20848,3,3,313,2018,11,1,0,0,1,0,0,0,0,0,1,0,7,3,1,3,0
20849,1,1,101,2018,11,5,0,0,0,1,0,0,0,0,1,5,7,3,0,3,0
20850,3,2,312,2018,11,1,22,0,1,1,0,0,0,0,2,3,7,3,1,3,0
20851,4,8,422,2018,11,5,8,0,0,1,0,0,0,0,1,5,3,3,1,3,0
20852,4,12,431,2018,11,2,7,0,0,1,0,0,0,0,1,2,6,3,1,3,0
20853,1,16,136,2018,11,7,20,0,0,1,0,0,0,0,1,5,3,3,1,3,0
20854,2,11,223,2018,11,7,15,0,0,1,1,0,0,0,2,6,7,3,0,3,0
20855,1,12,130,2018,11,7,17,0,0,1,1,0,0,0,2,6,2,3,1,3,0
20856,1,8,123,2018,11,2,14,0,0,1,0,0,0,0,1,2,6,3,0,3,0
20857,1,16,137,2018,11,5,7,0,0,1,1,0,0,0,2,6,4,3,1,3,0
20858,1,12,130,2018,11,7,19,0,0,1,1,0,0,0,2,6,4,3,1,3,0
20859,6,2,602,2018,11,2,10,0,0,1,1,0,0,0,2,6,7,3,0,3,0
20860,5,7,515,2018,11,7,13,0,0,1,1,0,0,0,2,6,4,3,1,2,1
20861,5,7,515,2018,11,1,21,0,0,1,0,1,0,0,2,2,6,3,1,3,0
20862,4,7,416,2018,11,7,13,0,0,0,0,1,0,0,1,0,7,3,1,3,0
20863,1,1,101,2018,11,3,7,0,0,1,0,0,0,0,1,4,2,3,0,3,0
20864,2,1,203,2018,11,6,18,0,0,1,0,0,0,0,1,2,6,3,0,3,0
20865,3,9,321,2018,11,7,14,0,0,1,1,0,0,0,2,6,7,3,1,3,0
20866,5,18,526,2018,11,5,8,0,0,1,0,0,0,0,1,5,3,3,0,3,0
20867,5,1,504,2018,11,7,14,0,0,1,0,0,0,0,1,2,6,3,0,3,0
20868,2,9,221,2018,11,7,16,0,0,1,0,0,0,0,1,5,3,3,1,3,0
20869,4,6,414,2018,11,4,7,0,1,1,0,0,0,0,2,5,2,3,0,3,0
20870,2,9,221,2018,11,7,7,0,1,1,0,0,0,0,2,5,3,3,1,3,0
20871,1,5,114,2018,11,5,19,0,0,1,0,0,0,1,2,5,3,3,1,3,0
20872,2,1,202,2018,11,7,16,0,0,1,0,1,0,0,2,2,2,3,1,3,0
20873,7,1,702,2018,11,6,15,0,0,0,1,0,0,1,2,0,4,3,0,3,0
20874,2,1,203,2018,11,7,11,0,0,1,0,1,0,0,2,3,2,3,1,3,0
20875,4,9,425,2018,11,2,16,0,0,1,0,0,0,0,1,2,7,3,0,3,0
20876,1,3,108,2018,11,7,14,0,1,1,0,0,0,0,2,3,2,3,1,3,0
20877,5,18,526,2018,11,5,6,0,0,1,0,0,0,0,1,5,3,3,1,3,0
20878,4,10,429,2018,11,6,6,0,0,1,1,0,0,0,2,6,2,3,1,2,1
20879,7,10,711,2018,11,6,9,0,1,0,0,0,0,0,1,5,2,3,0,3,0
20880,5,3,510,2018,11,5,16,0,1,0,0,0,0,1,2,5,2,3,0,3,0
20881,1,5,114,2018,11,7,15,0,1,0,0,0,0,1,2,4,6,3,0,3,0
20882,7,4,705,2018,11,6,7,0,1,0,0,1,0,0,2,5,3,3,1,3,0
20883,1,3,107,2018,11,4,9,0,1,1,0,0,0,0,2,1,5,3,0,3,0
20884,6,1,601,2018,11,6,15,0,0,1,0,0,0,0,1,5,2,3,1,3,0
20885,5,5,513,2018,11,4,18,0,1,1,0,0,0,0,2,1,3,3,0,3,0
20886,6,2,602,2018,11,6,10,0,0,1,1,0,0,0,2,6,4,3,0,3,0
20887,5,3,511,2018,11,5,12,0,0,1,0,0,0,0,1,5,3,3,0,3,0
20888,1,11,129,2018,11,6,10,0,1,0,0,0,0,1,2,1,7,3,1,3,0