SN,District,Imperial_Circle,Community,Year,Month,Weekday,Hour,Road,Cycle,Car,Pedestrians,Motorcycle,Goods Vehicle,Others,Total,Collision Type,Accident Type,Light Condition,Road Condition,Accident_Severity,Tend_to_Death
20889,2,8,220,2018,11,2,22,0,1,1,0,0,0,0,2,4,2,3,1,3,0
20890,1,12,130,2018,11,6,14,0,1,0,0,0,0,0,1,2,6,3,1,3,0
20891,5,2,507,2018,11,5,13,0,0,1,1,0,0,0,2,6,2,3,0,3,0
20892,4,8,422,2018,11,6,19,0,1,1,0,0,0,0,2,1,5,3,0,3,0
20893,5,2,508,2018,11,6,11,0,0,1,0,0,0,1,2,2,6,3,0,3,0
20894,1,14,133,2018,11,6,8,0,0,1,0,0,0,1,2,2,6,3,1,3,0
20895,2,5,215,2018,11,3,17,0,0,1,0,0,0,1,2,2,6,3,0,3,0
20896,5,18,526,2018,11,6,18,0,1,1,0,0,0,0,2,5,3,3,0,3,0
20897,5,6,514,2018,11,6,16,0,0,1,0,0,0,0,1,2,6,3,1,3,0
20898,7,1,702,2018,11,3,6,0,1,1,0,0,0,0,2,5,3,3,0,3,0
20899,1,13,131,2018,11,6,13,0,0,0,1,0,1,0,2,6,4,3,0,3,0
20900,4,9,424,2018,11,6,1,0,0,1,0,0,0,1,2,1,7,3,0,3,0
20901,5,7,515,2018,11,5,14,0,1,1,0,0,0,0,2,4,2,3,0,3,0
20902,5,18,526,2018,11,3,13,0,0,1,0,0,0,0,1,5,3,3,0,3,0
20903,3,7,319,2018,11,5,7,0,1,0,0,0,0,0,1,4,6,3,0,3,0
20904,4,13,432,2018,11,6,13,0,0,0,0,1,0,0,1,0,1,3,1,3,0
20905,4,8,419,2018,11,4,16,0,1,1,0,0,0,0,2,5,3,3,0,3,0
20906,4,5,410,2018,11,6,11,0,1,1,0,0,0,0,2,5,3,3,1,3,0
20907,4,11,430,2018,11,5,14,0,0,1,1,0,0,0,2,6,2,3,0,3,0
20908,1,5,114,2018,11,2,6,0,0,1,0,0,0,0,1,2,6,3,1,3,0
20909,3,8,320,2018,11,6,15,0,1,1,0,0,0,0,2,3,2,3,1,3,0
20910,4,13,432,2018,11,5,8,0,0,1,0,0,0,0,1,2,6,3,0,3,0
20911,7,7,708,2018,11,5,18,0,0,1,0,0,0,0,1,1,6,3,1,3,0
20912,3,9,321,2018,11,6,15,0,1,1,0,0,0,0,2,5,2,3,0,3,0
20913,5,2,508,2018,11,5,17,0,0,1,0,0,0,0,1,1,7,3,1,3,0
20914,2,3,208,2018,11,3,9,0,0,1,1,0,0,1,3,6,7,3,0,3,0
20915,1,11,129,2018,11,6,7,0,0,1,1,0,0,0,2,6,4,3,1,2,1
20916,3,8,320,2018,11,6,12,0,0,1,0,0,0,0,1,2,6,3,0,3,0
20917,1,2,103,2018,11,2,11,0,1,0,0,0,0,1,2,0,6,3,0,3,0
20918,3,1,308,2018,11,6,13,0,0,1,0,0,0,0,1,3,7,3,0,3,0
20919,3,1,307,2018,11,3,23,0,1,0,0,0,0,1,2,5,3,3,0,3,0
20920,5,12,520,2018,11,6,7,0,1,1,0,0,0,0,2,5,3,3,1,3,0
20921,3,2,312,2018,11,6,10,0,1,1,0,0,0,0,2,5,3,3,1,3,0
20922,4,13,432,2018,11,5,11,0,0,1,1,0,0,0,2,0,4,3,0,3,0
20923,1,12,130,2018,11,7,19,0,0,1,0,0,0,0,1,1,5,3,0,3,0
20924,1,4,109,2018,11,6,15,0,1,0,1,0,0,0,2,6,7,3,0,3,0
20925,4,5,413,2018,11,5,19,0,0,1,1,0,0,0,2,6,4,3,0,3,0
20926,1,5,114,2018,11,5,16,0,0,1,0,0,0,0,1,2,6,3,0,3,0
20927,3,1,309,2018,11,1,22,0,0,1,0,0,0,0,1,1,6,3,0,3,0
20928,7,17,718,2018,11,5,19,0,0,1,1,0,0,0,2,6,4,3,0,3,0
20929,4,5,413,2018,11,5,11,0,1,0,0,0,1,0,2,0,7,3,0,3,0
20930,3,8,320,2018,11,5,7,0,0,1,1,0,0,0,2,6,7,3,1,3,0
20931,1,16,136,2018,11,5,7,0,0,1,0,0,0,0,1,2,6,3,1,3,0
20932,4,10,428,2018,11,5,6,0,1,0,0,0,0,1,2,5,2,3,1,3,0
20933,1,14,132,2018,11,2,21,0,0,1,0,0,0,0,1,8,1,3,0,3,0
20934,6,14,615,2018,11,5,20,0,0,1,0,0,0,1,2,8,7,3,0,3,0
20935,3,9,321,2018,11,1,15,0,1,1,0,0,0,0,2,5,3,3,0,3,0
20936,6,6,607,2018,11,5,11,0,0,1,0,0,0,0,1,5,3,3,0,3,0
20937,7,1,701,2018,11,2,11,0,0,1,0,0,0,1,2,2,6,3,0,3,0
20938,1,1,101,2018,11,6,18,0,0,1,0,0,0,0,1,4,2,3,0,3,0
20939,6,5,606,2018,11,5,9,0,0,1,1,0,0,0,2,6,4,3,1,2,1
20940,4,5,409,2018,11,5,17,0,1,1,0,0,0,0,2,4,2,3,0,3,0
20941,3,8,320,2018,11,7,19,0,0,1,0,0,0,0,1,2,6,3,0,3,0
20942,1,8,122,2018,11,5,17,0,1,1,0,0,0,0,2,5,2,3,0,3,0
20943,3,3,314,2018,11,4,14,0,1,1,0,0,0,0,2,4,2,3,0,3,0
20944,1,8,122,2018,11,5,13,0,0,1,0,0,0,0,1,2,6,3,0,2,1
20945,6,2,603,2018,11,4,15,0,0,1,0,0,0,0,1,2,6,3,1,3,0
20946,5,6,514,2018,11,5,20,0,1,1,0,0,0,0,2,5,3,3,0,3,0
20947,1,16,136,2018,11,6,9,0,0,1,0,0,0,0,1,2,6,3,0,3,0
20948,5,3,510,2018,11,5,18,0,1,1,0,0,0,0,2,4,2,3,0,3,0
20949,5,3,510,2018,11,5,5,0,0,1,0,0,0,0,1,2,6,3,1,3,0
20950,2,8,220,2018,11,5,14,0,0,1,0,0,0,1,2,3,7,3,1,3,0
20951,5,7,515,2018,11,5,17,0,1,1,0,0,0,0,2,1,5,3,0,3,0
20952,1,4,111,2018,11,7,15,0,0,1,0,0,0,0,1,1,2,3,0,3,0
20953,5,17,525,2018,11,5,10,0,1,1,0,0,0,0,2,5,3,3,0,3,0
20954,1,14,133,2018,11,2,10,0,1,1,0,0,0,0,2,5,3,3,0,3,0
20955,5,18,526,2018,11,5,6,0,1,1,0,0,0,0,2,5,3,3,1,3,0
20956,5,11,519,2018,11,5,14,0,1,1,0,0,0,0,2,5,3,3,0,3,0
20957,2,11,223,2018,11,5,11,0,1,1,0,0,0,0,2,4,2,3,0,3,0
20958,1,12,130,2018,11,6,19,0,0,1,0,0,0,0,1,2,6,3,1,3,0
20959,4,13,432,2018,11,5,22,0,0,1,0,1,0,0,2,3,6,3,0,3,0
20960,3,2,312,2018,11,6,20,0,0,1,0,0,0,0,1,5,3,3,0,3,0
20961,1,16,137,2018,11,3,21,0,0,1,0,0,0,0,1,9,1,3,0,2,1
20962,5,1,504,2018,11,5,16,0,1,1,1,0,0,0,3,6,4,3,0,3,0
20963,5,7,515,2018,11,4,7,0,0,1,1,0,0,0,2,6,4,3,0,3,0
20964,2,12,225,2018,11,5,14,0,0,1,1,0,0,0,2,6,7,3,0,3,0
20965,2,5,216,2018,11,5,17,0,0,1,1,0,0,0,2,6,4,3,0,3,0
20966,2,5,216,2018,11,2,18,0,1,1,0,0,0,0,2,5,2,3,0,3,0
20967,4,2,404,2018,11,5,14,0,1,0,0,0,0,1,2,1,5,3,0,3,0
20968,2,7,219,2018,11,5,12,0,0,1,0,0,0,1,2,0,7,3,0,3,0
20969,2,14,227,2018,11,6,15,0,0,1,0,0,0,0,1,2,6,3,0,3,0
20970,4,12,431,2018,11,2,21,0,0,1,0,0,0,0,1,3,5,3,0,3,0
20971,3,5,317,2018,11,5,12,0,0,1,0,0,1,0,2,3,6,3,0,3,0
20972,5,10,518,2018,11,6,7,0,0,1,0,0,0,0,1,2,6,3,0,3,0
20973,3,3,313,2018,11,5,19,0,1,1,0,0,0,0,2,5,3,3,0,3,0
20974,4,10,426,2018,11,3,18,0,0,1,1,0,0,0,2,6,2,3,0,3,0
20975,4,1,401,2018,11,5,13,0,0,1,1,0,0,0,2,6,7,3,0,1,1
20976,3,1,309,2018,11,5,6,0,0,0,1,0,0,1,2,6,2,3,1,3,0
20977,2,8,220,2018,11,4,12,0,0,1,0,0,1,0,2,2,6,3,0,3,0
20978,1,1,101,2018,12,7,17,0,0,1,1,0,0,0,2,6,4,3,0,3,0
20979,1,4,111,2018,11,5,17,0,0,1,0,0,0,0,1,2,6,3,0,3,0
20980,6,14,615,2018,11,1,2,0,0,1,0,0,0,0,1,9,1,3,1,2,1
20981,3,1,310,2018,11,5,15,0,0,1,0,0,0,1,2,1,5,3,0,3,0
20982,1,11,129,2018,11,5,22,0,0,1,0,0,0,0,1,5,3,3,0,3,0
20983,1,5,114,2018,11,5,23,0,0,1,1,0,0,0,2,6,4,3,0,3,0
20984,5,17,525,2018,11,5,18,0,0,1,1,0,0,0,2,6,4,3,1,3,0
20985,6,1,601,2018,11,2,18,0,1,1,0,0,0,0,2,4,2,3,0,3,0
20986,7,13,714,2018,11,4,17,0,1,1,0,0,0,0,2,3,2,3,0,3,0
20987,5,6,514,2018,11,1,20,0,0,1,1,0,0,0,2,6,4,3,1,2,1
20988,7,11,712,2018,11,4,14,0,0,1,0,0,0,0,1,2,6,3,0,3,0
20989,3,3,313,2018,11,3,17,0,0,1,1,0,0,0,2,6,4,3,0,2,1
20990,7,7,708,2018,11,4,17,0,0,1,0,0,0,0,1,5,3,3,0,3,0
20991,3,1,308,2018,11,3,11,0,0,1,0,0,0,0,1,3,6,3,0,3,0
20992,1,8,126,2018,11,4,13,0,0,1,0,0,0,0,1,5,3,3,0,3,0
20993,2,8,220,2018,11,2,16,0,0,1,1,0,0,0,2,0,4,3,0,2,1
20994,1,6,117,2018,11,4,8,0,1,0,1,0,0,0,2,6,4,3,0,3,0
20995,4,4,407,2018,11,3,15,0,1,0,0,0,0,1,2,0,7,3,0,3,0
20996,5,2,505,2018,11,6,13,0,0,1,0,0,0,0,1,3,6,3,0,3,0
20997,5,18,526,2018,11,4,9,0,0,1,0,0,0,0,1,4,2,3,1,3,0
20998,1,5,114,2018,11,1,17,0,1,1,0,0,0,0,2,5,3,3,0,3,0
20999,5,3,511,2018,11,4,16,0,0,1,1,0,0,0,2,6,3,3,0,3,0
21000,3,3,314,2018,11,5,15,0,1,0,0,0,0,0,1,0,7,3,0,3,0
21001,5,18,526,2018,11,4,8,0,0,1,0,0,0,0,1,2,6,3,1,3,0
21002,4,10,429,2018,11,5,7,0,0,1,1,0,0,0,2,6,4,3,1,3,0
21003,5,16,524,2018,11,2,15,0,1,1,0,0,0,0,2,4,2,3,1,2,1
21004,5,2,508,2018,11,4,6,0,0,1,0,1,0,0,2,1,6,3,1,3,0
21005,5,2,505,2018,11,7,14,0,0,1,0,0,0,1,2,5,3,3,0,3,0
21006,5,18,526,2018,11,4,19,0,0,1,1,0,0,0,2,6,4,3,0,3,0
21007,1,12,130,2018,11,2,8,0,0,1,0,0,0,0,1,5,3,3,0,3,0
21008,1,19,140,2018,11,6,11,0,0,1,0,0,1,0,2,5,3,3,0,3,0
21009,5,18,526,2018,11,4,23,0,0,1,0,0,0,0,1,4,6,3,1,3,0
21010,1,8,125,2018,11,6,10,0,0,1,0,0,0,0,1,5,3,3,0,3,0
21011,1,1,101,2018,11,7,18,0,0,1,0,0,0,0,1,2,6,3,0,3,0
21012,5,3,511,2018,11,4,9,0,0,0,1,0,0,1,2,6,4,3,1,2,1
21013,2,8,220,2018,11,6,20,0,0,1,0,0,0,0,1,5,3,3,1,3,0
21014,5,2,506,2018,11,4,14,0,0,0,1,0,1,0,2,0,4,3,0,3,0
21015,5,10,518,2018,11,7,15,0,0,1,0,0,0,0,1,2,6,3,0,3,0
21016,5,10,518,2018,11,4,15,0,0,1,1,0,0,0,2,6,4,3,0,3,0
21017,4,8,421,2018,11,4,9,0,1,1,0,0,0,0,2,5,3,3,0,3,0
21018,5,16,524,2018,11,4,8,0,1,0,0,0,0,1,2,5,3,3,0,3,0
21019,2,4,213,2018,11,5,13,0,1,1,0,0,0,0,2,5,3,3,1,3,0
21020,4,12,431,2018,11,4,11,0,0,1,0,0,0,0,1,3,7,3,0,3,0
21021,1,17,138,2018,11,7,16,0,1,1,0,0,0,0,2,0,7,3,0,3,0
21022,4,12,431,2018,11,4,7,0,1,1,0,0,0,0,2,1,5,3,1,3,0
21023,5,4,512,2018,11,2,17,0,0,1,1,0,0,0,2,6,4,3,0,2,1
21024,4,13,432,2018,11,4,15,0,0,1,0,0,0,0,1,5,3,3,0,3,0
21025,5,2,505,2018,11,6,7,0,0,0,0,0,0,1,1,0,7,3,0,3,0
21026,4,5,408,2018,11,4,15,0,0,1,0,0,0,0,1,5,2,3,0,3,0
21027,1,19,140,2018,11,5,18,0,0,1,0,0,0,0,1,2,6,3,1,3,0
21028,5,6,514,2018,11,3,17,0,0,1,0,0,0,1,2,4,2,3,0,3,0
21029,5,1,502,2018,11,4,11,0,0,1,0,0,0,0,1,5,3,3,0,3,0
21030,5,7,515,2018,12,4,14,0,0,1,0,0,0,0,1,2,6,3,1,3,0
21031,3,9,321,2018,12,7,14,0,0,1,0,0,0,0,1,3,7,3,1,3,0
21032,3,9,321,2018,12,7,3,0,0,1,1,0,0,0,2,0,7,3,1,3,0
21033,5,4,512,2018,12,2,14,0,0,1,0,0,0,0,1,1,6,3,1,3,0
21034,4,6,414,2018,12,1,18,0,0,0,0,1,0,0,1,0,7,3,1,3,0
21035,2,9,221,2018,12,7,13,0,0,1,1,0,0,0,2,6,4,3,1,3,0
21036,4,4,407,2018,12,6,14,0,0,1,0,0,0,0,1,2,6,3,0,3,0
21037,3,3,313,2018,12,6,18,0,0,1,1,0,0,0,2,6,2,3,0,3,0
21038,3,7,319,2018,12,7,16,0,0,1,0,0,0,0,1,5,3,3,1,3,0
21039,2,1,203,2018,12,4,12,0,0,1,0,0,0,0,1,2,6,3,1,3,0
21040,3,1,310,2018,12,4,9,0,1,1,0,0,0,0,2,5,3,3,1,3,0
21041,2,4,214,2018,12,7,0,0,0,1,1,0,0,0,2,6,6,3,1,3,0
21042,5,18,526,2018,12,4,16,0,0,1,0,0,0,0,1,1,7,3,1,3,0
21043,3,2,311,2018,12,7,4,0,0,1,0,0,0,0,1,9,1,3,1,3,0
21044,4,2,405,2018,12,2,15,0,0,1,0,0,0,1,2,3,6,3,1,3,0
21045,5,2,507,2018,12,7,21,0,1,1,0,0,0,0,2,3,2,3,1,3,0
21046,1,4,110,2018,12,7,6,0,0,1,1,0,0,0,2,6,4,3,1,3,0
21047,5,14,522,2018,12,5,16,0,1,1,0,0,0,0,2,5,2,3,0,3,0
21048,5,5,513,2018,12,5,15,0,0,1,0,0,0,0,1,2,6,3,1,3,0
21049,1,5,114,2018,12,1,16,0,0,1,0,0,0,0,1,3,7,3,1,3,0
21050,1,5,114,2018,12,7,18,0,0,1,0,0,0,0,1,2,6,3,1,3,0
21051,1,5,114,2018,12,6,17,0,0,1,0,0,0,1,2,3,6,3,0,3,0
21052,1,8,123,2018,12,2,7,0,1,0,0,0,1,0,2,5,3,3,1,3,0
21053,1,12,130,2018,12,5,10,0,0,1,0,0,0,0,1,2,6,3,1,3,0
21054,5,14,522,2018,12,2,17,0,0,1,0,0,0,0,1,5,3,3,1,3,0
21055,1,19,140,2018,12,6,4,0,0,1,0,0,0,0,1,9,1,3,1,3,0
21056,1,12,130,2018,12,3,10,0,0,1,0,0,0,1,2,5,2,3,0,3,0
21057,1,16,137,2018,12,3,14,0,0,1,1,0,0,0,2,6,4,3,0,2,1
21058,7,10,711,2018,12,6,19,0,0,1,0,0,0,0,1,1,5,3,1,3,0
21059,1,16,137,2018,12,3,13,0,0,1,0,0,0,0,1,3,6,3,0,3,0
21060,7,9,710,2018,12,6,12,0,0,1,1,0,0,0,2,6,4,3,1,3,0
21061,7,9,710,2018,12,6,7,0,0,1,1,0,0,0,2,6,3,3,0,3,0
21062,1,11,128,2018,12,1,19,0,0,1,0,0,0,0,1,5,3,3,1,3,0
21063,2,8,220,2018,12,7,14,0,0,1,0,0,0,0,1,2,6,3,0,3,0
21064,6,1,601,2018,12,6,17,0,1,1,0,0,0,0,2,5,3,3,1,2,1
21065,4,2,404,2018,12,5,23,0,0,1,0,0,0,0,1,2,6,3,0,3,0
21066,3,7,319,2018,12,5,13,0,0,1,0,0,0,1,2,0,3,3,1,3,0
21067,6,1,601,2018,12,6,18,0,0,1,1,0,0,0,2,6,4,3,1,3,0
21068,4,10,428,2018,12,3,6,0,0,1,0,0,0,0,1,4,7,3,0,2,1
21069,6,1,601,2018,12,6,10,0,0,1,0,0,0,1,2,5,2,3,1,3,0
21070,3,9,321,2018,12,3,6,0,1,1,0,0,0,0,2,4,2,3,1,3,0
21071,4,7,416,2018,12,2,16,0,1,1,0,0,0,0,2,5,3,3,0,2,1
21072,1,12,130,2018,12,6,17,0,0,1,0,0,0,1,2,4,7,3,1,2,1
21073,5,5,513,2018,12,3,7,0,0,1,0,0,0,0,1,2,6,3,0,3,0
21074,1,12,130,2018,12,6,13,0,0,1,0,0,0,0,1,1,6,3,1,3,0
21075,4,12,431,2018,12,3,7,0,1,1,0,0,0,0,2,5,3,3,0,3,0
21076,1,12,130,2018,12,6,17,0,0,1,1,0,0,0,2,6,2,3,1,2,1
21077,7,1,702,2018,12,2,13,0,0,1,1,0,0,0,2,6,7,3,0,3,0
21078,1,7,120,2018,12,6,14,0,0,1,0,0,0,1,2,4,7,3,1,3,0
21079,1,8,121,2018,12,6,13,0,0,1,0,0,0,0,1,0,7,3,0,3,0
21080,1,1,101,2018,12,1,15,0,0,1,0,0,0,0,1,4,2,3,1,3,0
21081,1,16,136,2018,12,6,7,0,0,1,0,0,0,0,1,5,2,3,1,3,0
21082,1,8,125,2018,12,6,18,0,1,1,0,0,0,0,2,5,3,3,1,3,0
21083,7,1,701,2018,12,4,17,0,0,1,0,0,0,0,1,1,6,3,0,3,0
21084,4,9,424,2018,12,4,19,0,0,1,0,0,0,0,1,2,7,3,1,3,0
21085,5,4,512,2018,12,6,19,0,0,1,0,0,0,1,2,6,4,3,1,2,1
21086,2,4,213,2018,12,3,11,0,1,1,0,0,0,0,2,4,2,3,0,3,0
21087,5,18,526,2018,12,6,15,0,0,1,0,0,0,0,1,5,3,3,1,3,0
21088,6,1,601,2018,12,2,13,0,1,1,0,0,0,0,2,1,5,3,1,3,0
21089,5,3,510,2018,12,1,18,0,0,1,1,0,0,0,2,6,4,3,1,3,0
21090,5,18,526,2018,12,6,10,0,0,1,0,0,0,0,1,2,6,3,1,3,0
21091,5,18,526,2018,12,6,16,0,0,1,0,0,0,0,1,8,1,3,1,3,0
21092,5,11,519,2018,12,6,7,0,1,1,0,0,0,0,2,5,3,3,1,3,0
21093,4,8,420,2018,12,6,7,0,1,1,0,0,0,0,2,5,2,3,1,3,0
21094,4,10,429,2018,12,6,7,0,0,1,1,0,0,0,2,6,2,3,1,3,0
21095,5,11,519,2018,12,6,8,0,1,1,0,0,0,0,2,3,2,3,1,3,0
21096,1,3,108,2018,12,7,17,0,1,1,0,0,0,0,2,5,3,3,0,3,0
21097,5,10,518,2018,12,6,16,0,0,0,1,0,0,1,2,6,2,3,1,3,0
21098,5,17,525,2018,12,6,15,0,1,1,0,0,0,0,2,5,3,3,1,3,0
21099,5,7,515,2018,12,4,11,0,1,0,0,0,1,0,2,3,2,3,0,2,1
21100,5,17,525,2018,12,4,17,0,0,1,0,0,0,0,1,2,6,3,0,3,0
21101,5,10,518,2018,12,2,14,0,1,1,0,0,0,0,2,5,2,3,1,3,0
21102,5,10,518,2018,12,6,13,0,0,1,1,0,0,0,2,6,4,3,1,3,0
21103,4,12,431,2018,12,6,18,0,0,1,1,0,0,0,2,6,4,3,1,3,0
21104,5,18,526,2018,12,2,15,0,0,1,0,0,0,1,2,5,3,3,1,3,0
21105,3,4,315,2018,12,1,13,0,0,1,0,0,0,0,1,0,7,3,1,3,0
21106,4,4,407,2018,12,6,7,0,0,1,1,0,0,0,2,6,2,3,1,3,0
21107,2,3,209,2018,12,6,11,0,1,1,0,0,0,0,2,3,6,3,0,3,0
21108,1,6,118,2018,12,2,7,0,0,0,1,0,0,1,2,6,7,3,1,3,0
21109,7,14,715,2018,12,5,7,0,1,1,0,0,0,0,2,5,3,3,1,3,0
21110,4,5,413,2018,12,2,17,0,1,0,1,0,0,0,2,2,4,3,1,3,0
21111,4,4,407,2018,12,6,7,0,0,0,1,0,0,1,2,6,2,3,1,2,1
21112,7,13,714,2018,12,3,7,0,1,0,0,0,0,1,2,5,2,3,1,3,0
21113,1,1,102,2018,12,4,17,0,1,1,0,0,0,0,2,3,6,3,0,3,0
21114,4,6,415,2018,12,6,19,0,0,1,0,0,0,1,2,0,5,3,1,3,0
21115,2,5,217,2018,12,4,23,0,0,1,0,0,0,0,1,1,2,3,1,3,0
21116,4,6,414,2018,12,6,20,0,0,1,0,0,0,0,1,5,3,3,1,3,0
21117,2,5,215,2018,12,6,21,0,0,1,0,0,0,0,1,2,6,3,1,3,0
21118,1,11,128,2018,12,2,16,0,0,1,0,0,0,0,1,4,2,3,1,3,0
21119,3,8,320,2018,12,4,9,0,0,0,0,0,1,1,2,2,6,3,0,3,0
21120,2,5,217,2018,12,4,13,0,1,1,0,0,0,0,2,5,3,3,1,2,1
21121,3,6,318,2018,12,6,10,0,0,1,0,0,0,0,1,1,6,3,1,3,0
21122,1,5,114,2018,12,5,21,0,0,1,0,0,0,0,1,5,3,3,1,3,0
21123,3,6,318,2018,12,6,9,0,0,0,0,0,0,1,1,9,1,3,1,3,0
21124,4,10,427,2018,12,2,20,0,0,1,1,0,0,0,2,6,4,3,1,3,0
21125,1,12,130,2018,12,7,16,0,0,1,0,0,0,0,1,2,6,3,1,3,0
21126,4,2,403,2018,12,6,15,0,0,1,1,0,0,0,2,6,4,3,1,3,0
21127,1,11,129,2018,12,5,7,0,0,1,1,0,0,0,2,6,4,3,0,2,1
21128,5,6,514,2018,12,2,9,0,1,1,0,0,0,0,2,5,2,3,1,3,0
21129,5,6,514,2018,12,5,21,0,1,0,0,0,0,1,2,5,3,3,1,3,0
21130,2,4,213,2018,12,6,9,0,1,0,0,0,0,0,1,5,3,3,1,3,0
21131,1,6,116,2018,12,3,18,0,0,1,0,0,0,0,1,5,3,3,0,3,0
21132,2,3,209,2018,12,6,11,0,1,0,0,0,0,1,2,5,3,3,1,3,0
21133,5,6,514,2018,12,3,22,0,1,1,0,0,0,0,2,5,3,3,0,3,0
21134,3,3,314,2018,12,6,19,0,1,1,0,0,0,0,2,1,5,3,1,3,0
21135,5,4,512,2018,12,3,7,0,0,1,0,0,0,0,1,4,6,3,0,2,1
21136,1,5,113,2018,12,6,18,0,0,1,0,0,0,0,1,1,5,3,1,3,0
21137,1,5,113,2018,12,6,20,0,0,1,0,0,0,0,1,5,3,3,1,3,0
21138,5,18,526,2018,12,1,14,0,0,1,0,0,0,0,1,5,3,3,0,3,0
21139,3,7,319,2018,12,7,13,0,0,1,0,0,0,1,2,3,6,3,1,3,0
21140,1,18,139,2018,12,6,2,0,0,1,0,0,0,0,1,8,1,3,1,3,0
21141,1,3,108,2018,12,5,16,0,1,0,0,0,0,1,2,3,6,3,0,2,1
21142,7,10,711,2018,12,5,7,0,0,1,0,0,0,0,1,2,6,3,1,3,0
21143,3,4,316,2018,12,2,18,0,0,1,0,1,0,0,2,2,6,3,1,3,0
21144,4,5,409,2018,12,7,18,0,1,1,0,0,0,0,2,5,3,3,1,3,0
21145,6,3,604,2018,12,5,6,0,0,1,0,0,0,0,1,1,5,3,1,3,0
21146,2,5,215,2018,12,5,17,0,1,0,0,0,0,1,2,3,2,3,0,3,0
21147,5,7,515,2018,12,5,18,0,0,1,0,0,0,0,1,5,3,3,1,3,0
21148,1,12,130,2018,12,5,7,0,0,1,1,0,0,0,2,6,4,3,1,3,0
21149,4,5,413,2018,12,3,0,0,0,1,1,0,0,0,2,0,7,3,1,3,0
21150,1,7,119,2018,12,5,7,0,0,1,0,1,0,0,2,1,6,3,1,3,0
21151,4,4,407,2018,12,3,18,0,1,1,0,0,0,0,2,5,2,3,0,3,0
21152,5,18,526,2018,12,5,13,0,1,1,0,0,0,0,2,5,3,3,1,3,0
21153,1,8,123,2018,12,2,18,0,0,1,0,0,0,0,1,4,2,3,1,2,1
21154,5,6,514,2018,12,5,16,0,0,1,1,0,0,0,2,6,4,3,1,2,1
21155,5,7,515,2018,12,5,16,0,0,1,1,0,0,0,2,6,4,3,1,2,1
21156,5,9,517,2018,12,7,14,0,1,1,0,0,0,0,2,4,2,3,0,2,1
21157,5,18,526,2018,12,6,16,0,1,0,1,0,0,0,2,6,7,3,1,3,0
21158,3,5,317,2018,12,2,17,0,0,1,0,0,0,0,1,2,6,3,1,3,0
21159,6,14,615,2018,12,2,13,0,0,1,0,0,0,0,1,2,6,3,1,3,0
21160,5,10,518,2018,12,5,21,0,0,1,0,0,0,0,1,5,3,3,1,3,0
21161,6,2,602,2018,12,4,14,0,0,0,1,1,0,0,2,6,4,3,0,2,1
21162,5,2,505,2018,12,4,21,0,0,1,1,0,0,0,2,6,4,3,1,3,0
21163,5,11,519,2018,12,5,15,0,0,1,0,0,0,0,1,5,2,3,1,2,1
21164,1,19,140,2018,12,3,12,0,0,1,0,0,0,0,1,5,3,3,1,3,0
21165,3,3,314,2018,12,5,18,0,1,1,0,0,0,0,2,2,6,3,1,3,0
21166,5,16,524,2018,12,5,9,0,0,1,0,0,0,0,1,5,3,3,1,3,0
21167,3,8,320,2018,12,3,12,0,0,1,0,0,0,0,1,0,2,3,0,3,0
21168,4,12,431,2018,12,5,18,0,0,1,1,0,0,0,2,6,4,3,1,3,0
21169,3,7,319,2018,12,3,12,0,1,1,0,0,0,0,2,5,3,3,0,3,0
21170,1,20,141,2018,12,1,0,0,0,1,1,0,0,0,2,6,2,3,1,3,0
21171,4,12,431,2018,12,5,15,0,0,1,0,1,0,0,2,3,2,3,1,3,0
21172,5,12,520,2018,12,5,15,0,0,1,0,0,0,0,1,2,6,3,1,3,0
21173,6,1,601,2018,12,6,23,0,0,1,0,0,0,0,1,8,1,3,0,3,0
21174,4,13,432,2018,12,6,13,0,0,1,0,0,0,0,1,2,6,3,1,3,0
21175,3,2,311,2018,12,2,19,0,0,1,0,0,0,0,1,2,6,3,1,3,0
21176,4,13,432,2018,12,6,19,0,0,1,0,0,0,1,2,1,5,3,1,3,0
21177,3,9,321,2018,12,5,16,0,1,1,0,0,0,0,2,4,2,3,1,3,0
21178,4,5,409,2018,12,4,15,0,1,0,0,0,0,0,1,0,7,3,0,3,0
21179,4,5,410,2018,12,4,17,0,1,1,0,0,0,0,2,5,3,3,1,3,0