SN,District,Imperial_Circle,Community,Year,Month,Weekday,Hour,Road,Cycle,Car,Pedestrians,Motorcycle,Goods Vehicle,Others,Total,Collision Type,Accident Type,Light Condition,Road Condition,Accident_Severity,Tend_to_Death
21180,4,5,408,2018,12,2,5,0,0,1,0,0,0,0,1,2,6,3,1,3,0
21181,3,9,321,2018,12,5,9,0,0,1,1,0,0,0,2,6,2,3,1,3,0
21182,4,3,406,2018,12,5,5,0,0,1,0,0,0,0,1,2,6,3,1,3,0
21183,3,4,315,2018,12,5,19,0,1,0,1,0,0,0,2,0,4,3,1,3,0
21184,5,11,519,2018,12,2,16,0,0,1,0,0,0,0,1,5,3,3,0,3,0
21185,1,4,112,2018,12,1,11,0,0,1,0,0,0,0,1,2,6,3,1,3,0
21186,3,3,314,2018,12,2,17,0,1,1,0,0,0,0,2,3,2,3,1,3,0
21187,1,1,102,2018,12,5,5,0,0,1,1,0,0,0,2,6,4,3,1,3,0
21188,2,4,214,2018,12,6,15,0,1,1,0,0,0,0,2,1,5,3,0,3,0
21189,1,3,106,2018,12,5,19,0,0,0,0,1,0,0,1,0,1,3,1,3,0
21190,1,11,128,2018,12,2,19,0,0,1,0,0,0,0,1,5,3,3,1,3,0
21191,5,11,519,2018,12,1,19,0,0,1,1,0,0,0,2,6,4,3,1,3,0
21192,7,13,714,2018,12,4,7,0,1,1,0,0,0,0,2,0,3,3,2,3,0
21193,4,13,432,2018,12,6,15,0,1,1,0,0,0,0,2,0,3,3,0,3,0
21194,1,3,108,2018,12,2,2,0,0,0,0,1,0,1,2,3,6,3,1,3,0
21195,2,7,219,2018,12,6,23,0,0,1,0,0,0,0,1,5,2,3,1,3,0
21196,1,16,136,2018,12,4,14,0,0,1,0,0,1,0,2,5,2,3,0,3,0
21197,3,1,307,2018,12,4,17,0,1,0,0,0,0,0,1,5,3,3,0,3,0
21198,3,1,309,2018,12,4,0,0,1,1,0,0,0,0,2,1,5,3,1,3,0
21199,1,12,130,2018,12,4,8,0,0,1,0,0,0,0,1,2,6,3,1,3,0
21200,7,1,701,2018,12,4,14,0,0,1,0,0,0,0,1,5,3,3,1,3,0
21201,1,8,124,2018,12,4,7,0,1,1,1,0,0,0,3,5,3,3,2,2,1
21202,3,5,317,2018,12,2,13,0,0,1,0,0,0,0,1,2,6,3,0,3,0
21203,5,18,526,2018,12,7,16,0,0,1,1,0,0,0,2,6,2,3,1,3,0
21204,1,5,113,2018,12,2,18,0,0,1,0,0,0,0,1,2,6,3,1,3,0
21205,5,5,513,2018,12,4,7,0,1,1,0,0,0,0,2,5,3,3,1,3,0
21206,5,2,508,2018,12,5,11,0,0,1,0,0,0,0,1,2,6,3,0,3,0
21207,1,8,123,2018,12,1,2,0,0,1,0,0,0,0,1,9,1,3,1,3,0
21208,5,18,526,2018,12,5,18,0,0,1,1,0,0,0,2,6,2,3,1,3,0
21209,5,10,518,2018,12,4,10,0,0,1,0,0,0,0,1,5,3,3,0,3,0
21210,5,3,510,2018,12,3,14,0,0,1,1,0,0,0,2,6,4,3,0,3,0
21211,4,8,423,2018,12,4,9,0,0,1,0,0,0,0,1,4,2,3,0,3,0
21212,5,7,515,2018,12,3,11,0,1,1,0,0,0,0,2,5,2,3,0,2,1
21213,6,1,601,2018,12,5,20,0,0,1,1,0,0,0,2,6,2,3,1,3,0
21214,4,7,417,2018,12,4,7,0,1,1,0,0,0,0,2,5,3,3,0,2,1
21215,7,1,701,2018,12,3,20,0,0,1,1,0,0,0,2,6,4,3,0,2,1
21216,1,16,137,2018,12,3,8,0,0,1,0,0,0,0,1,2,7,3,0,3,0
21217,2,11,223,2018,12,4,0,0,0,1,0,0,0,0,1,9,1,3,1,2,1
21218,1,20,141,2018,12,3,13,0,0,1,1,0,0,0,2,0,4,3,0,3,0
21219,2,7,219,2018,12,4,13,0,0,0,1,0,0,1,2,6,4,3,0,3,0
21220,2,6,218,2018,12,4,8,0,0,1,0,0,0,0,1,2,6,3,1,3,0
21221,1,3,108,2018,12,2,15,0,0,1,1,0,0,0,2,6,7,3,0,3,0
21222,3,8,320,2018,12,7,12,0,0,1,0,0,0,0,1,5,3,3,1,3,0
21223,5,5,513,2018,12,1,14,0,0,1,0,0,0,0,1,2,6,3,1,3,0
21224,3,6,318,2018,12,4,9,0,1,0,0,0,0,0,1,0,1,3,2,3,0
21225,3,7,319,2018,12,5,13,0,0,1,0,0,0,0,1,2,6,3,0,3,0
21226,5,1,503,2018,12,5,14,0,0,1,0,0,0,0,1,5,3,3,1,3,0
21227,3,7,319,2018,12,4,9,0,1,1,0,0,0,0,2,5,3,3,2,2,1
21228,4,8,419,2018,12,3,16,0,1,1,0,0,0,0,2,3,2,3,0,2,1
21229,3,3,313,2018,12,4,16,0,1,1,0,0,0,0,2,3,2,3,1,3,0
21230,4,8,420,2018,12,3,9,0,1,1,0,0,0,0,2,5,3,3,1,3,0
21231,3,2,312,2018,12,4,10,0,1,1,0,0,0,0,2,3,6,3,0,2,1
21232,5,12,520,2018,12,2,20,0,0,1,1,0,0,0,2,6,2,3,0,3,0
21233,2,2,207,2018,12,4,9,0,1,1,0,0,0,0,2,3,6,3,1,3,0
21234,1,1,101,2018,12,4,7,0,0,0,0,0,1,1,2,1,5,3,1,3,0
21235,2,1,203,2018,12,7,15,0,1,0,0,0,0,1,2,5,3,3,0,3,0
21236,5,7,515,2018,12,6,16,0,0,1,0,0,0,0,1,2,6,3,1,3,0
21237,1,18,139,2018,12,4,7,0,1,1,0,0,0,0,2,3,2,3,1,3,0
21238,5,7,515,2018,12,3,13,0,0,1,0,0,0,0,1,2,6,3,0,3,0
21239,7,2,703,2018,12,3,7,0,0,1,0,0,0,1,2,2,6,3,1,3,0
21240,6,3,604,2018,12,3,10,0,0,1,0,0,0,0,1,8,1,3,1,3,0
21241,1,4,112,2018,12,1,2,0,0,1,0,0,0,0,1,2,6,3,0,3,0
21242,3,2,312,2018,12,7,16,0,0,1,1,0,0,0,2,1,4,3,1,2,1
21243,5,18,526,2018,12,1,11,0,0,1,0,0,0,0,1,4,6,3,1,3,0
21244,6,1,601,2018,12,3,18,0,0,1,1,0,0,0,2,6,4,3,1,3,0
21245,1,5,114,2018,12,5,10,0,0,1,0,0,0,0,1,3,6,3,0,3,0
21246,5,18,526,2018,12,4,13,0,1,1,0,0,0,0,2,4,2,3,1,3,0
21247,1,12,130,2018,12,3,17,0,0,1,1,0,0,0,2,6,2,3,1,3,0
21248,4,2,403,2018,12,3,6,0,1,0,0,0,0,1,2,5,3,3,0,3,0
21249,1,12,130,2018,12,3,19,0,1,0,0,0,0,1,2,3,6,3,0,3,0
21250,7,4,705,2018,12,2,12,0,0,1,0,0,0,1,2,5,3,3,0,3,0
21251,6,2,602,2018,12,1,16,0,1,0,0,0,0,0,1,0,7,3,1,3,0
21252,1,7,120,2018,12,3,17,0,1,1,0,0,0,0,2,3,2,3,0,2,1
21253,1,8,122,2018,12,3,14,0,1,1,0,0,0,0,2,5,2,3,0,3,0
21254,1,14,132,2018,12,6,19,0,0,1,0,0,0,1,2,3,6,3,0,3,0
21255,5,6,514,2018,12,1,12,0,0,1,0,0,0,0,1,5,3,3,1,3,0
21256,4,8,420,2018,12,6,18,0,0,1,0,0,0,0,1,2,6,3,1,3,0
21257,5,6,514,2018,12,3,16,0,1,1,0,0,0,0,2,0,6,3,1,3,0
21258,2,7,219,2018,12,4,20,0,1,0,0,0,0,1,2,0,7,3,0,3,0
21259,4,6,415,2018,12,4,11,0,0,1,0,0,0,0,1,5,3,3,1,3,0
21260,4,5,409,2018,12,1,9,0,0,1,0,0,0,0,1,8,1,3,1,3,0
21261,5,2,508,2018,12,3,7,0,1,0,0,0,0,1,2,0,2,3,1,3,0
21262,5,2,507,2018,12,4,8,0,0,1,1,0,0,0,2,6,7,3,0,3,0
21263,5,17,525,2018,12,4,15,0,0,1,0,0,0,0,1,2,6,3,1,3,0
21264,5,6,514,2018,12,3,17,0,0,1,1,0,0,0,2,6,2,3,1,3,0
21265,5,2,509,2018,12,3,10,0,0,1,1,0,0,0,2,6,2,3,0,3,0
21266,5,5,513,2018,12,2,14,0,0,1,0,0,0,0,1,2,6,3,1,3,0
21267,2,9,221,2018,12,1,4,0,0,1,0,0,0,0,1,9,1,3,1,2,1
21268,1,3,106,2018,12,1,22,0,0,1,1,0,0,0,2,6,4,3,1,2,1
21269,5,10,518,2018,12,3,13,0,1,1,0,0,0,0,2,3,2,3,0,3,0
21270,4,10,426,2018,12,6,13,0,1,1,0,0,0,0,2,4,2,3,0,3,0
21271,1,1,101,2018,12,1,10,0,0,1,0,0,0,0,1,2,6,3,1,3,0
21272,3,3,314,2018,12,6,12,0,0,1,0,0,0,0,1,2,6,3,1,3,0
21273,4,12,431,2018,12,3,15,0,1,0,0,0,0,0,1,0,1,3,1,3,0
21274,1,8,123,2018,12,2,15,0,0,1,1,0,0,0,2,6,4,3,1,3,0
21275,1,4,110,2018,12,4,16,0,0,1,1,0,0,0,2,6,4,3,0,3,0
21276,1,4,112,2018,12,4,20,0,0,1,0,0,0,0,1,2,6,3,0,3,0
21277,5,1,501,2018,12,3,16,0,0,1,1,0,0,0,2,6,4,3,1,3,0
21278,5,11,519,2018,12,4,17,0,0,1,0,0,0,0,1,2,6,3,1,3,0
21279,5,1,503,2018,12,3,7,0,0,1,1,0,0,0,2,6,4,3,1,3,0
21280,3,1,308,2018,12,2,17,0,1,0,1,0,0,0,2,0,4,3,1,3,0
21281,5,7,515,2018,12,7,16,0,0,1,1,0,0,0,2,6,2,3,1,3,0
21282,1,16,136,2018,12,7,12,0,1,1,0,0,0,0,2,5,3,3,1,2,1
21283,4,10,426,2018,12,3,16,0,1,1,0,0,0,0,2,4,2,3,1,3,0
21284,2,1,201,2018,12,5,17,0,0,1,1,0,0,0,2,5,3,3,1,2,1
21285,4,8,421,2018,12,3,16,0,0,1,0,0,0,0,1,2,6,3,1,3,0
21286,4,5,410,2018,12,2,18,0,1,1,0,0,0,0,2,5,2,3,1,3,0
21287,1,5,114,2018,12,1,18,0,0,1,1,0,0,0,2,6,2,3,1,2,1
21288,1,13,131,2018,12,7,17,0,0,1,0,0,0,0,1,3,6,3,1,3,0
21289,4,8,422,2018,12,3,17,0,1,0,0,0,0,1,2,3,2,3,0,3,0
21290,7,13,714,2018,12,5,19,0,0,1,1,0,0,0,2,6,4,3,0,3,0
21291,1,12,130,2018,12,7,17,0,0,1,0,0,0,0,1,5,7,3,1,3,0
21292,1,6,117,2018,12,5,20,0,0,1,0,0,0,0,1,2,6,3,1,3,0
21293,3,9,321,2018,12,3,7,0,0,0,1,0,0,1,2,6,4,3,0,3,0
21294,1,12,130,2018,12,3,4,0,0,1,1,0,0,0,2,6,7,3,1,3,0
21295,3,7,319,2018,12,3,16,0,0,1,0,1,0,0,2,5,3,3,0,2,1
21296,6,2,602,2018,12,3,14,0,0,1,1,0,0,0,2,6,7,3,0,3,0
21297,3,5,317,2018,12,3,11,0,0,1,0,0,0,0,1,5,3,3,1,3,0
21298,1,16,137,2018,12,2,16,0,0,1,1,0,0,0,2,6,4,3,1,2,1
21299,1,12,130,2018,12,3,17,0,0,1,0,0,0,0,1,2,6,3,0,3,0
21300,4,1,401,2018,12,3,8,0,0,1,0,1,0,1,3,3,7,3,1,2,1
21301,2,4,211,2018,12,3,6,0,0,1,1,0,0,0,2,6,4,3,0,3,0
21302,1,6,117,2018,12,1,15,0,1,1,0,0,0,0,2,5,3,3,0,3,0
21303,3,6,318,2018,12,7,15,0,0,1,1,0,0,0,2,6,2,3,1,3,0
21304,1,12,130,2018,12,7,18,0,0,1,0,0,0,0,1,4,2,3,1,2,1
21305,1,1,101,2018,12,3,10,0,1,1,0,0,0,0,2,4,2,3,0,3,0
21306,3,2,312,2018,12,5,10,0,1,1,0,0,0,0,2,5,3,3,0,2,1
21307,5,18,526,2018,12,7,17,0,0,1,0,0,0,0,1,5,3,3,1,3,0
21308,2,1,204,2018,12,5,13,0,0,1,1,0,0,0,2,6,6,3,1,3,0
21309,1,20,141,2018,12,2,16,0,0,1,0,1,0,0,2,1,5,3,1,3,0
21310,3,8,320,2018,12,3,18,0,0,1,0,0,0,1,2,0,6,3,0,3,0
21311,7,1,702,2018,12,2,16,0,0,1,0,0,0,0,1,5,3,3,1,3,0
21312,4,13,432,2018,12,5,14,0,0,1,0,0,0,0,1,4,6,3,0,3,0
21313,5,18,526,2018,12,7,19,0,0,1,0,0,0,0,1,5,3,3,1,3,0
21314,5,2,505,2018,12,5,14,0,0,1,0,0,0,0,1,2,6,3,1,3,0
21315,7,10,711,2018,12,2,5,0,1,1,0,0,0,0,2,1,5,3,1,3,0
21316,4,5,413,2018,12,3,18,0,1,1,0,0,0,0,2,1,5,3,0,3,0
21317,7,4,705,2018,12,2,9,0,1,0,0,0,0,0,1,0,7,3,1,3,0
21318,4,13,432,2018,12,3,13,0,0,0,1,0,0,1,2,6,4,3,1,3,0
21319,1,16,136,2018,12,2,6,0,0,1,0,0,1,0,2,2,6,3,1,3,0
21320,6,14,615,2018,12,2,22,0,0,1,0,0,1,0,2,1,5,3,1,3,0
21321,1,12,130,2018,12,2,20,0,0,1,1,0,0,0,2,6,2,3,0,3,0
21322,1,7,120,2018,12,2,9,0,0,1,0,0,0,0,1,2,2,3,1,3,0
21323,5,5,513,2018,12,7,11,0,0,1,0,0,0,0,1,4,6,3,0,2,1
21324,1,8,122,2018,12,6,18,0,0,1,1,0,0,0,2,6,4,3,1,3,0
21325,5,18,526,2018,12,7,15,0,0,1,0,0,0,0,1,2,6,3,1,3,0
21326,5,4,512,2018,12,2,16,0,0,1,0,0,0,1,2,4,2,3,1,3,0
21327,7,4,705,2018,12,4,6,0,0,1,0,0,0,1,2,0,7,3,0,3,0
21328,5,2,509,2018,12,4,18,0,0,1,1,0,0,0,2,6,2,3,1,3,0
21329,5,6,514,2018,12,2,8,0,0,1,0,0,0,0,1,5,2,3,1,3,0
21330,2,1,201,2018,12,3,11,0,1,0,1,0,0,0,2,6,4,3,0,3,0
21331,5,18,526,2018,12,2,13,0,0,1,0,0,0,1,2,2,2,3,1,3,0
21332,6,2,603,2018,12,2,15,0,1,1,0,0,0,0,2,0,7,3,0,3,0
21333,5,7,515,2018,12,1,18,0,0,1,0,0,0,0,1,2,2,3,1,3,0
21334,5,18,526,2018,12,2,8,0,0,1,1,0,0,0,2,6,4,3,1,3,0
21335,5,2,506,2018,12,2,12,0,1,1,0,0,0,0,2,5,3,3,1,3,0
21336,3,6,318,2018,12,3,14,0,0,1,0,0,0,0,1,1,5,3,1,2,1
21337,3,9,321,2018,12,2,10,0,0,1,0,0,0,0,1,5,3,3,0,3,0
21338,5,7,515,2018,12,2,7,0,0,0,1,0,0,1,2,6,4,3,1,3,0
21339,5,7,515,2018,12,2,7,0,0,1,1,0,0,0,2,6,4,3,1,2,1
21340,1,16,137,2018,12,6,16,0,0,0,1,0,1,0,2,6,4,3,0,3,0
21341,5,11,519,2018,12,6,16,0,0,1,1,0,0,0,2,6,7,3,0,3,0
21342,4,5,409,2018,12,7,13,0,0,1,0,0,0,0,1,5,2,3,1,3,0
21343,5,17,525,2018,12,2,7,0,1,1,0,0,0,0,2,5,2,3,1,2,1
21344,4,11,430,2018,12,4,11,0,0,0,0,1,0,0,1,0,1,3,1,3,0
21345,4,13,432,2018,12,4,12,0,1,1,0,0,0,0,2,0,7,3,1,3,0
21346,3,8,320,2018,12,2,15,0,0,1,0,0,0,0,1,5,3,3,1,3,0
21347,5,9,517,2018,12,2,16,0,0,1,0,0,0,0,1,5,3,3,1,2,1
21348,4,13,432,2018,12,2,7,0,0,1,0,0,0,0,1,3,6,3,1,3,0
21349,5,3,510,2018,12,2,11,0,0,1,0,0,1,0,2,3,6,3,1,3,0
21350,1,4,111,2018,12,1,21,0,0,1,0,0,0,0,1,2,6,3,0,3,0
21351,4,5,413,2018,12,7,15,0,0,1,0,0,0,0,1,5,3,3,1,3,0
21352,4,4,407,2018,12,2,10,0,0,1,1,0,0,0,2,6,4,3,1,3,0
21353,2,1,202,2018,12,6,17,0,0,1,0,0,0,0,1,2,6,3,0,3,0
21354,4,8,421,2018,12,7,1,0,0,1,0,0,0,0,1,9,1,3,1,3,0
21355,6,2,602,2018,12,5,12,0,0,1,1,0,0,0,2,6,4,3,0,3,0
21356,4,12,431,2018,12,2,6,0,0,1,0,0,1,0,2,1,5,3,1,2,1
21357,7,1,701,2018,12,3,17,0,0,1,1,0,0,0,2,6,4,3,1,3,0
21358,3,6,318,2018,12,2,8,0,0,1,1,0,0,0,2,6,4,3,0,3,0
21359,5,10,518,2018,12,6,13,0,0,1,0,0,0,0,1,3,6,3,0,3,0
21360,3,8,320,2018,12,6,17,0,0,0,1,1,0,0,2,6,4,3,1,3,0
21361,3,5,317,2018,12,2,15,0,1,0,0,0,1,0,2,3,2,3,1,3,0
21362,2,7,219,2018,12,4,8,0,0,1,0,0,0,0,1,1,6,3,1,3,0
21363,4,2,403,2018,12,4,17,0,0,1,0,0,0,0,1,2,6,3,1,3,0
21364,3,5,317,2018,12,2,11,0,1,0,0,0,0,0,1,0,7,3,1,3,0
21365,7,15,716,2018,12,4,15,0,0,1,0,0,0,0,1,4,6,3,1,3,0
21366,2,1,204,2018,12,2,12,0,1,0,0,0,0,0,1,3,2,3,1,3,0
21367,4,10,427,2018,12,2,14,0,0,1,0,0,0,0,1,2,6,3,1,3,0
21368,1,6,116,2018,12,7,0,0,0,1,0,0,0,0,1,5,3,3,1,3,0
21369,1,1,101,2018,12,2,23,0,0,1,0,0,0,0,1,2,2,3,1,3,0
21370,1,8,123,2018,12,5,19,0,0,1,1,0,0,0,2,6,2,3,0,3,0
21371,5,5,513,2018,12,5,17,0,0,1,1,0,0,0,2,6,4,3,1,2,1
21372,1,3,108,2018,12,2,19,0,0,1,1,0,0,0,2,6,4,3,0,2,1
21373,4,9,424,2018,12,3,13,0,0,1,0,0,0,0,1,5,3,3,0,3,0
21374,6,1,601,2018,12,1,16,0,0,1,0,0,0,1,2,5,2,3,1,3,0
21375,4,10,429,2018,12,3,16,0,0,1,1,0,0,0,2,6,4,3,0,2,1
21376,1,8,122,2018,12,1,20,0,0,1,0,0,0,0,1,2,6,3,1,3,0
21377,5,2,509,2018,12,3,21,0,0,1,0,0,0,0,1,1,5,3,0,3,0
21378,5,18,526,2018,12,1,13,0,0,1,0,0,0,0,1,3,7,3,1,3,0
21379,5,6,514,2018,12,1,10,0,0,1,0,0,0,1,2,5,3,3,1,3,0
21380,3,9,321,2018,12,1,23,0,0,1,0,0,0,0,1,9,1,3,2,3,0
21381,1,5,113,2018,12,4,10,0,0,1,0,1,1,0,3,2,6,3,1,3,0
21382,5,18,526,2018,12,1,20,0,0,1,0,0,0,0,1,5,3,3,1,3,0
21383,2,8,220,2018,12,4,5,0,0,1,0,0,0,0,1,5,2,3,1,3,0
21384,5,18,526,2018,12,1,19,0,0,1,0,0,0,0,1,5,3,3,1,3,0
21385,5,8,516,2018,12,1,14,0,0,1,0,0,0,0,1,5,3,3,1,3,0
21386,4,1,401,2018,12,2,7,0,1,1,0,0,0,0,2,0,7,3,1,3,0
21387,3,8,320,2018,12,7,20,0,0,1,0,0,0,0,1,4,2,3,1,3,0
21388,3,9,321,2018,12,1,17,0,0,1,0,0,0,0,1,1,6,3,1,3,0
21389,2,8,220,2018,12,5,6,0,1,1,0,0,0,0,2,5,3,3,0,3,0
21390,4,8,420,2018,12,5,16,0,0,1,0,0,0,0,1,2,6,3,1,3,0
21391,3,4,316,2018,12,1,10,0,0,1,0,0,1,0,2,5,7,3,1,3,0
21392,4,10,426,2018,12,3,18,0,1,1,0,0,0,0,2,3,2,3,0,3,0
21393,2,4,214,2018,12,1,8,0,0,1,0,0,0,0,1,5,3,3,1,3,0
21394,4,10,426,2018,12,3,7,0,0,1,0,1,0,0,2,3,6,3,1,3,0
21395,2,4,213,2018,12,1,0,0,0,1,1,0,0,0,2,6,2,3,1,3,0
21396,5,2,508,2018,12,2,13,0,0,1,0,0,0,0,1,3,6,3,0,3,0
21397,2,1,205,2018,12,1,6,0,0,0,0,1,0,0,1,0,1,3,1,3,0
21398,1,4,111,2018,12,1,12,0,0,1,1,0,0,0,2,6,2,3,1,3,0
21399,2,9,221,2018,12,7,13,0,0,1,0,0,0,0,1,8,1,3,0,2,1
21400,5,3,510,2018,12,6,15,0,0,1,0,0,0,0,1,2,6,3,1,3,0
21401,1,11,128,2018,12,2,10,0,0,1,0,0,0,1,2,2,6,3,1,3,0
21402,1,20,141,2018,12,7,17,0,1,1,0,0,0,0,2,5,3,3,0,3,0
21403,6,5,606,2018,12,4,18,0,0,1,0,1,0,0,2,5,3,3,1,3,0
21404,2,4,213,2018,12,7,18,0,0,1,1,0,0,0,2,6,2,3,1,3,0
21405,6,1,601,2018,12,7,0,0,0,1,0,0,1,0,2,1,5,3,1,3,0
21406,1,2,103,2018,12,5,16,0,0,1,1,0,0,0,2,6,4,3,0,3,0
21407,1,8,126,2018,12,4,19,0,0,1,1,0,0,0,2,6,4,3,1,3,0
21408,1,12,130,2018,12,7,20,0,0,1,0,0,0,1,2,6,7,3,0,3,0
21409,2,7,219,2018,12,3,16,0,0,1,0,0,0,1,2,4,2,3,1,3,0
21410,1,12,130,2018,12,7,9,0,1,0,0,0,0,1,2,5,2,3,0,3,0
21411,7,14,715,2018,12,2,9,0,1,1,0,0,0,0,2,0,7,3,1,3,0
21412,7,1,701,2018,12,1,15,0,0,1,0,0,0,0,1,2,6,3,1,3,0
21413,5,18,526,2018,12,7,12,0,1,0,1,0,0,0,2,6,4,3,0,3,0
21414,5,4,512,2018,12,7,21,0,0,1,0,0,0,0,1,2,6,3,1,3,0
21415,1,11,129,2018,12,6,21,0,1,0,1,0,0,0,2,6,6,3,0,3,0
21416,4,8,420,2018,12,6,11,0,0,1,0,0,0,0,1,1,7,3,1,3,0
21417,5,2,507,2018,12,7,19,0,0,0,0,0,0,1,1,3,6,3,0,3,0
21418,2,7,219,2018,12,4,18,0,1,0,0,0,0,1,2,0,7,3,0,3,0
21419,4,7,416,2018,12,4,20,0,0,1,0,0,0,0,1,2,6,3,1,3,0
21420,2,9,221,2018,12,2,16,0,1,1,0,0,0,0,2,1,5,3,1,3,0
21421,3,8,320,2018,12,7,12,0,0,1,0,0,0,0,1,5,3,3,0,3,0
21422,2,4,212,2018,12,5,18,0,0,1,0,0,0,1,2,5,3,3,0,2,1
21423,5,9,517,2018,12,2,6,0,0,1,1,0,0,0,2,6,4,3,1,2,1
21424,1,6,115,2018,12,6,21,0,0,1,0,0,0,0,1,8,1,3,1,3,0
21425,7,7,708,2018,12,5,18,0,0,1,1,0,0,0,2,6,2,3,1,3,0
21426,6,2,603,2018,12,5,7,0,1,1,0,0,0,0,2,5,3,3,1,2,1
21427,1,11,128,2018,12,5,12,0,0,1,0,0,0,1,2,1,7,3,1,3,0
21428,7,13,714,2018,12,2,8,0,1,1,0,0,0,0,2,5,3,3,0,3,0
21429,7,9,710,2018,12,2,10,0,1,1,0,0,0,0,2,5,3,3,0,3,0
21430,6,2,603,2018,12,2,12,0,1,1,0,0,0,0,2,5,3,3,1,3,0
21431,4,13,432,2018,12,2,3,0,0,1,0,0,0,1,2,1,1,3,1,3,0
21432,2,9,221,2018,12,2,14,0,1,1,0,0,0,0,2,5,3,3,1,3,0
21433,3,5,317,2018,12,2,2,0,0,1,0,1,0,0,2,1,5,3,0,3,0
21434,2,1,203,2018,12,2,14,0,0,1,0,0,0,0,1,1,5,3,0,3,0
21435,2,1,201,2018,12,2,23,0,0,1,0,0,0,0,1,5,3,3,1,3,0
21436,1,5,114,2018,12,2,14,0,0,1,0,0,0,0,1,1,5,3,0,3,0
21437,6,2,602,2018,12,1,11,0,1,1,0,0,0,0,2,5,3,3,0,2,1
21438,6,7,608,2018,12,1,3,0,0,1,0,0,0,0,1,9,7,3,1,3,0
21439,1,8,123,2018,12,5,17,0,0,1,0,0,0,0,1,2,6,3,1,3,0
21440,6,2,602,2018,12,1,23,0,1,0,0,0,0,0,1,0,7,3,0,3,0
21441,1,4,112,2018,12,1,2,0,0,1,1,0,0,0,2,6,4,3,1,3,0
21442,6,1,601,2018,12,7,18,0,0,1,0,0,0,0,1,5,3,3,1,3,0
21443,1,12,130,2018,12,7,17,0,0,1,1,0,0,0,2,6,2,3,1,3,0
21444,5,6,514,2018,12,7,20,0,0,1,1,0,0,0,2,6,2,3,0,3,0
21445,5,5,513,2018,12,7,17,0,0,1,0,0,0,0,1,2,6,3,1,3,0
21446,5,7,515,2018,12,7,14,0,0,1,0,0,0,1,2,1,6,3,1,3,0
21447,5,8,516,2018,12,7,16,0,0,1,1,0,0,0,2,2,6,3,1,3,0
21448,5,17,525,2018,12,7,15,0,0,1,1,0,0,0,2,6,4,3,1,2,1
21449,4,5,408,2018,12,7,11,0,0,1,0,0,1,0,2,2,6,3,1,3,0
21450,4,5,408,2018,12,7,14,0,0,1,0,0,0,0,1,9,1,3,1,3,0
21451,3,9,321,2018,12,7,23,0,0,1,0,0,0,0,1,5,2,3,1,3,0
21452,2,3,209,2018,12,7,15,0,0,1,0,0,0,0,1,2,6,3,1,3,0
21453,2,2,207,2018,12,7,13,0,1,1,0,0,0,0,2,2,7,3,1,3,0
21454,1,5,114,2018,12,7,18,0,0,1,1,0,0,0,2,6,7,3,1,3,0
21455,1,8,122,2018,12,6,17,0,0,1,1,0,0,0,2,6,2,3,1,3,0
21456,1,8,123,2018,12,6,7,0,0,1,0,0,0,0,1,4,2,3,1,3,0
21457,5,18,526,2018,12,6,10,0,1,1,0,0,0,0,2,5,3,3,0,3,0
21458,5,5,513,2018,12,6,17,0,0,1,0,1,0,0,2,4,2,3,1,3,0
21459,4,11,430,2018,12,6,12,0,0,1,0,0,0,0,1,2,6,3,0,3,0
21460,5,1,504,2018,12,6,18,0,0,1,0,0,0,0,1,5,3,3,1,3,0
21461,4,8,419,2018,12,6,11,0,1,1,0,0,0,0,2,5,3,3,0,3,0
21462,3,9,321,2018,12,6,13,0,0,1,0,0,0,0,1,3,7,3,0,3,0
21463,2,8,220,2018,12,6,20,0,0,1,0,0,0,0,1,5,3,3,1,3,0
21464,3,1,306,2018,12,6,15,0,0,1,0,0,0,0,1,2,6,3,0,3,0
21465,2,4,214,2018,12,6,17,0,0,1,1,0,0,0,2,6,2,3,1,2,1
21466,3,2,312,2018,12,6,17,0,0,1,1,0,0,0,2,6,7,3,1,3,0
21467,3,1,310,2018,12,6,8,0,1,1,0,0,0,0,2,3,2,3,1,3,0
21468,2,1,201,2018,12,6,14,0,0,1,0,0,0,0,1,2,7,3,1,3,0
21469,1,3,105,2018,12,6,10,0,1,1,0,0,0,0,2,1,5,3,1,3,0
21470,5,9,517,2018,12,5,22,0,0,1,0,0,0,0,1,1,5,3,1,3,0